{"type":"FeatureCollection","metadata":{"source":"JMA GIS","sourceUrl":"https://www.data.jma.go.jp/developer/gis.html","sourceVersion":"20240520","acquiredAt":"2026-08-24","coordinateSystem":"JGD2011 (原始 ZIP 无 .prj，发布前需确认 EPSG)","officialBoundary":true,"sourceArchive":"20240520_AreaForecastLocalE_GIS.zip","topologyPrecision":7,"lineMerge":true,"simplificationToleranceDegrees":0.003,"minRingAreaDegreesSquared":0.0002,"adjacencyMeaning":"areaCode1/areaCode2 是无方向相邻区域集合；空 areaCode2 表示外边界"},"features":[{"type":"Feature","properties":{"areaCode1":"100","areaCode2":""},"geometry":{"type":"LineString","coordinates":[[141.2894111,43.2085241],[141.2918317,43.1850501]]}},{"type":"Feature","properties":{"areaCode1":"100","areaCode2":""},"geometry":{"type":"LineString","coordinates":[[141.2894111,43.2085241],[141.2954158,43.2124292],[141.2955289,43.2063377],[141.3023209,43.2084158],[141.3079022,43.2125983],[141.2988061,43.2145567],[141.304815,43.2185701],[141.3005004,43.2199354],[141.3096217,43.2148087],[141.3007352,43.2212735],[141.3154077,43.2205981],[141.3302637,43.2313359],[141.3677867,43.2675337],[141.3721226,43.2736794],[141.3681833,43.2775956],[141.3720361,43.2739065],[141.4171397,43.3198122],[141.4243539,43.3300267],[141.4210331,43.3415123],[141.4284222,43.3595842],[141.42479,43.3711603],[141.4318589,43.3899069],[141.4302658,43.4002345],[141.4275851,43.3982019],[141.4274889,43.4214789],[141.392159,43.4768745],[141.3744306,43.4914881],[141.3719244,43.5019044],[141.3577214,43.5179789],[141.3606822,43.5388261],[141.3760972,43.5576817],[141.385632,43.5913217],[141.3827991,43.604518],[141.3799401,43.602403],[141.3808464,43.6068089],[141.3647508,43.6183044],[141.3510775,43.6432847],[141.3494347,43.6675491],[141.3382178,43.6851783],[141.3388708,43.6936044],[141.3285444,43.7148944],[141.3287525,43.7249972],[141.33743,43.7374944]]}},{"type":"Feature","properties":{"areaCode1":"100","areaCode2":"101"},"geometry":{"type":"LineString","coordinates":[[141.2474958,43.1589113],[141.2827575,43.1336208],[141.3153711,43.1474664],[141.3327053,43.1486539],[141.3533747,43.1637122],[141.3509553,43.1670534],[141.3580459,43.1758385],[141.3877316,43.1733787],[141.4050651,43.1895141],[141.4093533,43.1850414],[141.3989222,43.1764197],[141.3994642,43.1714881],[141.4321383,43.1702081],[141.4367997,43.1614925],[141.4478686,43.1669947],[141.4499811,43.1626439],[141.5762817,43.1727147],[141.5786822,43.1576367],[141.6230397,43.1611761]]}},{"type":"Feature","properties":{"areaCode1":"100","areaCode2":"115"},"geometry":{"type":"LineString","coordinates":[[141.2474958,43.1589113],[141.2918317,43.1850501]]}},{"type":"Feature","properties":{"areaCode1":"100","areaCode2":"121"},"geometry":{"type":"LineString","coordinates":[[141.4906253,43.6844411],[141.5075836,43.6768664],[141.5266492,43.6474731],[141.5538344,43.6335294],[141.5610183,43.6204947],[141.5828778,43.6103492],[141.5881997,43.5950219],[141.5981028,43.5893444],[141.59488,43.5838164],[141.6180633,43.5780106],[141.61597,43.5710006],[141.6276608,43.5547714],[141.6235164,43.5419289],[141.6471358,43.5225881],[141.6514386,43.5138389],[141.6627033,43.5144906],[141.6725389,43.4985208],[141.6841414,43.5005731],[141.7167742,43.4866119],[141.7277644,43.4713847],[141.7222608,43.4596458]]}},{"type":"Feature","properties":{"areaCode1":"100","areaCode2":"122"},"geometry":{"type":"LineString","coordinates":[[141.5811342,43.3527108],[141.6045114,43.3310939],[141.6011997,43.3167622],[141.6085953,43.3081753],[141.6112208,43.2898333],[141.6267517,43.2896183],[141.6200433,43.2835481],[141.6543464,43.2861258],[141.6575864,43.2749006],[141.6461192,43.2696158],[141.6648042,43.2567122],[141.6589897,43.2461108],[141.6729842,43.2284833],[141.6540486,43.2208481],[141.6596892,43.2129586],[141.6466594,43.2071567],[141.6488633,43.1894764],[141.6335831,43.1901994],[141.6104478,43.1686011],[141.6230397,43.1611761]]}},{"type":"Feature","properties":{"areaCode1":"100","areaCode2":"122"},"geometry":{"type":"LineString","coordinates":[[141.5811342,43.3527108],[141.5956181,43.3603058],[141.5977606,43.3848908],[141.6143308,43.3880372],[141.6414253,43.4062339],[141.6432789,43.4127019],[141.6520517,43.4142203],[141.6516022,43.4211739],[141.6634647,43.4341625],[141.6761667,43.4358558],[141.7013922,43.4566664],[141.7127828,43.4538025],[141.7222608,43.4596458]]}},{"type":"Feature","properties":{"areaCode1":"100","areaCode2":"131"},"geometry":{"type":"LineString","coordinates":[[141.33743,43.7374944],[141.3713636,43.7276122],[141.3929569,43.7375656],[141.4052747,43.7377064],[141.4138761,43.7265514],[141.4116733,43.7189961],[141.4173361,43.7111969],[141.43225,43.7105131],[141.4388317,43.7038297],[141.4533847,43.7008444],[141.4662089,43.7019883],[141.4799992,43.6879744],[141.4906253,43.6844411]]}},{"type":"Feature","properties":{"areaCode1":"101","areaCode2":"102"},"geometry":{"type":"LineString","coordinates":[[141.1990842,42.7843503],[141.2312233,42.7916422],[141.219285,42.8079661],[141.2310261,42.8134894],[141.2420936,42.8387472],[141.2564486,42.8482986],[141.2537994,42.865005],[141.2864942,42.8736406],[141.2928989,42.8832881],[141.3036269,42.8868769],[141.3114572,42.8856506],[141.3205875,42.8726364],[141.33298,42.8699653],[141.3577122,42.8763428],[141.3701553,42.8913247],[141.4203883,42.8900692],[141.4135556,42.8956564],[141.4210747,42.914085],[141.4597881,42.9433172],[141.4668658,42.9738192],[141.4803997,42.9902469],[141.4775667,42.9984078],[141.4823442,43.0108803],[141.4891664,43.013625],[141.4863586,43.0229158],[141.5241078,43.0160692],[141.5686711,43.0248039]]}},{"type":"Feature","properties":{"areaCode1":"101","areaCode2":"115"},"geometry":{"type":"LineString","coordinates":[[140.9905028,43.0229769],[140.9999989,43.0127483],[140.9991389,43.0007322],[140.9928692,42.9945686],[140.9981736,42.9861486]]}},{"type":"Feature","properties":{"areaCode1":"101","areaCode2":"115"},"geometry":{"type":"LineString","coordinates":[[140.9905028,43.0229769],[141.0109708,43.0333914],[141.0204931,43.0329289],[141.0448953,43.0514364],[141.0469933,43.0644806],[141.0584525,43.0685603],[141.0653206,43.0837411],[141.0593758,43.0893336],[141.0698331,43.0922767],[141.0628589,43.1093956],[141.07157,43.1087819],[141.0752614,43.1182058],[141.09109,43.1204803],[141.1025047,43.1153544],[141.1084625,43.1193356],[141.1117667,43.1139917],[141.1340297,43.1059019],[141.1349181,43.0938297],[141.1584742,43.0886967],[141.172985,43.0997531],[141.1848236,43.1182808],[141.2024981,43.1246689],[141.1897208,43.1331922],[141.1876133,43.1402628],[141.2233081,43.1602067],[141.2380189,43.1518581],[141.2474958,43.1589113]]}},{"type":"Feature","properties":{"areaCode1":"101","areaCode2":"116"},"geometry":{"type":"LineString","coordinates":[[140.9981736,42.9861486],[141.0122342,42.965965],[141.0527483,42.9525886],[141.0337586,42.9178186],[141.0268125,42.9131647],[141.0340347,42.9060608],[141.03951,42.8853694],[141.0784836,42.8856681],[141.0862197,42.8793],[141.0989969,42.8837192],[141.1034294,42.8806414],[141.1071172,42.8725125],[141.1010289,42.8687258],[141.0975131,42.8553842],[141.1036472,42.8474231],[141.0942186,42.8424803],[141.1006342,42.8277481],[141.0931508,42.8230444]]}},{"type":"Feature","properties":{"areaCode1":"101","areaCode2":"122"},"geometry":{"type":"LineString","coordinates":[[141.5643169,43.0355267],[141.5686711,43.0248039]]}},{"type":"Feature","properties":{"areaCode1":"101","areaCode2":"122"},"geometry":{"type":"LineString","coordinates":[[141.5643169,43.0355267],[141.5736386,43.0422083],[141.5739039,43.0493847],[141.5900008,43.0563167],[141.5908072,43.0754814],[141.5832869,43.0769964],[141.6688042,43.120675],[141.6494811,43.1411111],[141.6380753,43.1456911],[141.6388094,43.1545522],[141.6230397,43.1611761]]}},{"type":"Feature","properties":{"areaCode1":"101","areaCode2":"145"},"geometry":{"type":"LineString","coordinates":[[141.0931508,42.8230444],[141.1330744,42.8038875],[141.1405722,42.7889472],[141.1609203,42.7807294],[141.1729531,42.785185],[141.1990842,42.7843503]]}},{"type":"Feature","properties":{"areaCode1":"102","areaCode2":"122"},"geometry":{"type":"LineString","coordinates":[[141.5678744,43.0225489],[141.5686711,43.0248039]]}},{"type":"Feature","properties":{"areaCode1":"102","areaCode2":"122"},"geometry":{"type":"LineString","coordinates":[[141.5678744,43.0225489],[141.5808214,43.0165603],[141.5801344,43.0054986],[141.5948836,42.9920994],[141.5957917,42.9846589],[141.6088631,42.9878044],[141.6245453,42.9813381],[141.6206633,42.9747472],[141.6322094,42.970415],[141.6371675,42.9503133],[141.6523772,42.94219],[141.6501494,42.9279783],[141.6604986,42.9139631],[141.6520672,42.9067425],[141.6547311,42.9011522],[141.6510286,42.8930125],[141.6557917,42.8871253],[141.6641142,42.8850058],[141.6695408,42.888995],[141.6819242,42.9109125],[141.6887464,42.9083061],[141.6909994,42.8986769],[141.7049831,42.8975633],[141.7097889,42.9149756],[141.7406667,42.9232797],[141.7470144,42.9350314],[141.7555914,42.9377394],[141.7557522,42.953175],[141.7910358,42.9290069],[141.8285608,42.92742],[141.8524042,42.9330372],[141.8699814,42.9220467]]}},{"type":"Feature","properties":{"areaCode1":"102","areaCode2":"145"},"geometry":{"type":"LineString","coordinates":[[141.1723031,42.7438764],[141.1744636,42.7536908],[141.1915031,42.7687319],[141.1990842,42.7843503]]}},{"type":"Feature","properties":{"areaCode1":"102","areaCode2":"145"},"geometry":{"type":"LineString","coordinates":[[141.1723031,42.7438764],[141.1763144,42.7251236],[141.1885539,42.7109119],[141.1914658,42.6857897]]}},{"type":"Feature","properties":{"areaCode1":"102","areaCode2":"146"},"geometry":{"type":"LineString","coordinates":[[141.1914658,42.6857897],[141.2144844,42.701685],[141.2434831,42.6977797],[141.2510367,42.7105533],[141.2589322,42.7138372],[141.2702472,42.7037839],[141.2843428,42.7052683],[141.3114075,42.6842369],[141.3701289,42.6841256],[141.3744983,42.6935567],[141.3868475,42.69212],[141.4016981,42.7149153],[141.4133933,42.7230606],[141.4123378,42.7537256],[141.4068736,42.7647658],[141.4392044,42.7599917],[141.4512708,42.7633458],[141.4605125,42.7553758],[141.5023478,42.7476078],[141.5315303,42.7467078],[141.5428942,42.7507764],[141.5661572,42.7425753],[141.5755469,42.7455964],[141.6046633,42.7722739],[141.6488958,42.7765586],[141.7066297,42.7703739],[141.7568511,42.7919653],[141.75432,42.7984178],[141.7623033,42.8069225],[141.7728386,42.8088444],[141.7760978,42.8232233],[141.7644161,42.8326589],[141.7897325,42.8404167],[141.7850167,42.8491603],[141.7951669,42.8566233],[141.7915256,42.8587269],[141.7946239,42.864565],[141.7907942,42.8759697],[141.8062331,42.8925983],[141.8592986,42.9133575],[141.8699814,42.9220467]]}},{"type":"Feature","properties":{"areaCode1":"105","areaCode2":""},"geometry":{"type":"LineString","coordinates":[[139.9205689,42.1333333],[139.9215844,42.1354425]]}},{"type":"Feature","properties":{"areaCode1":"105","areaCode2":""},"geometry":{"type":"LineString","coordinates":[[139.9205689,42.1333333],[139.9708878,42.1303869],[139.9848151,42.1250538],[139.9759672,42.1282181],[139.9877653,42.1289158],[140.0194092,42.1170883],[140.0571419,42.0828042],[140.0705522,42.0600608]]}},{"type":"Feature","properties":{"areaCode1":"105","areaCode2":""},"geometry":{"type":"LineString","coordinates":[[140.2749807,42.2869134],[140.2841727,42.2567455],[140.2890141,42.2558469],[140.28808,42.2518667],[140.2902681,42.2568111],[140.2897904,42.2507508],[140.2968592,42.2430074],[140.3377,42.2274377],[140.3437887,42.2272226],[140.3421843,42.2305236],[140.3481958,42.2248248],[140.3839906,42.2235584],[140.3944797,42.2171122],[140.3941373,42.221377],[140.4094886,42.2017061],[140.4310364,42.19346],[140.429636,42.1899064],[140.4343282,42.193343],[140.4419053,42.1806933],[140.4569858,42.1767311]]}},{"type":"Feature","properties":{"areaCode1":"105","areaCode2":""},"geometry":{"type":"LineString","coordinates":[[140.2749807,42.2869134],[140.2766655,42.3066437],[140.2817911,42.3093061],[140.2766638,42.3067135],[140.280747,42.3089176],[140.2763088,42.3100709],[140.2779783,42.3243509],[140.289615,42.3630197],[140.2989773,42.3736935],[140.2935031,42.3708089],[140.2972322,42.3727897],[140.295002,42.3780091],[140.3287618,42.4424791],[140.3595002,42.4873708],[140.3688206,42.4917506],[140.3639924,42.4906698],[140.3743667,42.5062001],[140.3946325,42.5271483],[140.4021306,42.5282396],[140.39545,42.5271276],[140.4178214,42.5489071],[140.4667828,42.5851508],[140.4758658,42.5890522],[140.4928511,42.5837361],[140.5098572,42.5837456],[140.51708,42.589405],[140.5371131,42.5874103]]}},{"type":"Feature","properties":{"areaCode1":"105","areaCode2":"106"},"geometry":{"type":"LineString","coordinates":[[140.3933742,42.1233461],[140.4125444,42.1155094],[140.4290769,42.0855922],[140.4234867,42.0729872],[140.4373558,42.0508678],[140.4293322,42.0231767]]}},{"type":"Feature","properties":{"areaCode1":"105","areaCode2":"106"},"geometry":{"type":"LineString","coordinates":[[140.3933742,42.1233461],[140.4055158,42.143985],[140.4130486,42.1466647],[140.4219639,42.1596089],[140.4510828,42.1694878],[140.4569858,42.1767311]]}},{"type":"Feature","properties":{"areaCode1":"105","areaCode2":"110"},"geometry":{"type":"LineString","coordinates":[[139.9215844,42.1354425],[139.9294508,42.1398139],[139.9277364,42.1532808],[139.9393131,42.1689464],[139.9339756,42.1835742],[139.9515836,42.1915928],[139.9645019,42.2049286],[139.9923511,42.19771],[140.0036633,42.2030869],[140.0028011,42.2116925],[140.0097036,42.2187519],[140.0381511,42.2230414],[140.0384083,42.2296683],[140.0264314,42.2480797],[140.0301069,42.2568364],[140.0195247,42.25799],[140.0207528,42.2661475],[140.0145867,42.2723883],[140.0225219,42.2733633],[140.0268825,42.2823667],[140.0580586,42.2793347],[140.0675706,42.2909961],[140.0729197,42.2904256],[140.0745953,42.2958292],[140.0856072,42.3007414],[140.0833722,42.3117403],[140.0988269,42.3147153],[140.0899925,42.3240017],[140.0917431,42.3308969],[140.0854417,42.3345756],[140.0976692,42.3420117],[140.1245033,42.3429722],[140.1330336,42.3577431],[140.1471692,42.3563972],[140.1596958,42.3721894],[140.1816031,42.375145],[140.2164278,42.3925606],[140.2305681,42.3948714],[140.2295986,42.3999792],[140.2372361,42.4039561],[140.23915,42.4079517],[140.2311683,42.4094267],[140.225345,42.4194528],[140.2309119,42.4307281],[140.2125269,42.4484636],[140.2158819,42.4644903],[140.2089086,42.4707972],[140.2312275,42.4926917],[140.2395339,42.5152008],[140.2554831,42.5289825],[140.2661322,42.5485744],[140.2479683,42.5558281],[140.2491928,42.5657281],[140.2453056,42.56886],[140.232045,42.5658311],[140.2280592,42.5731564],[140.2122036,42.5719644],[140.1929131,42.5826153],[140.1886008,42.6031736]]}},{"type":"Feature","properties":{"areaCode1":"105","areaCode2":"110"},"geometry":{"type":"LineString","coordinates":[[140.0705522,42.0600608],[140.1037533,42.0729622],[140.1362817,42.0691053],[140.1494483,42.0740622],[140.1546481,42.0642197],[140.1751317,42.0697931],[140.1910117,42.0671636],[140.1986228,42.0872839],[140.2127567,42.088055],[140.2215578,42.09419],[140.2286739,42.0850847],[140.2207022,42.0780889],[140.2459131,42.0654175],[140.2493003,42.0595736],[140.2622161,42.0581939],[140.2800039,42.0481867],[140.3117781,42.0529267],[140.3212394,42.0417914],[140.3391025,42.0447428],[140.3492583,42.0353953],[140.3598389,42.0380342],[140.3594389,42.0434331],[140.3754603,42.0443614],[140.3913586,42.0283011],[140.4293322,42.0231767]]}},{"type":"Feature","properties":{"areaCode1":"105","areaCode2":"117"},"geometry":{"type":"LineString","coordinates":[[140.1886008,42.6031736],[140.20702,42.6103819],[140.2368053,42.5976758],[140.2482672,42.6041356],[140.2777689,42.60397],[140.2913431,42.6233286],[140.3052375,42.6240436],[140.312915,42.6319653],[140.3151431,42.6266622],[140.3582844,42.6151758],[140.3854628,42.5907886],[140.3936806,42.5930675],[140.4075878,42.5876061],[140.425785,42.5990956],[140.42542,42.6066331],[140.4314047,42.6064172],[140.4302,42.6105114],[140.4527172,42.6051567],[140.4641528,42.6073853],[140.4892967,42.5904586],[140.5311319,42.5933672],[140.5448325,42.6030447]]}},{"type":"Feature","properties":{"areaCode1":"105","areaCode2":"145"},"geometry":{"type":"LineString","coordinates":[[140.5370578,42.5894358],[140.5450131,42.5953572],[140.5448325,42.6030447]]}},{"type":"Feature","properties":{"areaCode1":"105","areaCode2":"145"},"geometry":{"type":"LineString","coordinates":[[140.5370578,42.5894358],[140.5371131,42.5874103]]}},{"type":"Feature","properties":{"areaCode1":"106","areaCode2":""},"geometry":{"type":"LineString","coordinates":[[140.4569858,42.1767311],[140.4632094,42.1658867],[140.4983135,42.1471857],[140.5153336,42.12873],[140.5461632,42.1158003],[140.5448396,42.1188329],[140.5500227,42.1131537],[140.5849898,42.1082386],[140.6448415,42.1272831],[140.6423239,42.1240747],[140.6574975,42.1288016],[140.688827,42.1292581],[140.6813524,42.1261806],[140.6885102,42.1259577],[140.7061592,42.1379515],[140.75916,42.1169017],[140.7740544,42.0851672],[140.7901686,42.076155],[140.8026178,42.0767439],[140.8036759,42.0564576],[140.808248,42.0530795],[140.8084718,42.0574607],[140.8214471,42.0341799],[140.8283641,42.029737],[140.8274124,42.0345442],[140.8530867,42.0135689],[140.8793606,42.0052192],[140.9076214,41.9842846],[140.9073359,41.9874403],[140.9096156,41.9750683],[140.9320358,41.9539747],[140.9360906,41.9386294],[140.9429676,41.9339538],[140.9508044,41.9365575],[140.9525539,41.9247578],[140.9611864,41.9152422],[141.0109076,41.8934886],[141.0541033,41.8922278],[141.1109261,41.8739014],[141.1181489,41.8650961],[141.1494008,41.8537911],[141.1434636,41.8477958],[141.1470086,41.8309486],[141.1640917,41.8217907],[141.1778801,41.8208396],[141.1874406,41.8090065],[141.1865711,41.8021982],[141.1650551,41.7936633],[141.1559823,41.7846373],[141.1370369,41.7837485],[141.1290393,41.7891038],[141.1103264,41.7854178],[141.0915261,41.7671106],[141.0933944,41.7624661],[141.0798889,41.7572928],[141.078742,41.7435506],[141.0526322,41.7346069],[141.0528494,41.7260089],[141.0360315,41.7277242],[141.0300283,41.7182067],[141.0168878,41.7225075],[141.0065122,41.715375],[140.9928403,41.7173728],[140.9669378,41.7100386],[140.9526626,41.7132464],[140.9571946,41.7115783],[140.9441108,41.7284009],[140.9239156,41.7397034],[140.8849791,41.7519688],[140.8710704,41.7521001],[140.8746522,41.7525587],[140.8614902,41.7587796],[140.8357385,41.758954],[140.7862817,41.7737874],[140.7374194,41.7682264],[140.71879,41.7531813],[140.7220351,41.744762],[140.7026544,41.7402337],[140.692417,41.7565529],[140.6972161,41.7741069],[140.6994885,41.7710458],[140.7023987,41.7758037],[140.7017172,41.7853054],[140.7109572,41.7804311],[140.705988,41.7739958],[140.7119439,41.7742104],[140.7104162,41.7706207],[140.7163188,41.7668649],[140.724403,41.7735983],[140.7220085,41.7799244],[140.7273248,41.7810748],[140.7220137,41.7833731],[140.7269428,41.7847503],[140.7266064,41.7908521],[140.7236561,41.7952215],[140.7171073,41.7939414],[140.7182996,41.8004155],[140.7143953,41.7976958],[140.7113857,41.8018047],[140.7158283,41.8066865],[140.7020984,41.8105163],[140.6991068,41.8169996],[140.6598588,41.8218675],[140.6348456,41.8144657],[140.6226843,41.8051149],[140.6179937,41.795081],[140.6206386,41.7874604],[140.6120163,41.7684651],[140.603961,41.7617181],[140.6082913,41.7565206],[140.6027151,41.7525538],[140.6012192,41.7419394],[140.5891133,41.7413163],[140.5777677,41.7313782],[140.5557035,41.7228366]]}},{"type":"Feature","properties":{"areaCode1":"106","areaCode2":"107"},"geometry":{"type":"LineString","coordinates":[[140.4305208,41.8079572],[140.4438953,41.7879181],[140.4646267,41.7891067],[140.4958589,41.7725472],[140.5069372,41.7714089],[140.5362642,41.7484442],[140.5479194,41.7472],[140.5504247,41.743695],[140.54592,41.7351908],[140.5557035,41.7228366]]}},{"type":"Feature","properties":{"areaCode1":"106","areaCode2":"110"},"geometry":{"type":"LineString","coordinates":[[140.4274453,41.8308519],[140.4395875,41.8349878],[140.4463064,41.8431964],[140.4603236,41.8445742],[140.4610211,41.8509928],[140.4471936,41.8570567],[140.4471047,41.8613792],[140.4608356,41.8637694],[140.4735564,41.9008231],[140.4531017,41.9167453],[140.4497603,41.9229533],[140.4532679,41.9323083],[140.443005,41.9362694],[140.4604086,41.9518514],[140.4706578,41.9532786],[140.46413,41.9819628],[140.4708786,41.9937636],[140.4536103,42.0121633],[140.4293322,42.0231767]]}},{"type":"Feature","properties":{"areaCode1":"106","areaCode2":"110"},"geometry":{"type":"LineString","coordinates":[[140.4274453,41.8308519],[140.4345878,41.8150511],[140.4305208,41.8079572]]}},{"type":"Feature","properties":{"areaCode1":"107","areaCode2":""},"geometry":{"type":"LineString","coordinates":[[139.3343499,41.5167599],[139.3404824,41.4951082],[139.3720656,41.5013304],[139.3841667,41.5089909],[139.3728055,41.5237167],[139.3406101,41.5252076],[139.3343499,41.5167599]]}},{"type":"Feature","properties":{"areaCode1":"107","areaCode2":""},"geometry":{"type":"LineString","coordinates":[[139.9820606,41.5984706],[139.9874114,41.5467984],[139.9878344,41.5506397],[139.9906958,41.5426877],[139.998645,41.5385536],[140.0003878,41.5246094],[140.0168472,41.4993578],[140.0132083,41.4917969],[140.0252467,41.480365],[140.0272892,41.462425],[140.0404444,41.4499622],[140.0387272,41.4440408],[140.0476092,41.4460444],[140.0885609,41.4178253],[140.0946093,41.4209778],[140.0861219,41.4215017],[140.0924806,41.4247978],[140.1199961,41.4302539],[140.145845,41.4281422],[140.1836723,41.4018174],[140.1992339,41.3978972],[140.2160675,41.4100842],[140.2230323,41.4296698],[140.2412853,41.4451721],[140.2365936,41.4456856],[140.2400243,41.4452636],[140.2382789,41.4497692],[140.2439706,41.4531906],[140.245787,41.4617745],[140.2559564,41.4657633],[140.2603602,41.4735534],[140.2615471,41.4780489],[140.2567243,41.4734954],[140.2586312,41.4809037],[140.3095639,41.4934356],[140.3368132,41.5070628],[140.3491325,41.5058439],[140.3622581,41.5153764],[140.3983597,41.5194947],[140.4088017,41.5167764],[140.4203949,41.5320574],[140.4295181,41.5350356],[140.4396856,41.5534528],[140.4310477,41.562587],[140.4287222,41.6029136],[140.4345528,41.6589069],[140.4418059,41.6810609],[140.4617314,41.6973156],[140.5270042,41.7005406],[140.5404633,41.7148289],[140.5557035,41.7228366]]}},{"type":"Feature","properties":{"areaCode1":"107","areaCode2":""},"geometry":{"type":"LineString","coordinates":[[139.9820606,41.5984706],[139.9935269,41.6302136]]}},{"type":"Feature","properties":{"areaCode1":"107","areaCode2":"110"},"geometry":{"type":"LineString","coordinates":[[139.9935269,41.6302136],[140.0326894,41.6288522],[140.0473086,41.6111656],[140.0592006,41.6063211],[140.0627044,41.5927386],[140.068195,41.5899317],[140.0995608,41.5923747],[140.1163128,41.5757958],[140.1302464,41.5832178],[140.150345,41.5843192],[140.1670317,41.5783622],[140.1941994,41.5999978],[140.194365,41.6196828],[140.2009161,41.6268486],[140.2140114,41.6242614],[140.2259031,41.6339628],[140.2351939,41.633265],[140.2459425,41.6392231],[140.2585383,41.6531831],[140.2817169,41.6598494],[140.2819167,41.6707847],[140.3028947,41.6885686],[140.2987422,41.6931994],[140.3044017,41.7164342],[140.3199506,41.7144033],[140.3247344,41.7201442],[140.3422017,41.7237328],[140.3506592,41.7411458],[140.3413292,41.7510167],[140.3517569,41.7620322],[140.3492253,41.7753067],[140.3530581,41.7855164],[140.3722503,41.7944456],[140.3789564,41.7992439],[140.3782264,41.8055686],[140.3887469,41.8089358],[140.3986711,41.8053247],[140.4098972,41.8136947],[140.4305208,41.8079572]]}},{"type":"Feature","properties":{"areaCode1":"110","areaCode2":""},"geometry":{"type":"LineString","coordinates":[[139.7660417,42.3110611],[139.7670958,42.3025475],[139.7749847,42.2970133],[139.785735,42.2751704],[139.7744397,42.2592053],[139.7954558,42.2306369],[139.8121469,42.2290581],[139.8145419,42.2206742],[139.8261031,42.2241475],[139.8533586,42.2164256],[139.8633444,42.2190969],[139.8774931,42.2106947],[139.8819769,42.2047167],[139.8819236,42.1914011],[139.8957877,42.1831012],[139.9001278,42.1661981],[139.9048581,42.1656892],[139.9215844,42.1354425]]}},{"type":"Feature","properties":{"areaCode1":"110","areaCode2":""},"geometry":{"type":"LineString","coordinates":[[139.7660417,42.3110611],[139.7749209,42.3253143],[139.7717667,42.3294514],[139.7805978,42.3524061],[139.8013467,42.3607533],[139.8030147,42.3669367],[139.8147189,42.3745092],[139.81765,42.3894947],[139.8241772,42.3887717],[139.8336781,42.4010131],[139.8468064,42.436185],[139.8433934,42.4514895],[139.8468296,42.4489963],[139.8471611,42.454915],[139.8417623,42.4514175],[139.84251,42.4556056],[139.8529044,42.4646136],[139.8451292,42.4811575],[139.8490803,42.4930217],[139.8427578,42.4989561],[139.8466422,42.5285167],[139.8378711,42.5408653],[139.8331075,42.5742272],[139.8279517,42.5760261],[139.8271861,42.5880436],[139.8222033,42.5915961],[139.827985,42.5957986],[139.8231653,42.6130553]]}},{"type":"Feature","properties":{"areaCode1":"110","areaCode2":""},"geometry":{"type":"LineString","coordinates":[[139.9920433,41.6361269],[139.9935269,41.6302136]]}},{"type":"Feature","properties":{"areaCode1":"110","areaCode2":""},"geometry":{"type":"LineString","coordinates":[[139.9920433,41.6361269],[139.9987294,41.6416592],[139.9966042,41.6497125],[140.0025769,41.6519042],[140.0085794,41.6920244],[140.0673161,41.760032],[140.0736594,41.7837072],[140.0714374,41.8070886],[140.0951828,41.8100233],[140.1078072,41.8046811],[140.1183,41.8146558],[140.1264464,41.8551187],[140.1199798,41.8652872],[140.1099435,41.8632932],[140.1138528,41.8706594],[140.1209621,41.8718585],[140.1153652,41.8685557],[140.120063,41.8666596],[140.131054,41.8721897],[140.1337654,41.8896291],[140.1387374,41.8933493],[140.1357465,41.9056569],[140.1407537,41.9135656],[140.1400901,41.9246606],[140.1266136,41.9625586],[140.1327553,41.9751056],[140.1271553,41.9799233],[140.1193669,42.003745],[140.1021692,42.0075619],[140.10592,42.0133264],[140.0995022,42.0202697],[140.0994239,42.0285733],[140.0921061,42.0362311],[140.0827439,42.0364703],[140.0862359,42.0424559],[140.0705522,42.0600608]]}},{"type":"Feature","properties":{"areaCode1":"110","areaCode2":"117"},"geometry":{"type":"LineString","coordinates":[[139.8231653,42.6130553],[139.8382211,42.6142831],[139.8561989,42.6088661],[139.8717667,42.60982],[139.8843525,42.6163861],[139.9391003,42.6136889],[139.9429892,42.6075833],[139.9317142,42.5959794],[139.9364536,42.5888586],[139.9607964,42.5891719],[139.9943308,42.5777944],[140.0090456,42.5808131],[140.0216272,42.5720389],[140.0272247,42.5559853],[140.0406522,42.5601197],[140.0518731,42.5536817],[140.0760472,42.5595481],[140.1171961,42.5449869],[140.1272975,42.5526783],[140.1280914,42.5605586],[140.1414331,42.5648378],[140.1434453,42.5793439],[140.1524364,42.5797594],[140.1566117,42.5862753],[140.1578694,42.5930172],[140.1471453,42.6056231],[140.1513728,42.6156536],[140.1724769,42.6176872],[140.1855611,42.6118994],[140.1886008,42.6031736]]}},{"type":"Feature","properties":{"areaCode1":"115","areaCode2":""},"geometry":{"type":"LineString","coordinates":[[140.3363806,43.2819103],[140.3470089,43.2848496],[140.3551728,43.3016886],[140.3550383,43.3147901],[140.3600322,43.315695],[140.3462417,43.3337933],[140.3666989,43.3300628],[140.3793678,43.3332901],[140.3760158,43.3328477],[140.3806886,43.3293039],[140.3939153,43.3331331],[140.3998114,43.3303634],[140.4061164,43.3354222],[140.4295172,43.3295867],[140.4606842,43.3457458],[140.46278,43.3600751],[140.4710707,43.3651861],[140.4610375,43.3681222],[140.4616169,43.3721878],[140.4828022,43.3756922],[140.5039897,43.3699303],[140.5121397,43.3570089],[140.5272586,43.3593278],[140.5270664,43.3526586],[140.5411681,43.3387192],[140.5487544,43.3382525],[140.5626017,43.3239636],[140.5701083,43.3232942],[140.5789325,43.3104519],[140.6076225,43.3007112],[140.6002961,43.3009654],[140.6060876,43.3001902],[140.6068436,43.2956844],[140.6261849,43.2944755],[140.6304119,43.2979703],[140.6345302,43.2858377],[140.6463544,43.2845528],[140.6416314,43.2780933],[140.6443229,43.2719989],[140.6415304,43.2778146],[140.6364184,43.2748959],[140.6386983,43.2703069],[140.6419529,43.2721445],[140.6389668,43.2688043],[140.6427911,43.2644145],[140.6959278,43.2507031],[140.7084981,43.2526011],[140.7116047,43.2474797],[140.7179397,43.2500742],[140.7270725,43.241925],[140.7356547,43.2422069],[140.7384778,43.2337658],[140.7467061,43.2356086],[140.7584724,43.226289],[140.7749083,43.2268707],[140.7824439,43.2124209],[140.7786188,43.2165097],[140.7743839,43.204676],[140.785545,43.198989],[140.7918119,43.2010157],[140.7903774,43.1948316],[140.8496382,43.1987262],[140.8573072,43.2035268],[140.8535893,43.2119248],[140.8605504,43.2099715],[140.8535148,43.2154607],[140.861587,43.2177804],[140.8723153,43.2054543],[140.9135169,43.2108028],[140.9204852,43.2142764],[140.9183958,43.2226619],[140.9257536,43.2276419],[140.9530037,43.2280794],[140.9787413,43.239368],[141.0096102,43.2398601],[141.0170749,43.2383101],[141.0131141,43.2315494],[141.0208712,43.2227894],[141.0136196,43.2178375],[141.014659,43.2098141],[141.0036534,43.2098303],[141.001942,43.2066193],[141.0062932,43.2048488],[141.0008531,43.2033353],[141.0074336,43.2032707],[141.0062272,43.1978146],[141.0116521,43.1996608],[141.0088679,43.1955602],[141.0143996,43.1953548],[141.0137571,43.1900036],[141.0347165,43.1832967],[141.0301918,43.1899143],[141.0385584,43.1795819],[141.0568098,43.1797521],[141.1004747,43.1679319],[141.1609829,43.1439712],[141.243827,43.173803],[141.2649916,43.1856366],[141.261772,43.1923005],[141.2761258,43.2006851],[141.2861619,43.1965387],[141.2918317,43.1850501]]}},{"type":"Feature","properties":{"areaCode1":"115","areaCode2":""},"geometry":{"type":"LineString","coordinates":[[140.3364428,43.2818394],[140.3363806,43.2819103]]}},{"type":"Feature","properties":{"areaCode1":"115","areaCode2":"116"},"geometry":{"type":"LineString","coordinates":[[140.7713828,43.0126744],[140.7966897,43.0109519],[140.8010725,43.0034525],[140.8098492,43.0015592],[140.8220111,43.0077831],[140.8333017,43.0042794],[140.8374156,42.9948778],[140.8515267,42.9928925],[140.85216,42.9820236],[140.8643339,42.972585],[140.9042056,42.9754867],[140.91575,42.9546169],[140.9366042,42.9667414],[140.9465658,42.9782433],[140.9793553,42.9798458],[140.9981736,42.9861486]]}},{"type":"Feature","properties":{"areaCode1":"115","areaCode2":"117"},"geometry":{"type":"LineString","coordinates":[[140.3364428,43.2818394],[140.3599036,43.2717553],[140.3624025,43.2615486],[140.357445,43.2510597],[140.367215,43.2502314],[140.3744119,43.2395969],[140.4048428,43.2317514],[140.4147914,43.2343092],[140.4228761,43.2247631],[140.4335119,43.2276764],[140.4368619,43.2341986],[140.4524633,43.2366519],[140.4659419,43.2476067],[140.4715358,43.2281794],[140.4844747,43.2172119],[140.5318122,43.2119708],[140.5314069,43.20585],[140.5382117,43.2003389],[140.5275206,43.1850644],[140.5332164,43.1643614],[140.5465942,43.1576958],[140.5486608,43.1460936],[140.5563731,43.1384644],[140.5461642,43.1214094],[140.5579239,43.1137356],[140.5712075,43.1159472],[140.5809006,43.1113069],[140.5846394,43.1083764],[140.5809989,43.1017533],[140.6132803,43.0782672],[140.6335381,43.0797833],[140.6433597,43.0737597],[140.6642536,43.0734628],[140.7014542,43.0417283],[140.7003181,43.0346431],[140.7116481,43.0328108],[140.7289706,43.0162317],[140.7356272,43.0188367],[140.7500772,43.0089122],[140.7713828,43.0126744]]}},{"type":"Feature","properties":{"areaCode1":"116","areaCode2":"117"},"geometry":{"type":"LineString","coordinates":[[140.562275,42.7172194],[140.5814939,42.741715],[140.5814844,42.7531906],[140.6011389,42.7802422],[140.6042172,42.7899081],[140.6009106,42.7967222],[140.6132694,42.8053464],[140.6219583,42.8015544],[140.6329669,42.8046089],[140.6284044,42.8240742],[140.62146,42.8332858],[140.6205781,42.8575275],[140.6432494,42.8789903],[140.6372281,42.8861311],[140.6180225,42.8851853],[140.6251461,42.9003544],[140.6403242,42.9109497],[140.6715247,42.9129106],[140.6862256,42.9210514],[140.7081867,42.9204081],[140.7213414,42.9252147],[140.7289989,42.93213],[140.7279183,42.9383461],[140.7365742,42.938845],[140.7360689,42.9609447],[140.7478886,42.97557],[140.7578228,42.9780986],[140.7713828,43.0126744]]}},{"type":"Feature","properties":{"areaCode1":"116","areaCode2":"145"},"geometry":{"type":"LineString","coordinates":[[140.562275,42.7172194],[140.5971442,42.7072308],[140.6134742,42.7116119],[140.6309086,42.7073731],[140.6694194,42.7084181],[140.6917808,42.7173928],[140.7456625,42.7135672],[140.7625072,42.6987467],[140.755165,42.6794147],[140.7570375,42.6691358],[140.7502769,42.6630389],[140.7621258,42.6576869],[140.7779736,42.6608817],[140.7793669,42.6697342],[140.7984903,42.6698128],[140.8116606,42.6780833],[140.8377622,42.6838075],[140.8553478,42.6993844],[140.8906167,42.6876764],[140.9438492,42.6840975],[140.9692853,42.6711833],[140.9894342,42.6835786],[140.9907381,42.6930986],[141.0001039,42.7053436],[141.0103189,42.7094839],[141.0113011,42.7175667],[141.03989,42.7156561],[141.0427286,42.7329992],[141.0768275,42.7455081],[141.0817178,42.7566253],[141.0803631,42.7706892],[141.0895786,42.7848344],[141.0793047,42.8047111],[141.0643739,42.8114897],[141.0649511,42.8226739],[141.0713239,42.8274131],[141.0931508,42.8230444]]}},{"type":"Feature","properties":{"areaCode1":"117","areaCode2":""},"geometry":{"type":"LineString","coordinates":[[139.8231653,42.6130553],[139.8325989,42.6229358],[139.8423478,42.6257217],[139.8413956,42.6312653],[139.8547617,42.6412547],[139.8560483,42.6500958],[139.8675789,42.6648744],[139.8984078,42.6797839],[139.9409431,42.6897836],[139.9838094,42.6879254],[139.9891625,42.6921047],[140.0019285,42.6865542],[140.0181061,42.6911947],[140.0290282,42.6877334],[140.0532492,42.6982127],[140.0652449,42.7068494],[140.0674586,42.7209214],[140.0733389,42.7277367],[140.1056964,42.7361784],[140.1056686,42.7410922],[140.1149581,42.7417789],[140.1135547,42.7458817],[140.1305296,42.7465759],[140.1442664,42.754555],[140.1567339,42.7904406],[140.1759253,42.8086581],[140.1861464,42.8277464],[140.204715,42.8094803],[140.2240733,42.8052064],[140.2299128,42.7967742],[140.2381211,42.7952493],[140.2321339,42.7958058],[140.2379581,42.7927156],[140.2367792,42.7849303],[140.2463028,42.7679689],[140.2770914,42.7686622],[140.3044317,42.7774536],[140.3101353,42.7955031],[140.3031578,42.8122542],[140.3044631,42.8287031],[140.3471849,42.8583006],[140.3583367,42.8774706],[140.364085,42.8780696],[140.3766567,42.8957181],[140.3767744,42.9033214],[140.3909683,42.9171133],[140.3901244,42.9228439],[140.4013881,42.9242981],[140.4171081,42.9425172],[140.5022147,42.980777],[140.5091196,42.9968651],[140.5065502,42.9874005],[140.5101287,42.9867963],[140.5068275,42.9857199],[140.5168318,42.9857277],[140.5107086,42.9863265],[140.5189886,42.9885842],[140.5131465,42.9922409],[140.5195714,42.9912184],[140.5220995,42.996841],[140.5126935,42.9989932],[140.5227634,42.9987172],[140.5279701,43.0040223],[140.5290589,43.0284323],[140.5062422,43.0334128],[140.5112406,43.0335756],[140.5083575,43.0374117],[140.5039039,43.0323569],[140.5084638,43.0426731],[140.4951038,43.0582714],[140.4950317,43.0649531],[140.4850317,43.0764964],[140.4644225,43.0849122],[140.4619178,43.0967561],[140.4571874,43.096401],[140.45903,43.1052144],[140.4494247,43.1081928],[140.4504531,43.1128397],[140.4408878,43.123275],[140.442505,43.1279556],[140.4272831,43.1363383],[140.4296987,43.1422129],[140.4235294,43.1437607],[140.4243657,43.1405413],[140.4033328,43.1574819],[140.3599792,43.1793003],[140.3440764,43.196665],[140.3465378,43.1994067],[140.3384711,43.2112306],[140.324545,43.2209442],[140.3363014,43.2544369],[140.3309553,43.260305],[140.3268539,43.2588558],[140.3396169,43.2643744],[140.3388828,43.2705953],[140.3439169,43.2736928],[140.3364428,43.2818394]]}},{"type":"Feature","properties":{"areaCode1":"117","areaCode2":"145"},"geometry":{"type":"LineString","coordinates":[[140.5330139,42.6153414],[140.5509383,42.6264581],[140.5569992,42.6438192],[140.5670528,42.6489603],[140.5601422,42.6580811],[140.5772764,42.6647375],[140.5765667,42.6784253],[140.5696094,42.683015],[140.5648689,42.696885],[140.562275,42.7172194]]}},{"type":"Feature","properties":{"areaCode1":"117","areaCode2":"145"},"geometry":{"type":"LineString","coordinates":[[140.5330139,42.6153414],[140.5448325,42.6030447]]}},{"type":"Feature","properties":{"areaCode1":"119","areaCode2":""},"geometry":{"type":"LineString","coordinates":[[139.4049875,42.1645992],[139.4112944,42.170023],[139.4068061,42.1799817],[139.4249119,42.1963978],[139.4253361,42.2052269],[139.4354736,42.2159014],[139.4482492,42.2191158],[139.4628997,42.2157983],[139.475296,42.2226091],[139.5366128,42.2326844],[139.5499133,42.2387361],[139.5589946,42.2523598],[139.5605472,42.2268489],[139.551107,42.2185524],[139.5510294,42.2101206],[139.5447786,42.2026233],[139.5310606,42.1952075],[139.5170861,42.1763542],[139.5183445,42.1706755],[139.5206328,42.1769612],[139.5165514,42.1593553],[139.5226236,42.1540161],[139.5049483,42.0978214],[139.4857311,42.0741846],[139.45321,42.0655383],[139.4513006,42.0554061],[139.4570639,42.0604906],[139.4508902,42.0518368],[139.4434936,42.0642106],[139.4207825,42.0717378],[139.4253936,42.1014611],[139.4174783,42.1150742],[139.423,42.1370928],[139.4049875,42.1645992]]}},{"type":"Feature","properties":{"areaCode1":"120","areaCode2":"121"},"geometry":{"type":"LineString","coordinates":[[141.5251081,43.7109642],[141.5482236,43.7051917],[141.5629275,43.7103817],[141.5802856,43.7269617],[141.5924644,43.7266653],[141.6321275,43.7395383],[141.6752986,43.7362639],[141.7007647,43.7464197],[141.7021661,43.7398033],[141.7728408,43.7291075],[141.8205517,43.7095806],[141.8347547,43.7182228],[141.8491597,43.7203139],[141.9059336,43.7198828],[141.9180822,43.6935678],[141.8992408,43.6837908],[141.9144594,43.6761369],[141.9149794,43.6620658],[141.9478586,43.6725331],[141.9737531,43.6677297],[141.9760828,43.6604028],[142.0038756,43.6487944],[142.0085814,43.6392117],[142.0236133,43.6348989],[142.0643831,43.6310614],[142.0902847,43.6480108],[142.1033336,43.6462714],[142.1136806,43.6359586],[142.1320428,43.6412033],[142.1503978,43.6368358],[142.1901944,43.6371003],[142.1938844,43.6419664],[142.2113697,43.632745],[142.2362036,43.6409622],[142.2385006,43.6523314]]}},{"type":"Feature","properties":{"areaCode1":"120","areaCode2":"125"},"geometry":{"type":"LineString","coordinates":[[142.0660622,44.0482717],[142.096105,44.0437986],[142.0967814,44.0335783],[142.0878897,44.0267622],[142.0971122,44.0070544],[142.09556,44.0007342],[142.1020606,43.9974033],[142.1045625,43.9861272],[142.1127464,43.9771606],[142.1053231,43.9653233],[142.1151114,43.9559331],[142.1138981,43.9485586],[142.1198167,43.9467869],[142.1221953,43.9325953],[142.1493803,43.9053575]]}},{"type":"Feature","properties":{"areaCode1":"120","areaCode2":"126"},"geometry":{"type":"LineString","coordinates":[[142.1482517,43.900555],[142.1620061,43.8923578],[142.1591642,43.8751897],[142.1664553,43.8704389],[142.2155978,43.8643786],[142.2199275,43.8540225],[142.2086197,43.8378983],[142.2167142,43.8344483],[142.2143081,43.8292997],[142.2380656,43.8082117],[142.2400828,43.7991753],[142.2278725,43.7957078],[142.2219708,43.7881358],[142.2265839,43.7760319],[142.2110603,43.7689786],[142.1952542,43.7516756],[142.1995378,43.7343222],[142.1753961,43.7307031],[142.1705867,43.7256664],[142.1785303,43.7209344],[142.1774247,43.7143778],[142.1823836,43.7169736],[142.1841153,43.7123992],[142.1779225,43.7112458],[142.1812961,43.7050639],[142.1750653,43.6814439],[142.1951678,43.6539756],[142.1980744,43.6419306],[142.2385006,43.6523314]]}},{"type":"Feature","properties":{"areaCode1":"120","areaCode2":"126"},"geometry":{"type":"LineString","coordinates":[[142.1482517,43.900555],[142.1493803,43.9053575]]}},{"type":"Feature","properties":{"areaCode1":"120","areaCode2":"131"},"geometry":{"type":"LineString","coordinates":[[141.5230297,43.7155933],[141.5505689,43.7136986],[141.6013492,43.7437803],[141.6138536,43.74189],[141.6177683,43.7527078],[141.6324856,43.7599161],[141.6472178,43.7562553],[141.6635844,43.7598869],[141.6935442,43.7463544],[141.7047425,43.7567742],[141.6981039,43.7741433],[141.6997942,43.7812028],[141.6949847,43.7857833],[141.6988686,43.7962103],[141.7424514,43.7899842],[141.7484039,43.7718936],[141.7612006,43.7581411],[141.7696989,43.7564961],[141.7756836,43.7767708],[141.7709028,43.7845311],[141.8044253,43.8013083],[141.8067103,43.8155306],[141.7981892,43.8281664],[141.81088,43.8294128],[141.8140433,43.8346253],[141.8305797,43.8322719],[141.8299108,43.8425686],[141.8452819,43.8446361],[141.8469361,43.8513094],[141.8583728,43.8466469],[141.8583328,43.8591253],[141.8676403,43.8722061],[141.8683483,43.8825392],[141.9002586,43.8975367],[141.8813411,43.9224489],[141.8894733,43.9351192],[141.885095,43.9432856],[141.8999119,43.9491642],[141.9013453,43.9566972],[141.9291392,43.9611772],[141.9310328,43.983245],[141.9496211,43.9995833],[141.9639972,44.0002889],[141.9857283,43.9932856],[141.9962036,44.0062947],[142.0204861,44.0059017],[142.0281064,43.9993794],[142.0408375,43.9996136],[142.0436064,44.0109214],[142.0598628,44.0118175],[142.0537083,44.0189169],[142.0586389,44.0250919],[142.0555169,44.0280253],[142.0616578,44.0314533],[142.0584894,44.0433533],[142.0660622,44.0482717]]}},{"type":"Feature","properties":{"areaCode1":"120","areaCode2":"131"},"geometry":{"type":"LineString","coordinates":[[141.5230297,43.7155933],[141.5251081,43.7109642]]}},{"type":"Feature","properties":{"areaCode1":"121","areaCode2":"122"},"geometry":{"type":"LineString","coordinates":[[141.7203169,43.4375047],[141.7364308,43.4249231],[141.7336406,43.41203],[141.7376611,43.4100797],[141.7386508,43.3993442],[141.7576742,43.3927606],[141.7731625,43.3796375],[141.7611008,43.3644586],[141.7629875,43.3565281],[141.7734097,43.3759708],[141.7966633,43.3779786],[141.8178747,43.3871789],[141.8229772,43.4006167],[141.9143536,43.3931608],[141.9332942,43.3765897],[141.9483344,43.3791194],[141.9687583,43.3722819],[141.983,43.3917314],[141.9980089,43.3961361],[142.0196456,43.4180006],[142.0320503,43.4187908],[142.0501947,43.4040925],[142.0523911,43.3795881],[142.0619683,43.3733347],[142.0549214,43.3617514],[142.0613122,43.3565931],[142.04949,43.3481772],[142.0638511,43.3357703],[142.0463017,43.3082228],[142.0628247,43.2924264],[142.0792006,43.2872914],[142.0762361,43.2755828],[142.0892422,43.269395],[142.0885358,43.2608564],[142.1081914,43.2348361],[142.110695,43.2243739],[142.1241319,43.2197089],[142.1537153,43.2285836],[142.1886308,43.20659],[142.2138289,43.2115931],[142.2247725,43.2081964],[142.2433253,43.2125833],[142.2474817,43.2227811],[142.2786522,43.2252592]]}},{"type":"Feature","properties":{"areaCode1":"121","areaCode2":"122"},"geometry":{"type":"LineString","coordinates":[[141.7203169,43.4375047],[141.733055,43.4468481],[141.7222608,43.4596458]]}},{"type":"Feature","properties":{"areaCode1":"121","areaCode2":"126"},"geometry":{"type":"LineString","coordinates":[[142.2385006,43.6523314],[142.2661364,43.6607347],[142.2790319,43.6521053],[142.2781617,43.6453733],[142.2893189,43.6396053],[142.2923503,43.6259647],[142.286835,43.61986],[142.2911797,43.6121083],[142.2827992,43.6030281],[142.2853228,43.5855128],[142.2913275,43.5794572],[142.2876969,43.5744325],[142.2988928,43.5639344],[142.3012472,43.5518547],[142.3094628,43.5482953],[142.3132342,43.5513983],[142.3217847,43.5443033],[142.3205036,43.5317478],[142.3317378,43.5212569],[142.3370272,43.5060544],[142.3426319,43.5078847],[142.3644364,43.4947444],[142.3681722,43.4865514],[142.3558592,43.4755933],[142.3570417,43.4662233]]}},{"type":"Feature","properties":{"areaCode1":"121","areaCode2":"127"},"geometry":{"type":"LineString","coordinates":[[142.2715753,43.3020469],[142.2814336,43.3226283],[142.2968425,43.3293464],[142.2898581,43.3434444],[142.2927281,43.3510461],[142.3509856,43.3783347],[142.3417647,43.3852019],[142.3409778,43.3919647],[142.3517706,43.4018706],[142.3554519,43.4174328],[142.3676811,43.4252533],[142.3616431,43.4287894],[142.3681214,43.4358319],[142.3613303,43.4415617],[142.3570417,43.4662233]]}},{"type":"Feature","properties":{"areaCode1":"121","areaCode2":"127"},"geometry":{"type":"LineString","coordinates":[[142.2715753,43.3020469],[142.2863283,43.288765],[142.2888764,43.28081],[142.2782375,43.2527064],[142.2786522,43.2252592]]}},{"type":"Feature","properties":{"areaCode1":"121","areaCode2":"131"},"geometry":{"type":"LineString","coordinates":[[141.4906253,43.6844411],[141.4970689,43.694715],[141.5115108,43.6985692],[141.5251081,43.7109642]]}},{"type":"Feature","properties":{"areaCode1":"122","areaCode2":"127"},"geometry":{"type":"LineString","coordinates":[[142.2431281,43.11266],[142.2549731,43.1245692],[142.2530919,43.1331364],[142.2639092,43.1366706],[142.2534731,43.150315],[142.2556092,43.1604094],[142.2662864,43.1718603],[142.2703131,43.1883572],[142.2840914,43.1978831],[142.2786522,43.2252592]]}},{"type":"Feature","properties":{"areaCode1":"122","areaCode2":"127"},"geometry":{"type":"LineString","coordinates":[[142.2431281,43.11266],[142.2434781,43.1057561],[142.2509761,43.0996853],[142.2496078,43.0927103],[142.2631722,43.0840417],[142.2681511,43.0669769],[142.2943183,43.0510456],[142.3207147,43.0465981],[142.3233919,43.0357169],[142.3301675,43.0318628],[142.2886186,43.0098572],[142.2914647,43.0021594],[142.27979,42.981125]]}},{"type":"Feature","properties":{"areaCode1":"122","areaCode2":"146"},"geometry":{"type":"LineString","coordinates":[[141.8699814,42.9220467],[141.8800856,42.9129883],[141.9139592,42.9006889],[141.9175117,42.8900783],[141.9396039,42.8801456],[141.9603889,42.8436344],[141.9699067,42.8438306],[141.9816636,42.836975],[141.9934653,42.8495106],[142.0064294,42.8449181],[142.0227561,42.8490744],[142.0435767,42.8623958],[142.0548156,42.8602978],[142.0644183,42.8740672],[142.0805683,42.8686833],[142.1070772,42.8939042],[142.1062858,42.9008564],[142.1122747,42.9040697],[142.1105344,42.9148494],[142.13721,42.9271164],[142.1449383,42.9263828],[142.1437442,42.9476564],[142.1525294,42.95475],[142.1625758,42.9505739],[142.1776522,42.9593394],[142.1861681,42.9514658],[142.2019422,42.9523261],[142.2236742,42.9628831],[142.2235253,42.9702881],[142.2389325,42.9741842],[142.2552544,42.9666131],[142.2627656,42.9824681],[142.2720411,42.9871322],[142.27979,42.981125]]}},{"type":"Feature","properties":{"areaCode1":"125","areaCode2":"126"},"geometry":{"type":"LineString","coordinates":[[142.1493803,43.9053575],[142.1864125,43.9296561],[142.2011425,43.9469239],[142.2368497,43.9487525],[142.2447742,43.9562233],[142.2488697,43.9502425],[142.2812983,43.9392464],[142.2925358,43.9471633],[142.3044353,43.9453931],[142.3062875,43.9562075],[142.3113344,43.9591794],[142.3262761,43.9545992],[142.3616128,43.9629869],[142.3681203,43.9578883],[142.4111967,43.9539489],[142.4233225,43.9423203],[142.4320831,43.9472886],[142.4374947,43.9607078],[142.4339631,43.9648264],[142.4451269,43.9734753],[142.4524422,43.9643664],[142.4657497,43.9654547],[142.4866028,43.9556489],[142.4897775,43.9717497],[142.4981061,43.9817397],[142.5134931,43.9859989],[142.5201939,43.993285],[142.5361567,43.9940339],[142.5474253,44.0072561],[142.5823606,44.0128042],[142.5884983,44.0157542],[142.5875664,44.0232928],[142.6112636,44.0293958],[142.6441931,44.0102861],[142.6894306,44.0218583],[142.6881886,44.0130511],[142.7219278,43.9936519],[142.7267308,43.9785247],[142.7355469,43.9741239],[142.7378972,43.9550533],[142.7447803,43.9550536],[142.7447633,43.9496156],[142.7549783,43.9468897],[142.7562311,43.9412433],[142.7673753,43.93854],[142.7778486,43.9279306],[142.7959094,43.9222914],[142.7982683,43.9162033],[142.8163019,43.9150633],[142.8302314,43.9217847],[142.8304067,43.9299658],[142.8406983,43.9351339],[142.8432111,43.9415739],[142.862515,43.9425128],[142.8682747,43.9502236],[142.8819097,43.9531206]]}},{"type":"Feature","properties":{"areaCode1":"125","areaCode2":"130"},"geometry":{"type":"LineString","coordinates":[[141.9763392,44.74579],[141.9848361,44.7281342],[141.9996047,44.7238808],[141.9925672,44.708925],[142.0010322,44.7034242],[142.000345,44.6888733],[141.9885875,44.6856739],[141.9974275,44.6757167],[141.9944417,44.6718003],[141.9977956,44.6580253],[142.0097783,44.6539525],[142.0031408,44.6458731],[142.0091653,44.6368425],[142.0033,44.6243739],[142.014305,44.6193061],[142.0145425,44.6102942],[142.0075611,44.6059419],[142.0091722,44.5989297],[142.0221775,44.5895572],[142.0402525,44.5859378],[142.0472308,44.5600858],[142.0553072,44.5520444],[142.0407761,44.5288789],[142.0549108,44.5131883],[142.0682717,44.5075364],[142.0729097,44.4961528],[142.0798333,44.4968539],[142.0862922,44.4889647],[142.1117078,44.4881836],[142.1098125,44.4831572],[142.1153519,44.4745861],[142.1061478,44.4389922],[142.0847114,44.4371692],[142.0652525,44.4143319],[142.03536,44.405615],[142.0309714,44.3953947],[142.0211472,44.3939122],[142.0263636,44.3785419],[142.0316483,44.3775458],[142.02875,44.3704647],[142.0367761,44.3456864],[142.0483189,44.3445358],[142.0610139,44.3360642],[142.0536856,44.3260922],[142.0590778,44.3147322],[142.0518967,44.3111047],[142.0600389,44.2943275],[142.0309317,44.2846472],[142.0395528,44.2692464],[142.0295794,44.2634919],[142.0381303,44.2584225],[142.0459264,44.2629647],[142.0621342,44.2503072],[142.0663783,44.2354481],[142.0434669,44.228015],[142.0507436,44.21984],[142.0435406,44.2124736],[142.0467967,44.2031436],[142.0574261,44.2027289],[142.0640236,44.1957078],[142.0818614,44.1956603],[142.0880919,44.1886236],[142.0756064,44.1649244]]}},{"type":"Feature","properties":{"areaCode1":"125","areaCode2":"130"},"geometry":{"type":"LineString","coordinates":[[141.9763392,44.74579],[141.9896586,44.7608139],[141.9909814,44.7854147],[142.0010753,44.8008458],[141.9971011,44.8051244],[142.0049878,44.8187217],[141.9979728,44.8336586],[142.0095992,44.8435558],[142.0043656,44.8479883],[142.0060803,44.8583689],[141.9904753,44.8681225],[141.9896031,44.8747125],[142.0007781,44.8815061],[142.0012522,44.8926908],[142.0190383,44.8960122],[142.0196875,44.9019758],[142.0281978,44.905185]]}},{"type":"Feature","properties":{"areaCode1":"125","areaCode2":"131"},"geometry":{"type":"LineString","coordinates":[[142.0524264,44.1041833],[142.0699797,44.0695256],[142.0550408,44.0555967],[142.0660622,44.0482717]]}},{"type":"Feature","properties":{"areaCode1":"125","areaCode2":"131"},"geometry":{"type":"LineString","coordinates":[[142.0524264,44.1041833],[142.0781756,44.1292339],[142.0717619,44.1370972],[142.0756439,44.1455381],[142.0712642,44.1578525],[142.0756064,44.1649244]]}},{"type":"Feature","properties":{"areaCode1":"125","areaCode2":"135"},"geometry":{"type":"LineString","coordinates":[[142.0278861,44.900355],[142.0562444,44.8981719],[142.0977483,44.9032681],[142.121015,44.8979433],[142.1333414,44.9021575]]}},{"type":"Feature","properties":{"areaCode1":"125","areaCode2":"135"},"geometry":{"type":"LineString","coordinates":[[142.0278861,44.900355],[142.0281978,44.905185]]}},{"type":"Feature","properties":{"areaCode1":"125","areaCode2":"136"},"geometry":{"type":"LineString","coordinates":[[142.1333414,44.9021575],[142.1521622,44.8858019],[142.1601581,44.8700889],[142.1498011,44.8549769],[142.1657317,44.8523728],[142.1620217,44.8366733],[142.1677172,44.8307336],[142.1587408,44.8125867],[142.1605389,44.8049194],[142.1876211,44.7961917],[142.2053244,44.8084044],[142.2091108,44.8213933],[142.2209789,44.8249597],[142.2353578,44.8270628],[142.2401544,44.8214861],[142.2635569,44.8173031],[142.2810714,44.8223281],[142.2835056,44.7884458],[142.2958392,44.788245],[142.3120431,44.7786967],[142.3025689,44.7481139],[142.3243506,44.72677],[142.3274531,44.7101644],[142.3421031,44.7060692],[142.358865,44.7100919],[142.3632047,44.7050192],[142.3952458,44.7007453],[142.4185761,44.6766103],[142.4052972,44.6494428],[142.4129978,44.6368706],[142.4316133,44.6278728],[142.4408078,44.6173756],[142.4725728,44.6185411],[142.4798389,44.5919439],[142.4930625,44.5892833],[142.4919164,44.5781019],[142.5097556,44.5825414],[142.5243089,44.6090761],[142.5367244,44.614745],[142.5625794,44.6151117],[142.5638533,44.60066],[142.5846422,44.5981114],[142.5882194,44.5936725],[142.6417969,44.5971883],[142.6469525,44.5899539]]}},{"type":"Feature","properties":{"areaCode1":"125","areaCode2":"142"},"geometry":{"type":"LineString","coordinates":[[142.5838581,44.4351253],[142.5915189,44.4318086],[142.6077031,44.4368889],[142.6505169,44.4376711],[142.6548308,44.4477414],[142.6700742,44.45549],[142.6834286,44.4734831],[142.6949811,44.4819144],[142.7083017,44.4812942],[142.7120267,44.4860008],[142.7210897,44.4676858],[142.7173128,44.4629297],[142.7323139,44.45959],[142.7391714,44.4632164],[142.7491814,44.4549581],[142.7585233,44.4574461],[142.7670764,44.4669347],[142.7765381,44.4601786],[142.7821108,44.4613622],[142.7891744,44.4534942],[142.8113178,44.4587533],[142.8212078,44.4547456],[142.8490353,44.4594342],[142.8401722,44.4468197],[142.8512958,44.4383311],[142.8187561,44.4190119],[142.8305,44.3969589],[142.8231086,44.38755],[142.8288869,44.3787964],[142.8262564,44.3697664],[142.8169456,44.3665919],[142.8211483,44.3632931],[142.8154828,44.3501108],[142.8024514,44.3426011],[142.8026344,44.3314453],[142.8241694,44.3288475],[142.8262422,44.3175614],[142.8227458,44.3135806],[142.8275183,44.3072106],[142.8238083,44.3049981],[142.8292297,44.2933725],[142.8241981,44.27909],[142.8263739,44.2724114],[142.8446381,44.2687306],[142.85219,44.2589483],[142.8592503,44.2572728],[142.866685,44.2484297],[142.8682919,44.2342625],[142.8755939,44.2287956],[142.8646886,44.2183086],[142.8724689,44.2037869],[142.8681375,44.1885531],[142.8786753,44.1826486],[142.8759958,44.1795742],[142.8821475,44.1660744],[142.8633608,44.1548289],[142.8550483,44.1592656],[142.8379878,44.1562606],[142.8431864,44.1454822],[142.8417297,44.1275031],[142.8512806,44.1226311],[142.8604864,44.1086972],[142.8541742,44.0994011],[142.8568317,44.0905458],[142.8705369,44.0848664],[142.8603736,44.0693469],[142.8787914,44.0517094],[142.8664733,44.040335],[142.8765119,44.0328053],[142.8741978,44.0191053],[142.8897633,44.0207211],[142.8982042,44.0098758],[142.8943319,44.00354],[142.9025525,43.9897161],[142.8994292,43.9812783],[142.8888306,43.9764369],[142.8907797,43.9657675],[142.8819097,43.9531206]]}},{"type":"Feature","properties":{"areaCode1":"125","areaCode2":"142"},"geometry":{"type":"LineString","coordinates":[[142.5838581,44.4351253],[142.5979353,44.4662544],[142.5933094,44.47256],[142.6005747,44.4855006],[142.6183344,44.5000947],[142.6205289,44.5144803],[142.6279353,44.5229917],[142.6461494,44.5305772],[142.6325297,44.5430783],[142.6381803,44.5487689],[142.6359997,44.5532125],[142.6505969,44.56464],[142.6570883,44.5762819],[142.6447036,44.5810156],[142.6469525,44.5899539]]}},{"type":"Feature","properties":{"areaCode1":"126","areaCode2":"127"},"geometry":{"type":"LineString","coordinates":[[142.3570417,43.4662233],[142.3986522,43.4738314],[142.4025292,43.5380739],[142.4112106,43.5414753],[142.4167644,43.5336389],[142.4214581,43.5368903],[142.42717,43.5340333],[142.4312303,43.5438975],[142.4272339,43.5492225],[142.4333561,43.551055],[142.47022,43.5121661],[142.4816714,43.5067967],[142.5072489,43.5023319],[142.5246728,43.5119706],[142.5458683,43.5040622],[142.5708125,43.5139444],[142.5781764,43.5113],[142.5971839,43.4977417],[142.5904381,43.494295],[142.5919119,43.4885361],[142.6089297,43.468645],[142.6373703,43.4585281],[142.6532981,43.4411208],[142.6767072,43.4264944],[142.6752853,43.42219],[142.6863117,43.4178092]]}},{"type":"Feature","properties":{"areaCode1":"126","areaCode2":"141"},"geometry":{"type":"LineString","coordinates":[[143.1356586,43.6036656],[143.1555603,43.62866],[143.173585,43.6379922],[143.1704256,43.6489753],[143.1625092,43.6524567],[143.1644247,43.657405],[143.1419975,43.6681611],[143.13952,43.6771103],[143.1459208,43.6804919],[143.1466736,43.6906344],[143.1603561,43.7055403],[143.1718453,43.70692]]}},{"type":"Feature","properties":{"areaCode1":"126","areaCode2":"141"},"geometry":{"type":"LineString","coordinates":[[143.1356586,43.6036656],[143.1424697,43.5951497]]}},{"type":"Feature","properties":{"areaCode1":"126","areaCode2":"142"},"geometry":{"type":"LineString","coordinates":[[142.87962,43.9477819],[142.8802467,43.94376],[142.8920006,43.9431325],[142.8935414,43.9399333],[142.8857622,43.9334006],[142.8913122,43.9300606],[142.888535,43.9262967],[142.8977072,43.9218189],[142.9112842,43.9269192],[142.9405147,43.9274931],[142.9815722,43.9437803],[143.0122942,43.9219192],[143.0371225,43.9281417],[143.0538669,43.9178842],[143.048515,43.9067808],[143.0380453,43.9033331],[143.0338142,43.894995],[143.01941,43.8863444],[143.0229467,43.8762206],[143.0169292,43.8736478],[143.0212656,43.8648467],[143.0085356,43.8590081],[143.0180247,43.8460883],[143.0090492,43.8373336],[143.0102594,43.8264728],[143.0244533,43.8159647],[143.0466064,43.8124903],[143.0137303,43.7976583],[143.01612,43.7889217],[143.0134819,43.7789972],[143.0071969,43.7753225],[143.0070547,43.7596619],[143.0243992,43.7453183],[143.0339031,43.748995],[143.0513892,43.7439078],[143.0635964,43.7482047],[143.0798561,43.7379403],[143.1181719,43.7539642],[143.1362528,43.7542078],[143.1453544,43.7627333],[143.1605439,43.7616244],[143.1686958,43.7556658],[143.1797167,43.7350894],[143.1689708,43.72127],[143.1718453,43.70692]]}},{"type":"Feature","properties":{"areaCode1":"126","areaCode2":"142"},"geometry":{"type":"LineString","coordinates":[[142.87962,43.9477819],[142.8819097,43.9531206]]}},{"type":"Feature","properties":{"areaCode1":"126","areaCode2":"155"},"geometry":{"type":"LineString","coordinates":[[142.6863117,43.4178092],[142.7109119,43.4331386],[142.7145133,43.4517539],[142.7243906,43.4521219],[142.7400989,43.4671278],[142.7767928,43.487045],[142.7768792,43.4937253],[142.7979744,43.5008906],[142.8132578,43.5138867],[142.8142567,43.5224744],[142.8086831,43.5293944],[142.8389369,43.5220636],[142.8508181,43.5282981],[142.8539233,43.5362289],[142.8502017,43.5489192],[142.8606664,43.5584831],[142.8613108,43.5652878],[142.8723472,43.5648031],[142.8752192,43.5700147],[142.9063978,43.5647528],[142.9376333,43.5460161],[142.9577233,43.5262772],[142.9757064,43.5393111],[143.0137064,43.5285361],[143.0235775,43.5342611],[143.0213792,43.545645],[143.0308444,43.5505444],[143.0361286,43.5616306],[143.0603506,43.5553431],[143.0688519,43.5586206],[143.0703511,43.5644689],[143.0904414,43.5672258],[143.1424697,43.5951497]]}},{"type":"Feature","properties":{"areaCode1":"127","areaCode2":"146"},"geometry":{"type":"LineString","coordinates":[[142.2726253,42.9519564],[142.2839414,42.9679131],[142.27979,42.981125]]}},{"type":"Feature","properties":{"areaCode1":"127","areaCode2":"146"},"geometry":{"type":"LineString","coordinates":[[142.2726253,42.9519564],[142.2843025,42.9411825],[142.3018058,42.9408703],[142.3012572,42.9333586],[142.3074517,42.9311061],[142.3124908,42.9181417],[142.3334003,42.9082533],[142.3334661,42.9005225],[142.3246294,42.8907672]]}},{"type":"Feature","properties":{"areaCode1":"127","areaCode2":"150"},"geometry":{"type":"LineString","coordinates":[[142.3246294,42.8907672],[142.3394,42.8838317],[142.3600608,42.8914897],[142.381135,42.8871667],[142.3959397,42.8995819],[142.4043072,42.9142581],[142.3989189,42.9315739],[142.4093583,42.9337133],[142.4251175,42.9285414],[142.4431739,42.9115089],[142.4658067,42.9172172],[142.4746183,42.9146497],[142.4864575,42.9234597],[142.5030636,42.9139717],[142.5215908,42.9232711],[142.5321464,42.9182347],[142.5348231,42.9106247],[142.5462494,42.9108811],[142.5514681,42.9166508],[142.5609764,42.9173672],[142.5721508,42.9291831],[142.5725311,42.9454758],[142.5902883,42.9676736],[142.6141186,42.9732214],[142.6319058,42.9862761],[142.6662103,42.9819831],[142.6781108,42.9907753],[142.6909889,42.9877622],[142.7084136,42.9922917],[142.7277719,43.0098033],[142.7408656,43.0049897]]}},{"type":"Feature","properties":{"areaCode1":"127","areaCode2":"155"},"geometry":{"type":"LineString","coordinates":[[142.6717708,43.4048175],[142.6863117,43.4178092]]}},{"type":"Feature","properties":{"areaCode1":"127","areaCode2":"155"},"geometry":{"type":"LineString","coordinates":[[142.6717708,43.4048175],[142.7062244,43.3783008],[142.7201289,43.3601469],[142.7468547,43.3507258],[142.7610428,43.3573972],[142.7689725,43.3465764],[142.7486158,43.340135],[142.7468108,43.3270997],[142.7363208,43.3185636],[142.7404342,43.309155],[142.7348986,43.2978375],[142.73629,43.285365],[142.7471367,43.2654817],[142.7469642,43.2597356],[142.7339439,43.249245],[142.7421044,43.2406467],[142.7332236,43.2330303],[142.7363692,43.2195494],[142.7418244,43.2114269],[142.7628822,43.2010061],[142.7621153,43.1940947],[142.7693722,43.188655],[142.7670447,43.1807753],[142.7792358,43.1737442],[142.7646267,43.1618558],[142.7652386,43.1245656],[142.7528733,43.1231458],[142.7452842,43.1149956],[142.7512397,43.1099408],[142.7368536,43.0951958],[142.7436972,43.0874003],[142.7268244,43.0759589],[142.7467961,43.0583361],[142.7543656,43.0131058]]}},{"type":"Feature","properties":{"areaCode1":"127","areaCode2":"156"},"geometry":{"type":"LineString","coordinates":[[142.7408656,43.0049897],[142.7543656,43.0131058]]}},{"type":"Feature","properties":{"areaCode1":"130","areaCode2":""},"geometry":{"type":"LineString","coordinates":[[141.2917922,44.4195267],[141.2944422,44.4126628],[141.3196022,44.41559],[141.3344719,44.4265862],[141.3355656,44.4322847],[141.3252825,44.4420964],[141.2917922,44.4195267]]}},{"type":"Feature","properties":{"areaCode1":"130","areaCode2":""},"geometry":{"type":"LineString","coordinates":[[141.3807058,44.4337936],[141.4224275,44.4271925],[141.4286589,44.4320892],[141.4273719,44.4414803],[141.4304201,44.4405809],[141.4232111,44.4464344],[141.397369,44.4420444],[141.3807058,44.4337936]]}},{"type":"Feature","properties":{"areaCode1":"130","areaCode2":""},"geometry":{"type":"LineString","coordinates":[[141.6470036,44.3122511],[141.6579872,44.2421622],[141.6528186,44.2234992],[141.6561656,44.2089981]]}},{"type":"Feature","properties":{"areaCode1":"130","areaCode2":""},"geometry":{"type":"LineString","coordinates":[[141.6470036,44.3122511],[141.6540232,44.319519],[141.6485512,44.3141912],[141.6581452,44.3163598],[141.6549951,44.3179937],[141.6616958,44.31561],[141.6720647,44.3238569],[141.6959292,44.3713141],[141.6943323,44.3766862],[141.6943798,44.3684375],[141.7024578,44.3692258],[141.6975732,44.3740075],[141.705402,44.3765447],[141.6978096,44.3780597],[141.7061997,44.3769613],[141.7103672,44.3929098],[141.7370868,44.415846],[141.7463311,44.4311608],[141.7605686,44.4720553],[141.7643842,44.5117792],[141.7615957,44.5352246],[141.7658794,44.5379992],[141.7682564,44.5577094],[141.7730233,44.5654288],[141.780305,44.5672764],[141.7884011,44.5926064],[141.7919028,44.6618547],[141.7855964,44.7075147],[141.7779884,44.7250682],[141.7852642,44.7217353],[141.7811882,44.7235693],[141.7775392,44.7571122],[141.7578514,44.8259592],[141.7455,44.8611122],[141.7407751,44.8678983],[141.7363451,44.8669175],[141.7416,44.8681686],[141.7364909,44.871636],[141.7384184,44.8767451],[141.7330343,44.8752756],[141.7343114,44.8698129],[141.7366153,44.8782056]]}},{"type":"Feature","properties":{"areaCode1":"130","areaCode2":"131"},"geometry":{"type":"LineString","coordinates":[[141.6561656,44.2089981],[141.6858822,44.2149731],[141.6980978,44.2057953],[141.7104064,44.2055278],[141.7214528,44.1921614],[141.7317039,44.1918519],[141.722055,44.1726844],[141.7478575,44.1637603],[141.7717275,44.1418581],[141.7777239,44.1249008],[141.7704119,44.1121031],[141.7732492,44.1075794],[141.7818372,44.0994047],[141.8133464,44.0906931],[141.8236911,44.09708],[141.8242319,44.1079503],[141.8406289,44.1176253],[141.8838192,44.1050331],[141.9113464,44.1130097],[141.915475,44.12115],[141.9233367,44.1234764],[141.9446839,44.1150342],[141.9518514,44.1256103],[141.9469756,44.1283453],[141.9511214,44.1327514],[141.9465517,44.1419503],[141.9497353,44.1473778],[141.9684131,44.1417292],[141.9875261,44.1487492],[142.0123217,44.1452394],[142.0218092,44.1512908],[142.0311289,44.1458369],[142.0478264,44.1567219],[142.0547044,44.1695858],[142.0756064,44.1649244]]}},{"type":"Feature","properties":{"areaCode1":"130","areaCode2":"135"},"geometry":{"type":"LineString","coordinates":[[141.7145886,44.9507883],[141.7374281,44.8935569],[141.7404983,44.8810858],[141.7366153,44.8782056]]}},{"type":"Feature","properties":{"areaCode1":"130","areaCode2":"135"},"geometry":{"type":"LineString","coordinates":[[141.7145886,44.9507883],[141.728365,44.9636597],[141.7445192,44.968585],[141.7657411,44.9848714],[141.7996692,44.9921222],[141.8322292,44.9896203],[141.8559022,44.9931642],[141.8621128,44.9895422],[141.8643258,44.9786106],[141.8730994,44.9680839],[141.8771033,44.9483197],[141.8747589,44.9309669],[141.9168731,44.9189244],[141.9185722,44.9155506],[141.9097261,44.9073875],[141.9222111,44.9048275],[141.926065,44.8983114],[141.9303164,44.9082486],[141.9475494,44.9113814],[141.9544694,44.8975075],[141.9860503,44.9169356],[141.9914194,44.9131331],[141.9907119,44.897525],[141.9962792,44.9052814],[142.0041383,44.8977369],[142.0203322,44.9107914],[142.0281978,44.905185]]}},{"type":"Feature","properties":{"areaCode1":"131","areaCode2":""},"geometry":{"type":"LineString","coordinates":[[141.33743,43.7374944],[141.3539003,43.7581119],[141.3616817,43.7614758],[141.3721667,43.7921469],[141.3875258,43.8067019],[141.4569344,43.8357853],[141.4935733,43.8361991],[141.5103431,43.8563817],[141.5365533,43.8591133],[141.5341962,43.8545864],[141.5292929,43.8567893],[141.5340797,43.8513521],[141.5489842,43.8613216],[141.5607242,43.8589756],[141.5653506,43.8669597],[141.5764844,43.8683525],[141.5882675,43.8821139],[141.5975572,43.884455],[141.6181156,43.9174761],[141.6268298,43.9209724],[141.6340871,43.9392043],[141.6283598,43.9461841],[141.6322384,43.9509784],[141.6295365,43.9631349],[141.6320685,43.9516734],[141.6462933,43.9419598],[141.6463002,43.9467827],[141.6383198,43.9504731],[141.6416673,43.9594874],[141.6360115,43.9590302],[141.6412242,43.9601472],[141.645518,43.9711284],[141.6330158,43.9743699],[141.646276,43.9759623],[141.6494034,43.9995378],[141.6510569,43.9948883],[141.6502566,43.9994849],[141.6578283,44.0031914],[141.6622706,44.0234203],[141.6621042,44.0784072],[141.65326,44.1403111],[141.6534673,44.1581957],[141.6540964,44.1543531],[141.6584886,44.1633969],[141.6561656,44.2089981]]}},{"type":"Feature","properties":{"areaCode1":"135","areaCode2":""},"geometry":{"type":"LineString","coordinates":[[141.5684281,45.2048436],[141.5733731,45.2378339],[141.6037569,45.2662728],[141.6172956,45.2865992],[141.6182646,45.303558],[141.608804,45.3089154],[141.6176153,45.3088483],[141.6072426,45.3119077],[141.6189583,45.3116506],[141.6279839,45.3180789],[141.6551881,45.3523361],[141.6570218,45.3696307],[141.6373034,45.3896239],[141.6343201,45.4052716],[141.6339207,45.4215434],[141.6431533,45.4489684],[141.6666487,45.4376243],[141.6613607,45.4388123],[141.6756031,45.42113],[141.6965541,45.4151756],[141.6802177,45.4185876],[141.6859249,45.4154408],[141.6783922,45.414743],[141.6772677,45.4050402],[141.6810297,45.4030192],[141.6791957,45.4111957],[141.6859589,45.4108922],[141.68282,45.4044201],[141.6915097,45.4067454],[141.691794,45.4015105],[141.7024267,45.4053065],[141.7064486,45.4014791],[141.706601,45.4067644],[141.7087063,45.3960798],[141.7417486,45.4016646],[141.7463733,45.4136501],[141.7655568,45.4043373],[141.7978736,45.4070582],[141.8379283,45.4218508],[141.8646311,45.4406406],[141.8785367,45.4612775],[141.8723798,45.4653091],[141.8756239,45.465063],[141.8736433,45.4731444],[141.8796853,45.4823544],[141.8762751,45.4865661],[141.8786506,45.4945449],[141.8923689,45.5021886],[141.8925181,45.5108269],[141.9365421,45.5229574],[141.9465392,45.522148],[141.9423634,45.5209652],[141.9447961,45.5164681],[141.9497398,45.5194279],[141.9614219,45.5104958],[141.9686397,45.4841408],[141.9776347,45.4753942],[141.9928128,45.4626539],[142.0186069,45.4537783],[142.0242958,45.4367514],[142.0349842,45.4302658],[142.0337644,45.420881],[142.0386656,45.4237139],[142.0335012,45.4199347],[142.0439783,45.4072033],[142.1683883,45.3399836],[142.1714392,45.3432218],[142.1702506,45.3380478],[142.2343006,45.2747072],[142.2429771,45.2731451],[142.2373976,45.2726624],[142.2420613,45.2729319],[142.2405686,45.2687728],[142.2632656,45.2454069],[142.3448981,45.1747919]]}},{"type":"Feature","properties":{"areaCode1":"135","areaCode2":""},"geometry":{"type":"LineString","coordinates":[[141.5684281,45.2048436],[141.5883064,45.1514333],[141.6291516,45.0868813],[141.6251173,45.0853552],[141.6310548,45.0830768],[141.6254932,45.0847329],[141.6344306,45.0785533],[141.6528839,45.0492844],[141.7076617,44.9508172],[141.7366747,44.8873236],[141.7381617,44.8795454],[141.7321949,44.8779309],[141.7366153,44.8782056]]}},{"type":"Feature","properties":{"areaCode1":"135","areaCode2":"136"},"geometry":{"type":"LineString","coordinates":[[142.1263086,44.9127644],[142.1309244,44.9248608],[142.1435331,44.9336197],[142.1415447,44.9529577],[142.1537942,44.9584833],[142.1542819,44.9651197],[142.1689375,44.9741361],[142.1685797,44.9843411],[142.1593975,44.9918356],[142.1528606,45.008875],[142.1555225,45.0170389],[142.1728092,45.03246],[142.1715833,45.0375342],[142.1564125,45.0378392],[142.1568414,45.0425578],[142.1643311,45.0511875],[142.1832489,45.0548967],[142.1797369,45.0640183],[142.185695,45.079285],[142.1972478,45.0818553],[142.1987294,45.0863819],[142.1982747,45.0980864],[142.1913872,45.1005108],[142.1899106,45.1183083],[142.1825972,45.1184606],[142.1815669,45.1276872],[142.1745261,45.1260797],[142.1737206,45.1338644],[142.1669669,45.1386461],[142.1860986,45.1455386],[142.1838253,45.1618117],[142.2046922,45.1787038],[142.2200524,45.1749309],[142.2389033,45.1800492],[142.245905,45.1923472],[142.3190222,45.1604464],[142.3448981,45.1747919]]}},{"type":"Feature","properties":{"areaCode1":"135","areaCode2":"136"},"geometry":{"type":"LineString","coordinates":[[142.1263086,44.9127644],[142.1333414,44.9021575]]}},{"type":"Feature","properties":{"areaCode1":"136","areaCode2":""},"geometry":{"type":"LineString","coordinates":[[142.3448981,45.1747919],[142.4822144,45.0614292],[142.5044281,45.0600222],[142.4984614,45.0516803],[142.5095061,45.0444661],[142.5078019,45.0400111],[142.5183993,45.0352639],[142.5154886,45.0383722],[142.5199642,45.0399781],[142.5190525,45.0321875],[142.5341414,45.0285769],[142.5316697,45.01242],[142.5420133,45.0020444],[142.536525,44.9997347],[142.5401211,44.9911267],[142.5629286,44.9772864],[142.5657667,44.9692239],[142.5847569,44.9614164],[142.5786646,44.9555964],[142.5791173,44.9482961],[142.5916661,44.9389293],[142.5919255,44.9351969],[142.5899223,44.9395864],[142.5852975,44.9343907],[142.5901605,44.9351701],[142.5879197,44.9269651],[142.5953413,44.930577],[142.5866572,44.9267112],[142.5894901,44.917271],[142.6158508,44.8935936],[142.6325014,44.8878231],[142.6359333,44.8756219],[142.6593149,44.8492821],[142.6556151,44.8502795],[142.6575592,44.8426297],[142.6807788,44.8326798],[142.6768228,44.8317952],[142.6838364,44.8206575],[142.7020336,44.8077931],[142.7014892,44.7975156],[142.7214904,44.7853558],[142.7378122,44.7609303],[142.7743161,44.7366083],[142.7774356,44.7292631],[142.8047017,44.7090367],[142.8143578,44.70662],[142.8189225,44.7099406],[142.8162969,44.7026306],[142.84206,44.6872025]]}},{"type":"Feature","properties":{"areaCode1":"136","areaCode2":"142"},"geometry":{"type":"LineString","coordinates":[[142.6469525,44.5899539],[142.6596136,44.5984017],[142.6878689,44.6032422],[142.6894158,44.6099456],[142.6843972,44.6156158],[142.6953575,44.6197903],[142.7025233,44.6301011],[142.7414797,44.6417844],[142.7625631,44.6345775],[142.766345,44.6392383],[142.7926858,44.6404347],[142.8307267,44.6703842],[142.84206,44.6872025]]}},{"type":"Feature","properties":{"areaCode1":"139","areaCode2":""},"geometry":{"type":"LineString","coordinates":[[140.9659139,45.45725],[140.9676853,45.4641833],[140.9813314,45.4487706],[140.9875073,45.4476664],[140.9851283,45.4437931],[140.9915025,45.4384092],[141.0133185,45.4330334],[141.0348592,45.4403921],[141.0351378,45.4516236],[141.029867,45.4476565],[141.0334228,45.4609803],[141.0494806,45.4507478],[141.067395,45.4239745],[141.0617914,45.4211253],[141.0641563,45.4158345],[141.062487,45.4191792],[141.0561528,45.4067661],[141.0593081,45.3530919],[141.0492175,45.3396636],[141.0572436,45.3187975],[141.0457085,45.2979845],[141.0472287,45.2801411],[141.043554,45.2741071],[141.0261697,45.2736464],[141.0146331,45.2840789],[141.0256344,45.2911581],[141.0250011,45.3022939],[141.0191717,45.3057867],[141.0226341,45.3040473],[141.0227675,45.3096411],[141.0024072,45.3282189],[140.9994503,45.3517267],[140.9829083,45.3803753],[140.9907889,45.3862567],[140.9847142,45.3984489],[140.9916667,45.4078516],[140.9825783,45.4154753],[140.9934411,45.4187614],[140.9944067,45.4238311],[140.9825197,45.4353347],[140.9664317,45.4383886],[140.9768472,45.4476317],[140.9659139,45.45725]]}},{"type":"Feature","properties":{"areaCode1":"139","areaCode2":""},"geometry":{"type":"LineString","coordinates":[[141.1268314,45.1861747],[141.1393633,45.1823639],[141.1354897,45.1776233],[141.1411689,45.1616464],[141.1513025,45.1568506],[141.1660053,45.1371831],[141.2364756,45.0971747],[141.2741218,45.1106025],[141.2857694,45.1090694],[141.2921631,45.1227303],[141.3086858,45.1300592],[141.3139747,45.1352637],[141.3079128,45.1328167],[141.3106885,45.1377306],[141.3304181,45.1502758],[141.3246133,45.1836606],[141.3033036,45.2148653],[141.2823119,45.2233092],[141.2804119,45.2307739],[141.2704258,45.2354931],[141.2647122,45.2300756],[141.253066,45.2354346],[141.2294825,45.2354101],[141.2272375,45.2430406],[141.2321967,45.2467619],[141.2250331,45.2447967],[141.1991497,45.2597286],[141.1892189,45.2568283],[141.1875264,45.2506628],[141.1793564,45.2511017],[141.1711758,45.2387356],[141.1569878,45.2357344],[141.1508961,45.2254017],[141.1365424,45.2196306],[141.1323792,45.2134564],[141.1393917,45.2045961],[141.1354778,45.1997133],[141.1417261,45.1903997],[141.134705,45.1864994],[141.1306931,45.1914711],[141.1268314,45.1861747]]}},{"type":"Feature","properties":{"areaCode1":"140","areaCode2":""},"geometry":{"type":"LineString","coordinates":[[144.1223397,44.1157419],[144.2049739,44.1019764],[144.2354414,44.1064958],[144.2432569,44.1135478],[144.2490872,44.1104372],[144.2572014,44.0855253],[144.2518522,44.0618222],[144.2616458,44.0568394],[144.2550114,44.0384186],[144.2731371,44.0238258],[144.2845165,44.0279805],[144.2912725,44.0247776],[144.2843032,44.0277187],[144.2778924,44.0237072],[144.2920756,44.0188823],[144.2869805,44.0210036],[144.2899891,44.0161178],[144.2821445,44.0110491],[144.2871737,44.0069763],[144.2885836,44.0102126],[144.2866701,44.003945],[144.3012317,43.9918449],[144.2960957,43.9886145],[144.2989322,43.9823253],[144.3663672,43.9546061],[144.4913172,43.9285094],[144.6037833,43.9176303],[144.6596604,43.9169438],[144.6685514,43.9231258],[144.660282,43.9154719],[144.6678252,43.9217625],[144.6957046,43.9181084],[144.7844075,43.9291425],[144.7955794,43.9315344],[144.8069617,43.9431469],[144.8348467,43.9518275],[144.8335156,43.9605881],[144.8487069,43.9736522],[144.8803561,43.9854458],[144.9105017,44.0043964],[144.9244336,44.0194572],[144.9355817,44.0430425],[144.9454236,44.0395756],[144.9604783,44.0549181],[144.9763964,44.0623997],[144.9764472,44.0677742],[144.989143,44.0673268],[144.9872831,44.070312],[144.9926781,44.070357],[144.9852044,44.070985],[144.9912586,44.0765083],[144.9971768,44.0726394],[144.9934435,44.0749253],[145.006085,44.0799444],[145.0091856,44.0950903],[145.0152503,44.1001286],[145.0410192,44.10768],[145.0554736,44.119875],[145.0693997,44.1237686],[145.0795033,44.1367803],[145.1182408,44.1553053],[145.1203497,44.1637119],[145.1312653,44.1645753],[145.1562389,44.1815906],[145.1919325,44.1953453],[145.22267,44.2360747],[145.22977,44.2526094],[145.2808747,44.290075],[145.2908842,44.3094014],[145.3062733,44.3123103],[145.3080211,44.3243767],[145.3206933,44.3405278],[145.3296844,44.3452722],[145.3376442,44.3413125]]}},{"type":"Feature","properties":{"areaCode1":"140","areaCode2":"141"},"geometry":{"type":"LineString","coordinates":[[143.7745717,43.6229372],[143.7788186,43.6262936],[143.7757442,43.6331147],[143.7805064,43.6377467],[143.7789336,43.6429503],[143.7911019,43.6397572],[143.8047906,43.6476969],[143.8202258,43.6456075],[143.8300503,43.6539442],[143.83428,43.6636569],[143.8165,43.6718953],[143.8166211,43.6771531],[143.8226886,43.6859625],[143.8418711,43.6954675],[143.8430347,43.7014331],[143.8582258,43.7093647],[143.8903981,43.7015828],[143.89831,43.7047067],[143.9017872,43.7190683],[143.9131989,43.7329556],[143.9113656,43.7395444],[143.9412472,43.7557656],[143.9446272,43.7604269],[143.9390308,43.7656228],[143.9465347,43.7751622],[143.9683136,43.7635061],[143.9740478,43.7742864],[143.9725058,43.7821644],[143.9934681,43.8028814],[143.9948872,43.8094514],[143.9888092,43.8127633],[144.0037211,43.8185397],[144.0011003,43.8228922],[144.0128858,43.8377839],[144.0116611,43.8509983],[144.0283492,43.8596281],[144.0254767,43.8655103],[144.0553381,43.8777389],[144.0563428,43.8831417],[144.0465361,43.8938539],[144.0620103,43.9065508],[144.0637292,43.9212617],[144.0405636,43.9175256],[144.0326525,43.9252303],[144.0308108,43.9432867],[144.0217647,43.9465708],[144.0195042,43.9533719],[144.02626,43.9569931],[144.0228006,43.9637769],[144.0378861,43.9659622],[144.0483942,43.9733028],[144.0446664,43.9818444],[144.054345,43.9891392],[144.0467017,44.0100128],[144.0313847,44.0171875],[144.0497294,44.0333647],[144.0506906,44.0528561],[144.0457597,44.0617081],[144.0674969,44.0802803],[144.0652314,44.0837281],[144.0736847,44.0949547],[144.0870728,44.1008411],[144.0913139,44.1121514],[144.1204586,44.1095397],[144.1223397,44.1157419]]}},{"type":"Feature","properties":{"areaCode1":"140","areaCode2":"155"},"geometry":{"type":"LineString","coordinates":[[143.7744492,43.6209389],[143.7745717,43.6229372]]}},{"type":"Feature","properties":{"areaCode1":"140","areaCode2":"155"},"geometry":{"type":"LineString","coordinates":[[143.7744492,43.6209389],[143.7758717,43.6141206],[143.788535,43.6056089],[143.7908519,43.5916056],[143.8205647,43.57919],[143.8370561,43.5495914],[143.8739789,43.5303356],[143.8771247,43.5229197],[143.8847233,43.5219931],[143.8975661,43.5313722],[143.9279497,43.5194067],[143.9284317,43.5039728],[143.9436306,43.5011744],[143.9402422,43.489935],[143.9577175,43.4827103],[143.9555081,43.4750519],[143.9988214,43.4649456]]}},{"type":"Feature","properties":{"areaCode1":"140","areaCode2":"160"},"geometry":{"type":"LineString","coordinates":[[144.2167817,43.5949006],[144.2305128,43.6334219],[144.2708706,43.6664581],[144.2782733,43.6673361],[144.2729883,43.6755192],[144.2750122,43.6821222],[144.3320864,43.7049428],[144.3653522,43.7003997],[144.3790222,43.6886861],[144.4399186,43.6981403],[144.4553761,43.6905678],[144.4585586,43.6928469],[144.4648131,43.6856419],[144.4746742,43.6863892],[144.4816825,43.6782364],[144.4863942,43.6600517],[144.5149428,43.6528108],[144.5209189,43.6385386],[144.5185417,43.6301281],[144.5302569,43.6116194],[144.5397119,43.6077714],[144.547745,43.612815],[144.5559919,43.6113336],[144.5706314,43.6006786]]}},{"type":"Feature","properties":{"areaCode1":"140","areaCode2":"160"},"geometry":{"type":"LineString","coordinates":[[144.2167817,43.5949006],[144.2293903,43.5731739],[144.2271483,43.5642997],[144.2351758,43.5604172],[144.233225,43.5319769],[144.2219842,43.5210686]]}},{"type":"Feature","properties":{"areaCode1":"140","areaCode2":"161"},"geometry":{"type":"LineString","coordinates":[[143.9988214,43.4649456],[144.0283111,43.4613322],[144.0451267,43.4702483],[144.071535,43.4746072],[144.0781197,43.4905719],[144.0714247,43.5018261],[144.0823011,43.5150694],[144.1226422,43.5117931],[144.1326283,43.5171183],[144.1398567,43.5308125],[144.1637667,43.525345],[144.18044,43.5102528],[144.1969653,43.5252811],[144.2193936,43.5171314],[144.2219842,43.5210686]]}},{"type":"Feature","properties":{"areaCode1":"140","areaCode2":"165"},"geometry":{"type":"LineString","coordinates":[[144.5706314,43.6006786],[144.5928167,43.6091158],[144.59172,43.6189842],[144.6009119,43.6199039],[144.6137044,43.6344206],[144.6268892,43.6337475],[144.6338861,43.6249358],[144.6414508,43.6249569],[144.6464294,43.6339714],[144.6601497,43.6380547],[144.6787625,43.6524339],[144.7063511,43.6600089],[144.7073511,43.6712192],[144.7341967,43.6864889],[144.7235258,43.7098436],[144.7223631,43.7617253],[144.7608386,43.7569989],[144.7961056,43.7628903],[144.8101925,43.7748425],[144.8049739,43.7776803],[144.8118378,43.7817583],[144.8075828,43.7874294],[144.8148322,43.7904394],[144.8160297,43.7959025],[144.8274247,43.7942675],[144.8306325,43.7994442],[144.8390039,43.7994967],[144.8439342,43.7866911],[144.8607972,43.7870667],[144.8675256,43.7980289],[144.8635925,43.8127614],[144.8795567,43.8224261],[144.8770256,43.8318833],[144.8904564,43.8357372],[144.9051061,43.8502594],[144.9019103,43.8620236],[144.9050672,43.8671081],[144.8767222,43.8766961],[144.8969378,43.8867797],[144.9055644,43.8986233],[144.9049639,43.9056147],[144.9166019,43.9069667],[144.9229494,43.9187714],[144.9556294,43.9198592],[144.9762781,43.9264061],[144.9854539,43.9391497],[145.0031747,43.9469925],[144.9951842,43.9679689],[145.0154925,43.9976278],[145.0260461,44.0062606],[145.0493614,44.0079872],[145.0507194,44.0215006],[145.0649975,44.0430572],[145.0887886,44.0428044],[145.1133306,44.0579611],[145.1211236,44.0751469],[145.1389283,44.0901075],[145.1495272,44.1118706],[145.16262,44.1131622],[145.1688214,44.1244225],[145.1793697,44.1279703],[145.1805967,44.1362217],[145.2177714,44.1466833],[145.223675,44.1556928],[145.2450167,44.1643772],[145.274055,44.1686975],[145.2715472,44.1777817],[145.2875556,44.1854058],[145.2790922,44.1894633],[145.2853781,44.1995192],[145.2768989,44.20587],[145.2773364,44.2197333],[145.3029686,44.2468589],[145.2999556,44.2529131],[145.3114106,44.2545564],[145.3197217,44.2657642],[145.3175364,44.2745547],[145.3212622,44.2820047],[145.3172964,44.2872386],[145.3285156,44.3092631],[145.3257903,44.3255006],[145.3376442,44.3413125]]}},{"type":"Feature","properties":{"areaCode1":"141","areaCode2":""},"geometry":{"type":"LineString","coordinates":[[143.7764514,44.1846869],[143.7842419,44.1870428],[143.7836547,44.1796694],[143.7896434,44.1816191],[143.9831709,44.1366289],[144.0743856,44.123821],[144.1005495,44.1292991],[144.1081866,44.1200046],[144.1223397,44.1157419]]}},{"type":"Feature","properties":{"areaCode1":"141","areaCode2":"142"},"geometry":{"type":"LineString","coordinates":[[143.1718453,43.70692],[143.2260486,43.6967989],[143.2529192,43.7094467],[143.2557933,43.7213308],[143.2488975,43.73315],[143.2508583,43.7390525],[143.268815,43.7459947],[143.2732131,43.754095],[143.2889225,43.7634272],[143.3070153,43.7594672],[143.3131739,43.7650864],[143.3097778,43.7681978],[143.3185033,43.7696697],[143.3266511,43.7639564],[143.3369897,43.7655744],[143.3396167,43.7715567],[143.3534419,43.7729044],[143.3641394,43.7821997],[143.3633856,43.7900822],[143.3757225,43.7909489],[143.3766531,43.7978983],[143.4008986,43.7953161],[143.4331203,43.7990394],[143.4566514,43.8133808],[143.4781117,43.814745],[143.4882003,43.8094411],[143.5116328,43.8131731],[143.5300736,43.8221978],[143.52567,43.8261244],[143.5290181,43.8351808],[143.5455458,43.8388189],[143.5532194,43.8453117],[143.5598372,43.8400203],[143.5719392,43.8445658],[143.5654803,43.8582281],[143.5690989,43.8610744],[143.5669231,43.8758172],[143.5834033,43.8870331],[143.5831914,43.8955058],[143.5872986,43.8964611],[143.5838361,43.9208211],[143.5906453,43.9262372],[143.5861153,43.9310231],[143.5908203,43.9375953],[143.5877978,43.9468347],[143.5747442,43.9493314],[143.5709792,43.9570939],[143.5734625,43.9641581],[143.5890714,43.9699028],[143.5852575,43.9755917],[143.5896739,43.9830325],[143.5872864,43.989335],[143.61337,43.9955669],[143.6378097,43.9934236],[143.6420006,43.9873794],[143.6483333,43.9880742],[143.6548133,43.9919489],[143.6520058,43.99996],[143.66405,44.0110119],[143.6822014,44.0170772],[143.7128667,44.0068972],[143.7158081,44.0253036],[143.7385389,44.0624306],[143.7402272,44.0887403],[143.7468464,44.0932422],[143.7468653,44.1019914],[143.7415081,44.1043075],[143.7418908,44.120655],[143.7756897,44.1443436],[143.7764514,44.1846869]]}},{"type":"Feature","properties":{"areaCode1":"141","areaCode2":"155"},"geometry":{"type":"LineString","coordinates":[[143.1424697,43.5951497],[143.1547542,43.5915181],[143.1732206,43.5948125],[143.1851589,43.5864717],[143.1839339,43.5823133],[143.2087181,43.58428],[143.2131656,43.5753036],[143.2277347,43.5729031],[143.2235075,43.5568256],[143.2337958,43.5513836],[143.26146,43.5593011],[143.2697975,43.5536528],[143.3075831,43.5463178],[143.3339306,43.5577],[143.3390947,43.5501786],[143.3569061,43.5464894],[143.3740317,43.5522469],[143.3900333,43.5444667],[143.3985356,43.5469381],[143.42522,43.5247394],[143.4637417,43.5081533],[143.4722578,43.5292783],[143.4825903,43.5327103],[143.4985711,43.5504906],[143.5193986,43.5478972],[143.5193156,43.5537747],[143.5300069,43.5659289],[143.5282106,43.57811],[143.5415836,43.5967117],[143.5481142,43.5992744],[143.5703553,43.5945633],[143.5896822,43.6034758],[143.6171425,43.6059181],[143.6186994,43.6124406],[143.6319867,43.62209],[143.6256667,43.6376975],[143.6431756,43.6391869],[143.6555383,43.6337622],[143.6584231,43.6268839],[143.6733314,43.6298539],[143.6794992,43.6257469],[143.6956553,43.6397436],[143.7111106,43.6353203],[143.7236828,43.6405744],[143.7360319,43.6378892],[143.7427694,43.6181614],[143.7626422,43.6167192],[143.7678564,43.6229453],[143.7745717,43.6229372]]}},{"type":"Feature","properties":{"areaCode1":"142","areaCode2":""},"geometry":{"type":"LineString","coordinates":[[142.84206,44.6872025],[142.8628058,44.6751325],[142.8706978,44.6623811],[142.8933525,44.6518289],[142.9174336,44.6290083],[142.9274508,44.6288506],[142.9331353,44.6228986],[142.9323906,44.6144678],[142.9482909,44.6057179],[142.9429891,44.6080344],[142.9463425,44.6054598],[142.9433232,44.6020546],[142.9643162,44.5907366],[142.9691655,44.5861942],[142.9637099,44.5891656],[142.9640443,44.5843871],[142.9902089,44.5602964],[143.0455561,44.5294669],[143.0558758,44.5277956],[143.0629997,44.5319581],[143.063075,44.5195603],[143.0825086,44.5074581],[143.2140616,44.4406089],[143.2231186,44.4416134],[143.2327839,44.4320131],[143.2322075,44.4283611],[143.2272871,44.4292881],[143.2336453,44.4219206],[143.3487444,44.3705236],[143.3641131,44.3563898],[143.3656849,44.3513899],[143.3611996,44.3552537],[143.3568012,44.3520612],[143.3590242,44.3488759],[143.3605928,44.352217],[143.3641593,44.3381756],[143.3714837,44.3394648],[143.3765232,44.3336994],[143.3806069,44.3372962],[143.3740575,44.3311368],[143.3927441,44.3192899],[143.5673897,44.2492761],[143.623911,44.234103],[143.6206256,44.2312311],[143.6310411,44.2340417],[143.6207222,44.2312046],[143.6281964,44.2325722],[143.6286656,44.2286514],[143.64017,44.2246394],[143.7764514,44.1846869]]}},{"type":"Feature","properties":{"areaCode1":"145","areaCode2":""},"geometry":{"type":"LineString","coordinates":[[140.5371131,42.5874103],[140.5675197,42.5697964],[140.5827047,42.5661836],[140.5970544,42.5751074],[140.6070331,42.5739736],[140.6455278,42.5865464],[140.6879006,42.5872333],[140.7086261,42.5825864],[140.704009,42.5815008],[140.7104749,42.5813181],[140.7117036,42.5738761],[140.7229236,42.5743117],[140.7707273,42.5401573],[140.7775096,42.5289476],[140.7723219,42.5299867],[140.7762092,42.5271165],[140.771187,42.5220313],[140.7862167,42.5178865],[140.7861727,42.5131475],[140.7791143,42.5158952],[140.7799565,42.4992653],[140.8004402,42.4992404],[140.8342155,42.4734392],[140.874049,42.458009],[140.8958419,42.4270635],[140.8957592,42.4171494],[140.8982534,42.4205693],[140.8965519,42.4176468],[140.9012433,42.4161133],[140.9083173,42.3796771]]}},{"type":"Feature","properties":{"areaCode1":"145","areaCode2":"146"},"geometry":{"type":"LineString","coordinates":[[140.9083173,42.3796771],[140.9307406,42.3878678],[140.9485931,42.38727],[140.983475,42.4104192],[140.9850667,42.4153947],[140.979125,42.4200647],[140.9903964,42.4372625],[140.9803397,42.4469228],[140.9879514,42.4655892],[140.9715611,42.4738506],[140.9704581,42.5049306],[140.9900175,42.5060906],[140.9949456,42.512155],[141.0151178,42.5147036],[141.0232636,42.5113919],[141.040345,42.5178706],[141.0537128,42.5291397],[141.0690644,42.5294564],[141.0651133,42.5447706],[141.0784353,42.5544439],[141.0856628,42.5545544],[141.0884803,42.5886247],[141.1117119,42.6047358],[141.113795,42.6124383],[141.1268197,42.6117519],[141.1476194,42.6229228],[141.1494992,42.6290003],[141.1427983,42.6351317],[141.1555153,42.6426672],[141.1621808,42.6649436],[141.1914658,42.6857897]]}},{"type":"Feature","properties":{"areaCode1":"146","areaCode2":""},"geometry":{"type":"LineString","coordinates":[[140.9082467,42.3775787],[140.9157835,42.3660009],[140.9178539,42.37168],[140.9526794,42.3602788],[140.9480756,42.3539479],[140.9527797,42.3602662],[140.971575,42.3555786],[140.9819095,42.3586606],[140.9861157,42.3532547],[140.9757951,42.3526023],[140.9764517,42.3486656],[141.0075502,42.3482739],[140.9795994,42.3433673],[140.9841159,42.3437214],[140.9803881,42.3431193],[140.9817599,42.3359873],[140.9868663,42.332225],[140.9821753,42.3301203],[140.9841798,42.3268001],[140.9792584,42.3280693],[140.9817379,42.3231283],[140.9768243,42.3277867],[140.9760087,42.3235957],[140.9715164,42.3272986],[140.9696728,42.3242723],[140.9709736,42.3340041],[140.964227,42.3351047],[140.9625439,42.340006],[140.9615354,42.3353681],[140.9597361,42.3426582],[140.9521674,42.3426128],[140.950302,42.3507326],[140.9509578,42.3474656],[140.9361302,42.3424972],[140.9426506,42.3416449],[140.930873,42.3404566],[140.930382,42.335322],[140.9475731,42.3166194],[140.9662685,42.3149697],[140.9679546,42.3075084],[141.0025411,42.3009916],[141.0090534,42.3041937],[141.0091224,42.3173069],[141.0234864,42.3326385],[141.0347344,42.3355121],[141.033666,42.3412584],[141.043136,42.3498593],[141.0540694,42.3513659],[141.0530491,42.3580754],[141.0765187,42.3818036],[141.123838,42.418771],[141.1558547,42.4403717],[141.1660632,42.4396969],[141.189378,42.4526896],[141.1868219,42.4469657],[141.1919289,42.4522487],[141.206038,42.4533881],[141.3009732,42.5147846],[141.3070168,42.5178602],[141.3127191,42.5134865],[141.3074104,42.5178965],[141.31221,42.5213063],[141.3195046,42.517022],[141.316544,42.5204131],[141.3221785,42.5206617],[141.3193576,42.5235818],[141.3235681,42.5268218],[141.3265529,42.5242324],[141.3212924,42.5160983],[141.3267439,42.5241927],[141.3242336,42.5275284],[141.3479168,42.5412849],[141.4618061,42.5925114],[141.5237825,42.6118017],[141.5800443,42.6232181],[141.6108279,42.6272149],[141.6115629,42.6203799],[141.620072,42.6212411],[141.6148721,42.629082],[141.6230573,42.6269979],[141.6231344,42.6433176],[141.6341993,42.6370014],[141.6650083,42.6471663],[141.6654936,42.6510936],[141.6678458,42.6481361],[141.6954058,42.6573963],[141.6984242,42.6525305],[141.6420248,42.6351966],[141.6248862,42.6201359],[141.6328264,42.6279797],[141.6662064,42.6306886],[141.7276345,42.6259697],[141.7299681,42.6210448],[141.7334588,42.6246126],[141.7344892,42.6206455],[141.7296385,42.6202025],[141.7562618,42.6216238],[141.7764266,42.6146383],[141.7745426,42.6083483],[141.7779623,42.6168745],[141.7817442,42.6166294],[141.7873191,42.6150709],[141.7811945,42.6069023],[141.8011345,42.6016433],[141.8103763,42.6117332],[141.8181395,42.6129702],[141.8142706,42.6038335],[141.8194051,42.6046152],[141.8131264,42.6031701],[141.8177161,42.6010078],[141.8217821,42.6056875],[141.90467,42.5769743],[141.9179608,42.5603275],[141.9430706,42.5463085],[141.9350368,42.5474335],[141.9379864,42.5451887],[141.9626045,42.5354016],[141.9668643,42.5284676]]}},{"type":"Feature","properties":{"areaCode1":"146","areaCode2":""},"geometry":{"type":"LineString","coordinates":[[140.9082467,42.3775787],[140.9083173,42.3796771]]}},{"type":"Feature","properties":{"areaCode1":"146","areaCode2":"150"},"geometry":{"type":"LineString","coordinates":[[141.9668643,42.5284676],[141.9790794,42.5355247],[141.9822608,42.5452061],[142.0113675,42.5398897],[142.0124644,42.5460944],[142.0345769,42.5520934],[142.0605519,42.5731517],[142.0842189,42.5747067],[142.0896897,42.5850572],[142.1193622,42.5932883],[142.1203767,42.6134683],[142.1313203,42.6374814],[142.1374889,42.6411817],[142.1368139,42.6521908],[142.1486167,42.6610056],[142.1480981,42.6717186],[142.1602875,42.676045],[142.1604139,42.6843061],[142.1670639,42.6924436],[142.1856633,42.7007692],[142.1896253,42.7201733],[142.2124592,42.724085],[142.2101492,42.7282875],[142.2199264,42.7343158],[142.2197281,42.7448458],[142.2351219,42.7475153],[142.2425981,42.7420708],[142.265185,42.7589847],[142.2988739,42.7732033],[142.2973031,42.7841544],[142.3052011,42.7907064],[142.3070589,42.8181567],[142.3118156,42.8249361],[142.3045161,42.8423994],[142.3110497,42.8474344],[142.3076997,42.8527444],[142.3180014,42.8650372],[142.3117903,42.8732514],[142.3130853,42.8813708],[142.3246294,42.8907672]]}},{"type":"Feature","properties":{"areaCode1":"150","areaCode2":""},"geometry":{"type":"LineString","coordinates":[[141.9668643,42.5284676],[141.9816743,42.515533],[142.0153765,42.4993503],[142.0195471,42.4930026],[142.0154118,42.493364],[142.0274008,42.4849018],[142.0706088,42.4780071],[142.0751524,42.4745509],[142.0717641,42.4721504],[142.0760084,42.4722761],[142.0703286,42.4716537],[142.0762251,42.4697275],[142.1286319,42.4675956],[142.1671683,42.4594375],[142.1942861,42.4477664],[142.2070558,42.4381289],[142.2036137,42.4326258],[142.2088297,42.4329749],[142.2020032,42.4327535],[142.2222449,42.4225832]]}},{"type":"Feature","properties":{"areaCode1":"150","areaCode2":"151"},"geometry":{"type":"LineString","coordinates":[[142.2222449,42.4225832],[142.2294678,42.4213869],[142.2349997,42.4266639],[142.2456825,42.4240864],[142.2510419,42.4304597],[142.2741861,42.4356967],[142.2747769,42.4408472],[142.2827086,42.4424044],[142.2840339,42.4492058],[142.2976472,42.4574031],[142.3091419,42.4826975],[142.3042411,42.4853894],[142.3085531,42.4892069],[142.3053028,42.5006172],[142.3157633,42.5082961],[142.3208592,42.5192556],[142.3347375,42.5226706],[142.3367169,42.5370844],[142.3309439,42.5400989],[142.3345478,42.5465017],[142.3427494,42.5438625],[142.3540231,42.5492764],[142.3564397,42.5446594],[142.3632419,42.5478481],[142.3712522,42.5423653],[142.38601,42.5423292],[142.4096006,42.5650464],[142.4344208,42.5647139],[142.45533,42.5745731],[142.4657869,42.5838694],[142.4664228,42.5940664],[142.504205,42.5992275],[142.4953494,42.6043419],[142.4936358,42.6128017],[142.4843444,42.6208633],[142.4954881,42.6342706],[142.5308311,42.6323619],[142.5453903,42.6395386],[142.5424469,42.6520558],[142.5501539,42.6591986],[142.5420211,42.6667689],[142.5498008,42.6744492],[142.5452425,42.6791672],[142.5449219,42.6908303],[142.5521264,42.6942239],[142.5507408,42.7046603],[142.5621936,42.7067778],[142.5715225,42.72769],[142.5820892,42.7277703],[142.5928461,42.7379675],[142.6082711,42.7372411],[142.6161642,42.7251967],[142.6588325,42.7278428],[142.6804106,42.7184675],[142.6920997,42.7260031],[142.6950522,42.7386542]]}},{"type":"Feature","properties":{"areaCode1":"150","areaCode2":"156"},"geometry":{"type":"LineString","coordinates":[[142.6868458,42.7487544],[142.6975183,42.7674056],[142.7198256,42.7757481],[142.7164381,42.7835503],[142.7216911,42.7924183],[142.7202317,42.8042522],[142.7326769,42.8228725],[142.7292939,42.8266817],[142.73792,42.8422711],[142.7567497,42.8517425],[142.7722281,42.8510239],[142.7878947,42.8634592],[142.785415,42.8688375],[142.7702831,42.8727717],[142.7634794,42.8926069],[142.756115,42.8977506],[142.7779981,42.9255656],[142.7723972,42.9364075],[142.7593625,42.9425328],[142.7603856,42.9512856],[142.7496006,42.9644867],[142.7543158,42.9747192],[142.7623228,42.9780611],[142.7635925,42.9891386],[142.7448769,42.9977767],[142.7408656,43.0049897]]}},{"type":"Feature","properties":{"areaCode1":"150","areaCode2":"156"},"geometry":{"type":"LineString","coordinates":[[142.6868458,42.7487544],[142.6950522,42.7386542]]}},{"type":"Feature","properties":{"areaCode1":"151","areaCode2":""},"geometry":{"type":"LineString","coordinates":[[142.2222449,42.4225832],[142.2782811,42.3768911],[142.2729241,42.3774067],[142.3596465,42.3353473],[142.3724108,42.3237014],[142.3678024,42.3234761],[142.4065064,42.3085469],[142.4436206,42.3043719],[142.4516889,42.2991886],[142.4522362,42.2948909],[142.4482156,42.2962637],[142.483538,42.2690938],[142.5099033,42.2665347],[142.5508044,42.2499199],[142.5534111,42.2462522],[142.5503189,42.2457415],[142.5839414,42.2436661],[142.6138681,42.2242455],[142.6283858,42.2225867],[142.6491344,42.2089361]]}},{"type":"Feature","properties":{"areaCode1":"151","areaCode2":"152"},"geometry":{"type":"LineString","coordinates":[[142.6489592,42.2123511],[142.6546058,42.2187917],[142.6706383,42.2221889],[142.6689603,42.2310647],[142.6838825,42.2413972],[142.6992069,42.2396344],[142.7102386,42.2435658],[142.720755,42.2553972],[142.7313831,42.2595231],[142.7391536,42.2681628],[142.7355561,42.27802],[142.7425672,42.2805964],[142.7516508,42.2938269],[142.7505892,42.3019392],[142.7572108,42.3103214],[142.7681989,42.3138944],[142.7627625,42.3333403],[142.7701989,42.343645],[142.7697119,42.3515186],[142.7749294,42.3526619],[142.7933294,42.3791875],[142.7837283,42.3901897],[142.7884533,42.3995564],[142.7769678,42.4118708],[142.7785789,42.4320919],[142.8161867,42.4398186],[142.8320328,42.4494017],[142.8406583,42.4468831],[142.8508692,42.4522894],[142.8664222,42.4524531],[142.8685917,42.4638744],[142.8820967,42.4663164]]}},{"type":"Feature","properties":{"areaCode1":"151","areaCode2":"152"},"geometry":{"type":"LineString","coordinates":[[142.6489592,42.2123511],[142.6491344,42.2089361]]}},{"type":"Feature","properties":{"areaCode1":"151","areaCode2":"156"},"geometry":{"type":"LineString","coordinates":[[142.6950522,42.7386542],[142.7218306,42.7359136],[142.7328611,42.7215983],[142.7558347,42.7219439],[142.7560286,42.6908464],[142.7640603,42.6839297]]}},{"type":"Feature","properties":{"areaCode1":"151","areaCode2":"157"},"geometry":{"type":"LineString","coordinates":[[142.7514633,42.6606464],[142.7640603,42.6839297]]}},{"type":"Feature","properties":{"areaCode1":"151","areaCode2":"157"},"geometry":{"type":"LineString","coordinates":[[142.7514633,42.6606464],[142.7562706,42.6570325],[142.7550194,42.6447719],[142.7691442,42.6348108],[142.7665978,42.6250369],[142.7939097,42.6157492],[142.8005672,42.5964192],[142.8101181,42.5884578],[142.8117106,42.5776067],[142.8249008,42.57089],[142.8282089,42.5488161],[142.8637931,42.5415706],[142.8640439,42.5282489],[142.8560406,42.5134744],[142.8711344,42.4991578],[142.8887131,42.4938611],[142.8898564,42.4815031],[142.8820967,42.4663164]]}},{"type":"Feature","properties":{"areaCode1":"152","areaCode2":""},"geometry":{"type":"LineString","coordinates":[[142.6491344,42.2089361],[142.6708278,42.1915447],[142.6906247,42.1915061],[142.697995,42.1849468],[142.7172072,42.1858006],[142.7333884,42.1774299],[142.7602346,42.1747254],[142.7638022,42.170841],[142.7576808,42.1670363],[142.7631729,42.1704391],[142.7734625,42.1616349],[142.7555738,42.1648268],[142.7877939,42.1562985],[142.8149592,42.1415236],[142.8513044,42.1390306],[142.8756103,42.1313519],[142.9072865,42.1328682],[142.9123168,42.1301688],[142.9110884,42.1239628],[142.9163226,42.1243141],[142.9123146,42.1276286],[142.9195352,42.1260311],[142.9091949,42.1226301],[142.9218039,42.1197839],[142.9224006,42.124265],[142.9338531,42.1257678],[142.9642,42.118685],[142.97789,42.1019622],[142.9982194,42.0940434],[143.0088794,42.0809825],[143.061715,42.0652472],[143.13426,42.0278383],[143.1585024,42.0008313],[143.16359,41.98273],[143.1935544,41.9638128],[143.1962558,41.9576403],[143.2152514,41.9514336],[143.2424661,41.9241053],[143.24959,41.9251764],[143.2407164,41.941909],[143.2440969,41.9654806],[143.2594842,42.0038572],[143.2755583,42.0223697],[143.2896794,42.0283061],[143.2877706,42.0331558],[143.2977989,42.0406997],[143.2941006,42.0430311],[143.2999389,42.0438743],[143.2988653,42.0400182],[143.310015,42.0475269],[143.3123222,42.0633603],[143.3075236,42.0758117],[143.3230908,42.1155422],[143.3167903,42.1229708],[143.3261936,42.1519881],[143.3241028,42.16004]]}},{"type":"Feature","properties":{"areaCode1":"152","areaCode2":"157"},"geometry":{"type":"LineString","coordinates":[[142.8820967,42.4663164],[142.8884878,42.4542692],[142.8987325,42.4492103],[142.9060364,42.4286525],[142.9248714,42.4343469],[142.9470981,42.4274144],[142.9500531,42.4146789],[142.9668533,42.4021131],[142.9702011,42.39162],[142.9895481,42.3737078],[142.9998397,42.371525],[143.0100881,42.3529864],[143.0249642,42.3472533],[143.0389169,42.3293819],[143.0479603,42.3290456],[143.0548181,42.3093411],[143.0739981,42.3027147],[143.0762461,42.2908506],[143.1068231,42.2853917],[143.1123061,42.2800992],[143.1170292,42.2602458],[143.1490258,42.2520408],[143.147585,42.2405964],[143.1656328,42.2231775],[143.1786636,42.2236447],[143.1860625,42.2189542],[143.1918872,42.19941],[143.2018317,42.1890028],[143.2201753,42.17844],[143.2399686,42.1815936],[143.2532494,42.1686519],[143.2660958,42.1687839],[143.2695261,42.1607261],[143.2937536,42.1685861],[143.3241028,42.16004]]}},{"type":"Feature","properties":{"areaCode1":"155","areaCode2":"156"},"geometry":{"type":"LineString","coordinates":[[142.7543656,43.0131058],[142.7758308,43.0151486],[142.8138764,43.0352289],[142.8584242,43.0379072],[142.8521014,43.042975],[142.8611522,43.0535606],[142.8555422,43.061305],[142.8957397,43.0702014],[142.8864875,43.0877792],[142.9197739,43.0931239],[142.9158842,43.1171847],[142.9294011,43.1204383],[142.9327847,43.1036175],[142.9681872,43.0680697],[143.0219564,43.0337964],[143.0702208,43.0109531],[143.0634461,43.062295],[143.0404033,43.0697683],[143.0748375,43.1665067],[143.1504758,43.1524169],[143.1185733,43.1794314],[143.1218033,43.1981925],[143.0995758,43.2410936],[143.1028903,43.2495147],[143.2602653,43.2201169],[143.2556906,43.2139869],[143.3729108,43.2002133],[143.3759486,43.1975144],[143.3722231,43.1897847],[143.3919242,43.1875875],[143.3990125,43.1997869],[143.3946714,43.2079422],[143.4067714,43.2148325],[143.4004094,43.2196703],[143.4014064,43.2285858],[143.4110164,43.2445542],[143.4771053,43.2401008],[143.4897712,43.235458],[143.4966372,43.2391741],[143.4957401,43.2357825],[143.5256822,43.227735],[143.5386242,43.2360797],[143.5409111,43.2271561],[143.5634647,43.2071769],[143.5694964,43.1886947],[143.5823606,43.1950794],[143.5807925,43.2026514],[143.6600378,43.2398667],[143.6724453,43.2267286],[143.6965336,43.2190642],[143.701725,43.2097969],[143.7157558,43.2006378],[143.7255558,43.1999144],[143.7461667,43.2103422],[143.7748653,43.2117667],[143.7821947,43.2042003],[143.7926614,43.2036394]]}},{"type":"Feature","properties":{"areaCode1":"155","areaCode2":"161"},"geometry":{"type":"LineString","coordinates":[[143.7893294,43.2197919],[143.7976369,43.2101242],[143.7926614,43.2036394]]}},{"type":"Feature","properties":{"areaCode1":"155","areaCode2":"161"},"geometry":{"type":"LineString","coordinates":[[143.7893294,43.2197919],[143.7936725,43.2298561],[143.7999192,43.2313353],[143.8005119,43.2476406],[143.8114306,43.2469247],[143.8152603,43.2566086],[143.8272878,43.2622567],[143.8215064,43.2726564],[143.8267892,43.2789656],[143.8220731,43.2887975],[143.8306172,43.2937319],[143.8330642,43.2878789],[143.8449803,43.2841011],[143.8658547,43.3053025],[143.8804658,43.3063319],[143.8903767,43.3159272],[143.8958403,43.3140511],[143.8960872,43.3245064],[143.9101489,43.3349381],[143.9177511,43.3337036],[143.9217089,43.3405578],[143.9326319,43.3371822],[143.9323561,43.3408653],[143.9514661,43.3505678],[143.9525531,43.3582297],[143.960565,43.3563836],[143.9663964,43.3618472],[144.0067253,43.3740856],[144.010255,43.3815547],[144.0041447,43.3870222],[144.0154772,43.3853367],[144.0270486,43.3919153],[144.0221883,43.3958014],[144.029265,43.4114542],[144.0282244,43.4265728],[144.0154156,43.4276222],[144.0038275,43.4356258],[144.0004108,43.4437317],[144.0051031,43.4498431],[143.9988214,43.4649456]]}},{"type":"Feature","properties":{"areaCode1":"156","areaCode2":""},"geometry":{"type":"LineString","coordinates":[[143.5241567,42.5734689],[143.6316414,42.6698436],[143.6367064,42.6723867],[143.6432718,42.6677039],[143.6367163,42.6726221],[143.641517,42.6757753],[143.6467898,42.6650341],[143.6417149,42.6757173],[143.6494936,42.6826969],[143.8106533,42.7986389],[143.8185648,42.8031245],[143.8235044,42.7992718],[143.8197578,42.80683],[143.8248851,42.800073],[143.8214869,42.8072525],[143.8693461,42.8422525]]}},{"type":"Feature","properties":{"areaCode1":"156","areaCode2":"157"},"geometry":{"type":"LineString","coordinates":[[142.7640603,42.6839297],[142.7930883,42.6941308],[142.8172319,42.6923661],[142.8279478,42.6870308],[142.8595161,42.6954044],[142.8704869,42.6835022],[142.8636536,42.6745697],[142.8646106,42.6542992],[142.859505,42.6412569],[142.8625056,42.6381281],[142.8890403,42.6259433],[142.9006861,42.6148353],[142.9194339,42.6268972],[142.9624761,42.6190336],[142.9948453,42.6261467],[143.0118361,42.6356953],[143.0312206,42.6373311],[143.0314367,42.64674],[143.0455061,42.6509142],[143.0452011,42.6553672],[143.0553389,42.6601742],[143.0819675,42.6933772],[143.0725008,42.701765],[143.0979786,42.7215958],[143.1021847,42.7313367],[143.1157531,42.725575],[143.1193142,42.7300228],[143.1396956,42.7209811],[143.1495942,42.7311975],[143.1585731,42.732595],[143.1969089,42.7245408],[143.1909694,42.6995044],[143.2075576,42.7023067],[143.2076364,42.7078364],[143.2400742,42.7017833],[143.2484308,42.7255611],[143.2846878,42.7186414],[143.2616758,42.6398817],[143.2694119,42.6340819],[143.3023356,42.6309033],[143.3041939,42.6258447],[143.2990714,42.6050983],[143.2938136,42.6035678],[143.2976642,42.5997606],[143.2952797,42.5926206],[143.275711,42.5905132],[143.2709659,42.5849955],[143.2294735,42.5700924],[143.2235927,42.5725824],[143.2185972,42.5656272],[143.2302306,42.5610367],[143.2238472,42.5521556],[143.2990981,42.5283931],[143.3387194,42.5409539],[143.3610939,42.5336983],[143.3632067,42.5289731],[143.3693742,42.5303008],[143.378,42.5092642],[143.4526106,42.52761],[143.4176047,42.5593658],[143.4112153,42.5599275],[143.4122111,42.5764961],[143.4071817,42.5901222],[143.3928197,42.5931372],[143.3864406,42.5882525],[143.3726897,42.5925539],[143.3633292,42.6101144],[143.3713064,42.6255167],[143.3641258,42.6375519],[143.3708411,42.6480497],[143.3906261,42.6483272],[143.3886603,42.6587586],[143.3969894,42.6612792],[143.4112042,42.6770792],[143.4332917,42.6647269],[143.4401592,42.6653406],[143.4387639,42.6570172],[143.4445811,42.64756],[143.4633028,42.6325608],[143.4745631,42.6394475],[143.4841239,42.6345975],[143.4794219,42.6218319],[143.4978939,42.6149897],[143.4942903,42.6111047],[143.5066503,42.5992042],[143.5205733,42.5999408],[143.5154867,42.5898289],[143.5221239,42.5825403],[143.5181331,42.5764803],[143.5241567,42.5734689]]}},{"type":"Feature","properties":{"areaCode1":"156","areaCode2":"161"},"geometry":{"type":"LineString","coordinates":[[143.7028308,43.0069019],[143.7125544,42.9909322],[143.7244767,42.9959217],[143.7336825,42.9915422],[143.7494792,42.9799603],[143.7502453,42.9709878],[143.7664528,42.9604508],[143.7614208,42.9381178],[143.7683656,42.9360428],[143.7643117,42.9302075],[143.7711239,42.9223339],[143.7717925,42.9119789],[143.7837431,42.9020278],[143.7773725,42.8959253],[143.7873006,42.8926928],[143.7895089,42.8857936],[143.7947142,42.8873614],[143.8202117,42.8752836],[143.8383203,42.8634806],[143.8350575,42.860805],[143.8403483,42.8611719],[143.8498953,42.8515472],[143.8592503,42.8523486],[143.8624878,42.8440664],[143.8693461,42.8422525]]}},{"type":"Feature","properties":{"areaCode1":"156","areaCode2":"161"},"geometry":{"type":"LineString","coordinates":[[143.7028308,43.0069019],[143.7104853,43.0429697],[143.7246328,43.0564908],[143.740095,43.058965],[143.7427419,43.0732997],[143.7563322,43.0836481],[143.7520528,43.0945069],[143.7591869,43.1063944],[143.7529628,43.1183836],[143.7680733,43.1319428],[143.7750236,43.1509575],[143.7677692,43.1630511],[143.7727061,43.1678944],[143.7820831,43.1676722],[143.7833669,43.1725617],[143.7755714,43.1753058],[143.7802286,43.1837064],[143.7769728,43.1865178],[143.7899242,43.1931214],[143.7926614,43.2036394]]}},{"type":"Feature","properties":{"areaCode1":"157","areaCode2":""},"geometry":{"type":"LineString","coordinates":[[143.3078247,42.2445956],[143.3195427,42.2816808],[143.3252578,42.2827744],[143.3205394,42.2824561],[143.3259057,42.290845],[143.3477055,42.3024244],[143.3262246,42.2922143],[143.3235768,42.2868777],[143.3197394,42.2885513],[143.3231469,42.2909859],[143.3207954,42.2975642],[143.3286989,42.2948957],[143.3240613,42.299423],[143.3329827,42.3028247],[143.3276552,42.3068677],[143.3401353,42.3008656],[143.3251461,42.3080335],[143.3264455,42.3132223],[143.3625697,42.3764986],[143.3895106,42.4164906],[143.3966652,42.4208009],[143.3917381,42.4188588],[143.4006186,42.4330928],[143.4335942,42.4715503],[143.4319267,42.476825],[143.4339856,42.4740695],[143.5241567,42.5734689]]}},{"type":"Feature","properties":{"areaCode1":"157","areaCode2":""},"geometry":{"type":"LineString","coordinates":[[143.3078247,42.2445956],[143.3155348,42.2273564],[143.3236909,42.2227626],[143.3197717,42.2221808],[143.3205486,42.2092156],[143.3359786,42.2015744],[143.3336219,42.1747125],[143.3241028,42.16004]]}},{"type":"Feature","properties":{"areaCode1":"160","areaCode2":"161"},"geometry":{"type":"LineString","coordinates":[[144.2219842,43.5210686],[144.2470603,43.5109506],[144.2337461,43.4949658],[144.2378047,43.4910567],[144.2305503,43.4812083],[144.2372008,43.4723742],[144.2286044,43.4659094],[144.2370742,43.4541119],[144.2492283,43.4538222],[144.2668806,43.4391592],[144.2837044,43.4368658],[144.2896328,43.4401597],[144.2990353,43.4350172],[144.3098436,43.4385433],[144.3130831,43.4309819],[144.32723,43.4253061],[144.3512303,43.4277992],[144.3754869,43.3968219],[144.3923914,43.3972706],[144.3981711,43.3921436],[144.4306556,43.4075669],[144.4211739,43.4196481],[144.4302578,43.4166158],[144.4431767,43.4259878],[144.4860567,43.4081594],[144.5079269,43.40671],[144.5209133,43.3974175],[144.5185831,43.391785],[144.5267022,43.3883878],[144.541615,43.38894],[144.5318131,43.4092],[144.5596164,43.4211133],[144.5544319,43.4248161],[144.5642169,43.4339894],[144.5609739,43.4517733],[144.5789353,43.4631764],[144.5727431,43.4673628],[144.5805225,43.4874986],[144.5709628,43.50158],[144.5949219,43.5005056],[144.5542592,43.5540061],[144.5790406,43.5769219]]}},{"type":"Feature","properties":{"areaCode1":"160","areaCode2":"165"},"geometry":{"type":"LineString","coordinates":[[144.5706314,43.6006786],[144.5790406,43.5769219]]}},{"type":"Feature","properties":{"areaCode1":"161","areaCode2":""},"geometry":{"type":"LineString","coordinates":[[143.8693461,42.8422525],[143.9287889,42.8802272],[144.050677,42.9423662],[144.0802549,42.9533313],[144.0886163,42.9525335],[144.0869396,42.9499409],[144.1263857,42.9698921],[144.1802426,42.9875125],[144.2756757,43.0035963],[144.3137725,43.0040321],[144.3142287,42.9944631],[144.3200801,43.0016144],[144.3237357,43.0013177],[144.322657,42.9972022],[144.3286883,43.0006862],[144.3287822,42.9964085],[144.3345879,42.9956716],[144.340242,42.999201],[144.3374238,42.9945172],[144.3405871,42.9938872],[144.3533301,42.9968245],[144.3416914,42.9902278],[144.3575158,42.9975134],[144.3599708,42.9893191],[144.357066,42.9935232],[144.3637845,42.9935523],[144.3600988,42.9922531],[144.3617092,42.9869584],[144.3657182,42.9903276],[144.3674453,42.9844876],[144.3717292,42.9856277],[144.3728381,42.9757573],[144.3616171,42.9713456],[144.3575132,42.9755891],[144.3621439,42.9707498],[144.3895549,42.9691035],[144.3880795,42.9664687],[144.3938803,42.9661124],[144.3868789,42.9657944],[144.3985012,42.9601702],[144.4394875,42.9520512],[144.4471962,42.9438372],[144.4856121,42.9393854],[144.528474,42.9511726],[144.5514514,42.9467653],[144.6298528,42.9512747],[144.6403178,42.9457711],[144.6644917,42.9451225],[144.6749628,42.9389014],[144.7196084,42.9350455],[144.7164577,42.9329402],[144.7815453,42.9341256],[144.7851625,42.9381394],[144.7477761,42.9555636],[144.7219206,42.9797375],[144.7262375,42.9945267],[144.7452106,43.0231908],[144.7816105,43.054179],[144.8188445,43.0590986],[144.8543167,43.0487337],[144.8436158,43.0455664],[144.8464766,43.0424348],[144.8425668,43.0392086],[144.8375069,43.0418082],[144.8412587,43.0381393],[144.8360935,43.0338666],[144.8309774,43.0356347],[144.8384152,43.0242043],[144.8323006,43.0142221],[144.8537606,43.0122296],[144.8591697,43.0053328],[144.8541542,43.0014186],[144.8715083,42.9955243],[144.8677394,42.995106],[144.8747186,42.9928167],[144.8771614,42.9856269],[144.9032428,42.9896669],[144.91899,42.9859544],[144.922655,42.9808217],[144.9288967,42.9904844],[144.9469947,42.9831019],[144.9553297,42.9853761],[144.9605897,42.9800908],[144.9734914,42.9811947],[144.9939656,42.9935914],[145.0014919,42.9910161],[145.0248486,42.9999533],[145.0304619,43.0108408],[145.0235428,43.0199453],[145.0297764,43.0228983],[145.0309847,43.0292458],[145.0500708,43.0307431],[145.0601447,43.0398972],[145.0858639,43.0449261],[145.0881477,43.0513995],[145.0845342,43.0539953],[145.0897196,43.0508359],[145.0845434,43.0540655],[145.0893075,43.0578808],[145.0870653,43.0656486],[145.0985614,43.07706],[145.1134561,43.0790592],[145.11353,43.0746685],[145.1183208,43.0789173],[145.1139171,43.0733334],[145.1222908,43.0780889],[145.1295127,43.0717344],[145.1249603,43.0673778],[145.1506717,43.0701361],[145.1501475,43.0747428],[145.1567108,43.0777214],[145.1726483,43.0760342],[145.1599303,43.0846878],[145.1168759,43.0820827],[145.1229736,43.0841067],[145.1155336,43.0842778],[145.1104519,43.1102308],[145.1236264,43.1332169],[145.1315311,43.1334581],[145.1465558,43.14503],[145.1692169,43.1502981],[145.1694561,43.1466363],[145.1771772,43.1485603],[145.1834203,43.1396294],[145.1917414,43.1374164],[145.2156386,43.1384678],[145.2459625,43.1576069],[145.2840989,43.1701539],[145.297085,43.1726564],[145.3170178,43.1667675],[145.3262281,43.1734558]]}},{"type":"Feature","properties":{"areaCode1":"161","areaCode2":"165"},"geometry":{"type":"LineString","coordinates":[[144.5790406,43.5769219],[144.6138189,43.570825],[144.6687236,43.5470722],[144.7451017,43.4859347]]}},{"type":"Feature","properties":{"areaCode1":"161","areaCode2":"166"},"geometry":{"type":"LineString","coordinates":[[144.6381228,43.4214128],[144.6386589,43.4267658],[144.6466997,43.4277842],[144.6416633,43.4367283],[144.6523808,43.4466856],[144.6790064,43.4419919],[144.7451017,43.4859347]]}},{"type":"Feature","properties":{"areaCode1":"161","areaCode2":"166"},"geometry":{"type":"LineString","coordinates":[[144.6381228,43.4214128],[144.6608072,43.3880739],[144.6697864,43.3514789],[144.6881564,43.3398908],[144.6959442,43.3446792],[144.7023789,43.3415233],[144.7274694,43.3161694],[144.7379231,43.3175192],[144.7579231,43.3080267],[144.7658492,43.3093133],[144.7681853,43.3044753],[144.8287222,43.2974025],[144.8525203,43.2799731],[144.8789186,43.2787033],[144.9105208,43.257385],[144.9164819,43.2444442],[144.9470964,43.2484578],[144.9625953,43.2376239],[144.9854375,43.2340739],[145.0129494,43.2158994],[145.0319164,43.2178297],[145.0484442,43.2372625],[145.0512594,43.2340744],[145.0652297,43.2441342],[145.1104361,43.2344756],[145.1229922,43.2386078],[145.12454,43.2333242],[145.1367769,43.2360197],[145.1416128,43.2465622],[145.1527314,43.2440644],[145.1570264,43.2503261],[145.1542983,43.2528781],[145.1622572,43.2579803],[145.1777128,43.2609297],[145.1956022,43.2576594]]}},{"type":"Feature","properties":{"areaCode1":"161","areaCode2":"167"},"geometry":{"type":"LineString","coordinates":[[145.1956022,43.2576594],[145.2254975,43.2060233],[145.2464467,43.2213867],[145.2676878,43.2272897],[145.2839264,43.2113964],[145.3137367,43.2027522],[145.3169531,43.1868897],[145.3262281,43.1734558]]}},{"type":"Feature","properties":{"areaCode1":"165","areaCode2":""},"geometry":{"type":"LineString","coordinates":[[145.0590197,43.7851058],[145.0690686,43.7479558],[145.0942462,43.7255748],[145.1252389,43.6757664],[145.1384192,43.6659399],[145.1274608,43.6699903],[145.1360189,43.665644],[145.1334801,43.6614515],[145.1390488,43.6582677],[145.1359544,43.6564528],[145.1393036,43.6494575],[145.2455592,43.6150808]]}},{"type":"Feature","properties":{"areaCode1":"165","areaCode2":""},"geometry":{"type":"LineString","coordinates":[[145.0590197,43.7851058],[145.0631089,43.7964169],[145.0656729,43.7939879],[145.0614356,43.8067425],[145.0835636,43.8207992],[145.0922594,43.8393692],[145.0986036,43.8611853],[145.0933175,43.8724569],[145.0967339,43.8732775],[145.0938872,43.8909803],[145.1186178,43.9230764],[145.1298647,43.9501033],[145.1816456,44.0082239],[145.1929831,44.017925],[145.1986656,44.0170092],[145.1942714,44.0191248],[145.2030014,44.0213033],[145.2028449,44.0255296],[145.1995872,44.0160486],[145.2048957,44.0293507],[145.2224786,44.0370228],[145.2297075,44.0457942],[145.2450367,44.0682853],[145.2400217,44.0892144],[145.2594883,44.1329898],[145.2863511,44.1508081],[145.2964847,44.1640503],[145.3066447,44.168825],[145.3192731,44.1878733],[145.3289325,44.1915022],[145.3373661,44.2134419],[145.3482508,44.2230428],[145.3479733,44.2426033],[145.3670836,44.2586469],[145.3675494,44.27141],[145.3601258,44.2737467],[145.3487611,44.29457],[145.34619,44.3107958],[145.3517444,44.3162619],[145.3406436,44.3301517],[145.3450769,44.3381211],[145.3376442,44.3413125]]}},{"type":"Feature","properties":{"areaCode1":"165","areaCode2":""},"geometry":{"type":"LineString","coordinates":[[145.1936008,43.6198389],[145.2095931,43.6231722],[145.2247933,43.6199189],[145.2294247,43.6143819],[145.2455756,43.6137469]]}},{"type":"Feature","properties":{"areaCode1":"165","areaCode2":""},"geometry":{"type":"LineString","coordinates":[[145.1936008,43.6198389],[145.2010286,43.6162978],[145.1989072,43.6078247]]}},{"type":"Feature","properties":{"areaCode1":"165","areaCode2":"166"},"geometry":{"type":"LineString","coordinates":[[144.7451017,43.4859347],[144.7555944,43.4924489],[144.7742058,43.4807558],[144.8118486,43.4800381],[144.8159681,43.4758486],[144.8462228,43.4833981],[144.86117,43.4793908],[144.8858139,43.4808733],[144.9004686,43.4879119],[144.9340347,43.4615153],[144.9531133,43.4694342],[144.9755669,43.4686692],[145.0288731,43.5041706],[145.0237133,43.5087028],[145.035005,43.5130708],[145.0100103,43.5352911],[145.0177778,43.5342303],[145.0372172,43.5453833],[145.0638469,43.5454361],[145.1185783,43.565835],[145.1407344,43.5654292],[145.1445922,43.5725625],[145.15441,43.5724506],[145.1570633,43.582075],[145.1709511,43.5837619],[145.1797894,43.6071892],[145.1915378,43.6144075],[145.1989072,43.6078247]]}},{"type":"Feature","properties":{"areaCode1":"165","areaCode2":"166"},"geometry":{"type":"LineString","coordinates":[[145.2455372,43.6148194],[145.2455592,43.6150808]]}},{"type":"Feature","properties":{"areaCode1":"165","areaCode2":"166"},"geometry":{"type":"LineString","coordinates":[[145.2455372,43.6148194],[145.2455756,43.6137469]]}},{"type":"Feature","properties":{"areaCode1":"166","areaCode2":""},"geometry":{"type":"LineString","coordinates":[[145.1947825,43.6029161],[145.1989072,43.6078247]]}},{"type":"Feature","properties":{"areaCode1":"166","areaCode2":""},"geometry":{"type":"LineString","coordinates":[[145.1947825,43.6029161],[145.2053433,43.5923986],[145.2190206,43.5874072],[145.2142781,43.57736],[145.2255649,43.5682144],[145.2238304,43.5625253],[145.2261864,43.5677298],[145.2220731,43.5579139],[145.2447397,43.5244711],[145.2628561,43.4363744],[145.2777111,43.4021125],[145.2861617,43.3899947],[145.2923013,43.3884482],[145.2877453,43.3890623],[145.2967861,43.3727919],[145.31822,43.348285],[145.3909094,43.2944905]]}},{"type":"Feature","properties":{"areaCode1":"166","areaCode2":""},"geometry":{"type":"LineString","coordinates":[[145.2414163,43.591381],[145.2691911,43.6079767],[145.2455756,43.6137469]]}},{"type":"Feature","properties":{"areaCode1":"166","areaCode2":""},"geometry":{"type":"LineString","coordinates":[[145.2414163,43.591381],[145.2731737,43.6037221],[145.2722489,43.5991046],[145.2629853,43.5964484],[145.2705822,43.5931828],[145.2880373,43.6029533],[145.2795901,43.5915573],[145.3040092,43.5949925],[145.2996203,43.5979323],[145.3072075,43.6005872],[145.3159406,43.5977471],[145.3152147,43.5935991],[145.3277119,43.5938092],[145.3294356,43.5862309],[145.3317578,43.5921844],[145.3350057,43.5898597],[145.3316483,43.5838041],[145.3202204,43.5819516],[145.3331081,43.5804281],[145.3365017,43.5858447],[145.338512,43.5804469],[145.3398635,43.5849462],[145.3417498,43.5727406],[145.330647,43.5660372],[145.3353736,43.5643753],[145.3053883,43.5651176],[145.3068033,43.5581504],[145.3010006,43.5600103],[145.3041229,43.5573375],[145.2835938,43.5615443],[145.3109744,43.552111],[145.2959471,43.5542914],[145.2873004,43.5502177],[145.331516,43.5512385],[145.3448031,43.5579461],[145.3500795,43.5663747],[145.3434691,43.5840223],[145.3277063,43.5958499],[145.2455592,43.6150808]]}},{"type":"Feature","properties":{"areaCode1":"166","areaCode2":"167"},"geometry":{"type":"LineString","coordinates":[[145.1956022,43.2576594],[145.2130019,43.2496572],[145.2209486,43.25603],[145.2168214,43.2623392],[145.2216306,43.2668178],[145.2166856,43.2699033],[145.2230961,43.2776158],[145.2396494,43.2770097],[145.2584978,43.2917264],[145.2511781,43.3202478],[145.2532394,43.3303119],[145.2963908,43.3296031],[145.3425858,43.3109264],[145.370945,43.2905933],[145.3909094,43.2944905]]}},{"type":"Feature","properties":{"areaCode1":"167","areaCode2":""},"geometry":{"type":"LineString","coordinates":[[145.3262281,43.1734558],[145.3715261,43.1826986],[145.4695797,43.1888094],[145.4884506,43.1859322],[145.49985,43.1784194],[145.5036433,43.1694461],[145.4930925,43.1667833],[145.4959392,43.158685],[145.5199586,43.1648247],[145.523955,43.1737139],[145.5105775,43.1777056],[145.5144137,43.1837033],[145.5082331,43.1778942],[145.5094696,43.1881571],[145.5294086,43.1859758],[145.5350589,43.1922825],[145.5342225,43.1990136],[145.5285835,43.2002998],[145.5320236,43.201258],[145.5280264,43.2029883],[145.5301478,43.2080922],[145.556725,43.2192575],[145.5498715,43.2226633],[145.5489283,43.2297336],[145.5541714,43.2363003],[145.5589453,43.2620378],[145.5662671,43.2717517],[145.5644572,43.2764733],[145.5725713,43.2796594],[145.5677815,43.2780051],[145.567922,43.2830388],[145.5825963,43.2864735],[145.5844973,43.282655],[145.5751815,43.2786059],[145.5810251,43.2826493],[145.5903759,43.2780778],[145.6003172,43.2899401],[145.5973824,43.2949499],[145.6029941,43.2933699],[145.6111913,43.3001027],[145.6070374,43.3043282],[145.6087859,43.3098181],[145.6297764,43.3190829],[145.6595319,43.3210333],[145.6766939,43.3115178],[145.6805536,43.3235556],[145.7018758,43.3282175],[145.7077675,43.3351742],[145.7232,43.3359547],[145.7307319,43.3282219],[145.7388156,43.3391444],[145.7567267,43.3353942],[145.753405,43.3385567],[145.7648536,43.3442705],[145.7642346,43.3404935],[145.7646906,43.3449081],[145.7854783,43.3542992],[145.7894153,43.3609533],[145.8109992,43.3676892],[145.8061528,43.3705142],[145.8064072,43.377285],[145.8174578,43.3853975],[145.7886899,43.3898158],[145.7856519,43.3862519],[145.7732386,43.3897603],[145.7735678,43.3931089],[145.7648608,43.3910064],[145.7599608,43.3941567],[145.7628397,43.398725],[145.7573492,43.3994789],[145.7448968,43.3922208],[145.7509939,43.3898133],[145.7363581,43.3896878],[145.7336261,43.3938553],[145.7213597,43.3831217],[145.6506236,43.3914511],[145.6384392,43.3735858],[145.6238354,43.3633796],[145.5875282,43.3475808],[145.5787388,43.3481167],[145.5865219,43.3404672],[145.5814508,43.3389241],[145.5808161,43.3425026],[145.5772974,43.3338432],[145.5654669,43.3259996],[145.5504049,43.3250382],[145.5523662,43.3177921],[145.5373021,43.3110186],[145.5316272,43.313886],[145.5223003,43.3070397],[145.5239122,43.3001328],[145.5137569,43.2960042],[145.4928378,43.2665775],[145.4809261,43.2736258],[145.4732025,43.2712969],[145.4353439,43.2851917],[145.3909094,43.2944905]]}},{"type":"Feature","properties":{"areaCode1":"167","areaCode2":""},"geometry":{"type":"LineString","coordinates":[[145.5871692,43.2140039],[145.5975625,43.2216694],[145.6096019,43.2128706],[145.5962481,43.2047292],[145.5875039,43.2073769],[145.5871692,43.2140039]]}},{"type":"Feature","properties":{"areaCode1":"167","areaCode2":""},"geometry":{"type":"LineString","coordinates":[[145.8625569,43.4552117],[145.8794906,43.4561873],[145.8893079,43.4620513],[145.8942635,43.450227],[145.9171142,43.4465951],[145.9270078,43.448185],[145.9350629,43.4573205],[145.9449686,43.4566329],[145.9500519,43.4522141],[145.937765,43.449305],[145.934394,43.4395603],[145.9555605,43.4250924],[145.9335301,43.4222962],[145.9122523,43.4261733],[145.8994345,43.4164875],[145.9048282,43.4191034],[145.9022261,43.4257121],[145.8961645,43.4277333],[145.8928409,43.4233559],[145.8909868,43.4285652],[145.8995601,43.4345677],[145.8968033,43.4463344],[145.8824389,43.4524886],[145.8723064,43.4491504],[145.8625569,43.4552117]]}},{"type":"Feature","properties":{"areaCode1":"167","areaCode2":""},"geometry":{"type":"LineString","coordinates":[[145.9861336,43.3690444],[145.9927008,43.3752334],[146.0047631,43.3710387],[146.0223567,43.3778209],[146.0059618,43.3602841],[145.9861336,43.3690444]]}},{"type":"Feature","properties":{"areaCode1":"167","areaCode2":""},"geometry":{"type":"LineString","coordinates":[[146.0242358,43.4114821],[146.0271482,43.4193749],[146.0380418,43.4186633],[146.0472617,43.4316011],[146.0578615,43.4222346],[146.0633661,43.4245265],[146.0636829,43.4337009],[146.0716917,43.4328213],[146.0680955,43.4292062],[146.0711221,43.4234267],[146.0864928,43.4251811],[146.0886002,43.433249],[146.082818,43.4395887],[146.0979589,43.4480497],[146.1023107,43.4388596],[146.1093258,43.4377874],[146.1076249,43.4306123],[146.0935398,43.4308288],[146.0919154,43.4228169],[146.080979,43.4122758],[146.0814438,43.4166768],[146.0756858,43.4185327],[146.0620771,43.4169084],[146.0420251,43.4018173],[146.0242358,43.4114821]]}},{"type":"Feature","properties":{"areaCode1":"167","areaCode2":""},"geometry":{"type":"LineString","coordinates":[[146.0585317,43.5219935],[146.1348597,43.5489508],[146.1628953,43.5344353],[146.2044267,43.5331966],[146.1837846,43.5147074],[146.1783009,43.503896],[146.1844425,43.4959794],[146.1965465,43.494822],[146.1889491,43.4905462],[146.1932655,43.4878191],[146.1164697,43.4581927],[146.1180609,43.4713169],[146.1068478,43.4777061],[146.1034617,43.4945235],[146.0888661,43.5009226],[146.0730742,43.521169],[146.0585317,43.5219935]]}},{"type":"Feature","properties":{"areaCode1":"167","areaCode2":""},"geometry":{"type":"LineString","coordinates":[[146.2694488,43.6280332],[146.3572787,43.6182601],[146.3496472,43.6286172],[146.3537763,43.6333156],[146.3512182,43.6399698],[146.3286988,43.6387153],[146.3283934,43.6448786],[146.320815,43.6445091],[146.312358,43.6514891],[146.3077694,43.6488902],[146.310358,43.6396842],[146.2974627,43.6304246],[146.2694488,43.6280332]]}},{"type":"Feature","properties":{"areaCode1":"200","areaCode2":""},"geometry":{"type":"LineString","coordinates":[[140.2479435,41.1242781],[140.2486724,41.1337648],[140.2571171,41.1407406],[140.264841,41.1355781],[140.2780257,41.1399251],[140.2905855,41.1338111],[140.2969928,41.136943],[140.2912281,41.1331846],[140.303365,41.1313059],[140.2968729,41.1350158],[140.3064105,41.1326644],[140.3124986,41.1380122],[140.3103033,41.1450492],[140.3218066,41.1481183],[140.3360923,41.1919145],[140.3305717,41.1996509],[140.3348986,41.207447],[140.3287113,41.2196204],[140.3299341,41.2298274],[140.3328427,41.2383413],[140.3406432,41.2394388],[140.3432332,41.2494861],[140.3380699,41.2552656],[140.3443549,41.2629673],[140.3617182,41.2500254],[140.3938428,41.238859],[140.3903014,41.2380064],[140.3969972,41.2349345],[140.4023426,41.222399],[140.4367172,41.1982501],[140.4308525,41.1967536],[140.4592689,41.1877444],[140.4646893,41.1821279],[140.4867956,41.1844057],[140.5001992,41.1908464],[140.5194458,41.2053525],[140.5208155,41.2156886],[140.5282966,41.2218727],[140.5386313,41.2178594],[140.5501557,41.2296147],[140.5550026,41.2243641],[140.578786,41.2241555],[140.575886,41.2230971],[140.5880243,41.2171277],[140.604256,41.2143013],[140.6176884,41.196962],[140.632826,41.1911544],[140.6431199,41.1756189],[140.6426749,41.1584713],[140.6408363,41.161087],[140.6333062,41.1303315],[140.6315221,41.0979383],[140.6386943,41.0620942],[140.6492121,41.0473267],[140.6455363,41.0489084],[140.6449549,41.0451048],[140.6470477,41.0243991],[140.6589743,40.9832048],[140.6556399,40.986063],[140.6579143,40.9829547],[140.6542278,40.9825273],[140.6614726,40.9440513],[140.6688457,40.9330451],[140.6648681,40.9348162],[140.6879044,40.8658663],[140.7038949,40.8500576],[140.7144532,40.845814],[140.720495,40.8484716],[140.7160931,40.8455377],[140.7344296,40.8332205],[140.7329411,40.8302134],[140.7414404,40.8352588],[140.7349776,40.8298165],[140.7454088,40.8299703],[140.7429469,40.8371353],[140.7492665,40.8296795],[140.7566478,40.8304096],[140.7597759,40.83661],[140.7769391,40.8315196],[140.7975841,40.8370346],[140.8193912,40.8528836],[140.8226434,40.861173],[140.8347181,40.8661554],[140.8348894,40.8721181],[140.8451692,40.8729606],[140.8501947,40.8838262],[140.859938,40.8883874],[140.8549128,40.9033145],[140.8653739,40.9040189],[140.868854,40.9098157],[140.8694161,40.9172829],[140.8650983,40.9203126],[140.8687849,40.9256111],[140.8668194,40.9405524],[140.8717723,40.9437106],[140.8618613,40.9473905],[140.8570028,40.9437983],[140.8379078,40.953305],[140.8627194,40.9575211],[140.860011,40.971755],[140.8731607,40.9791156],[140.863376,40.9849287],[140.8761618,40.9925423],[140.8789259,41.0098979],[140.9029117,41.0080449],[140.9204284,40.9930484],[140.9487094,40.9923548],[140.9620011,40.9726475],[140.9844807,40.9596101],[140.9802865,40.9471633],[140.9777709,40.9489571],[140.9814867,40.9413399],[140.9728148,40.9407529],[140.9718372,40.9347378],[140.9985308,40.9371684],[141.0226788,40.9287482],[141.034785,40.9174187],[141.0642451,40.9133361],[141.0821046,40.8960765],[141.0780674,40.8972511],[141.084125,40.8861986]]}},{"type":"Feature","properties":{"areaCode1":"200","areaCode2":""},"geometry":{"type":"LineString","coordinates":[[140.2479435,41.1242781],[140.2753685,41.1181897],[140.2667229,41.119894],[140.2867691,41.1202767],[140.2977007,41.1140974],[140.3194602,41.0927134],[140.3241138,41.0585078],[140.3175164,40.9890211],[140.3155864,40.9789207],[140.3096889,40.9750897],[140.3147589,40.9776534],[140.3135143,40.972886],[140.3085549,40.9754799],[140.3138297,40.9691533],[140.3020028,40.9167581],[140.2806136,40.8540906],[140.2499331,40.8004673]]}},{"type":"Feature","properties":{"areaCode1":"200","areaCode2":"201"},"geometry":{"type":"LineString","coordinates":[[140.2499331,40.8004673],[140.2752356,40.7978494],[140.2734048,40.7939405],[140.2917668,40.772778],[140.3111143,40.7698035],[140.3294638,40.7571001],[140.3329946,40.7614209],[140.3471516,40.7583573],[140.3563795,40.7555796],[140.3568383,40.7487359],[140.3779941,40.7448258],[140.3831715,40.7477379],[140.3869489,40.7413424],[140.3959303,40.7481017],[140.4013736,40.7458725],[140.4050122,40.7340002],[140.4089433,40.7384989],[140.4204378,40.7366543],[140.4190378,40.724882],[140.426344,40.7222684],[140.4560815,40.6875707],[140.4675046,40.683022],[140.4633952,40.6741559],[140.4721572,40.6661678],[140.4791357,40.671117],[140.474649,40.6800043],[140.4920681,40.6845784],[140.491522,40.6961195],[140.5026638,40.7094591],[140.5184372,40.6916806],[140.5362041,40.6881364],[140.5204072,40.6943456],[140.5286027,40.7000201],[140.5211259,40.721957],[140.5470642,40.7002838],[140.5453483,40.6867273],[140.5400761,40.6872635],[140.5503292,40.6697128],[140.559181,40.6880637],[140.5985163,40.6921037],[140.6181775,40.6872479],[140.6344022,40.6898495],[140.6408366,40.6770709],[140.6682027,40.6566748],[140.695462,40.6605192],[140.7018062,40.6568444],[140.7055426,40.661763],[140.7284888,40.6663838],[140.7385038,40.6612965],[140.7609457,40.6609259],[140.7664009,40.6659389],[140.7861993,40.6492638],[140.8115792,40.640999],[140.8278146,40.6204415],[140.8438999,40.6120761],[140.8442671,40.6059217],[140.8629164,40.6096399]]}},{"type":"Feature","properties":{"areaCode1":"200","areaCode2":"202"},"geometry":{"type":"LineString","coordinates":[[140.8629164,40.6096399],[140.8766861,40.6138854],[140.8766354,40.6254288],[140.8836925,40.6355591],[140.8837925,40.6406668],[140.8762836,40.6458338],[140.8775985,40.6573952],[140.9108256,40.6529296],[140.9197265,40.6457473],[140.9357323,40.6428117],[140.9549961,40.6469912],[140.959744,40.6652518],[140.968147,40.6736282],[140.9702342,40.6923589],[140.9789666,40.6976164],[140.9531696,40.7186964],[140.931943,40.7205698],[140.9255183,40.7271365],[140.9091536,40.7293754],[140.9012058,40.7388848],[140.9101443,40.7567332],[140.9205823,40.7617571],[140.9395431,40.7594977],[140.95432,40.7661071],[140.9613555,40.7730233],[140.9579463,40.7799091],[140.9753176,40.7912953],[140.9806092,40.8061843],[140.9900342,40.8132313],[141.0167333,40.819851],[141.0180688,40.8371559],[141.0394007,40.840387],[141.0390668,40.8463973],[141.0467774,40.854246],[141.0415773,40.8640119],[141.0439043,40.8746477],[141.084125,40.8861986]]}},{"type":"Feature","properties":{"areaCode1":"201","areaCode2":""},"geometry":{"type":"LineString","coordinates":[[139.8597268,40.6029293],[139.860946,40.6159777],[139.8934006,40.6326662],[139.9020545,40.6456548],[139.9287513,40.642544],[139.9274498,40.6543759],[139.9372142,40.6557876],[139.9364694,40.6716834],[139.9422428,40.6677559],[139.9504886,40.6702951],[139.96435,40.6830171],[139.9678177,40.6988776],[139.9791188,40.7027751],[139.9868272,40.7130929],[139.9844057,40.7205088],[139.999966,40.737331],[139.9997162,40.7476749],[140.0049796,40.7434866],[140.025964,40.7502683],[140.0398556,40.765656],[140.0538389,40.7692471],[140.0903961,40.7565871],[140.0929639,40.7538376],[140.0891675,40.7562884],[140.0888003,40.7525659],[140.0984873,40.745957],[140.1227475,40.74258],[140.1426464,40.7503803],[140.1675863,40.7712947],[140.1838228,40.7751823],[140.1954841,40.7842569],[140.211599,40.7856757],[140.2056258,40.7839734],[140.2138751,40.7789347],[140.2100683,40.7844789],[140.2170849,40.7792208],[140.2282857,40.7817713],[140.2404846,40.7907702],[140.2351796,40.7985446],[140.2412548,40.7921652],[140.2434076,40.7947934],[140.2381902,40.7970711],[140.2451434,40.7957388],[140.2499331,40.8004673]]}},{"type":"Feature","properties":{"areaCode1":"201","areaCode2":""},"geometry":{"type":"LineString","coordinates":[[139.8597268,40.6029293],[139.8736422,40.5819851],[139.9190797,40.5854397],[139.9334192,40.5654868],[139.9291945,40.5571296],[139.9400729,40.5530163],[139.9500091,40.4957974],[139.9384294,40.4460244],[139.9400734,40.4306886],[139.9363098,40.4282038]]}},{"type":"Feature","properties":{"areaCode1":"201","areaCode2":""},"geometry":{"type":"LineString","coordinates":[[140.5610199,40.426121],[140.5613949,40.4264138]]}},{"type":"Feature","properties":{"areaCode1":"201","areaCode2":"202"},"geometry":{"type":"LineString","coordinates":[[140.8514492,40.5449524],[140.8644282,40.5587293],[140.8666161,40.5848854],[140.8587605,40.5885252],[140.8630601,40.5974277],[140.8580887,40.6051366],[140.8629164,40.6096399]]}},{"type":"Feature","properties":{"areaCode1":"201","areaCode2":"202"},"geometry":{"type":"LineString","coordinates":[[140.8514492,40.5449524],[140.8607367,40.5396951],[140.8800615,40.5102462]]}},{"type":"Feature","properties":{"areaCode1":"201","areaCode2":"230"},"geometry":{"type":"LineString","coordinates":[[139.9363098,40.4282038],[139.9595445,40.4348627],[139.9698467,40.4274507],[139.9812084,40.4273771],[139.9950545,40.4350467],[140.0194432,40.4198416],[140.0173685,40.4270439],[140.026039,40.4389469],[140.020067,40.4468283],[140.0227222,40.4512683],[140.0361717,40.4616177],[140.0486881,40.4601002],[140.0536197,40.4677904],[140.0681492,40.4688599],[140.0935823,40.4589248],[140.0995012,40.4530739],[140.0991743,40.4439692],[140.1116224,40.4354159],[140.1367299,40.4396166],[140.1519394,40.4349799],[140.1854671,40.4433056],[140.1940516,40.4347797],[140.2092032,40.4386386],[140.2201688,40.4311455],[140.2500543,40.4429937],[140.2668671,40.4407426],[140.2910413,40.4465835],[140.3064427,40.4425307],[140.3107266,40.4362873],[140.3352161,40.4393834]]}},{"type":"Feature","properties":{"areaCode1":"201","areaCode2":"232"},"geometry":{"type":"LineString","coordinates":[[140.3352161,40.4393834],[140.3406672,40.4432287],[140.3478085,40.4675477],[140.3613012,40.4783916],[140.3779479,40.4765402],[140.3879765,40.4870883],[140.4022371,40.4749071],[140.4270768,40.4825916],[140.4357366,40.4799716],[140.4334602,40.4677018],[140.4401212,40.4499973],[140.464382,40.4564476],[140.4810118,40.4516356],[140.4843216,40.4462223],[140.4812116,40.4418303],[140.5083628,40.4285483],[140.5296526,40.4305353],[140.5238094,40.4102127],[140.5323458,40.4112338],[140.540325,40.4028007],[140.5477034,40.4040102],[140.5587865,40.3970757],[140.5693692,40.400736],[140.5532127,40.4199849],[140.5610199,40.426121]]}},{"type":"Feature","properties":{"areaCode1":"201","areaCode2":"232"},"geometry":{"type":"LineString","coordinates":[[140.5613949,40.4264138],[140.5865089,40.4290732],[140.5897305,40.4361129],[140.5944605,40.4350979],[140.6112378,40.4238601],[140.6257814,40.4239987],[140.6362912,40.4094847],[140.6341993,40.4022641],[140.6614804,40.4044485],[140.6660254,40.4115005],[140.6871703,40.4183024],[140.6879133,40.4273493],[140.6992281,40.429416],[140.7155494,40.4278821],[140.7230164,40.4166109],[140.7335698,40.4158028],[140.7340938,40.4396826],[140.7520599,40.438755],[140.7627137,40.4512473],[140.7868467,40.4572314],[140.7932145,40.4494046],[140.8049617,40.4498366],[140.810629,40.4871297],[140.8201933,40.4954556],[140.8450209,40.5073597],[140.8800615,40.5102462]]}},{"type":"Feature","properties":{"areaCode1":"202","areaCode2":""},"geometry":{"type":"LineString","coordinates":[[141.084125,40.8861986],[141.1025624,40.8726424],[141.1122746,40.8768456],[141.1130633,40.8705542],[141.1124751,40.8739973],[141.1320895,40.8726052],[141.158684,40.8862489],[141.192941,40.9223396],[141.2117246,40.9521097],[141.2315553,40.9991814],[141.2484209,41.110194],[141.2591135,41.1255987],[141.2724757,41.135046],[141.2763268,41.1506996]]}},{"type":"Feature","properties":{"areaCode1":"202","areaCode2":""},"geometry":{"type":"LineString","coordinates":[[141.3757069,40.9351389],[141.3939392,40.9367797],[141.3865238,40.9435497],[141.386711,40.9605458],[141.391195,40.9651676],[141.3841486,40.9666946],[141.3895811,40.9691144],[141.393091,40.9649546],[141.3855302,40.9702955],[141.3842369,40.9806286],[141.3908684,41.0695375],[141.3988658,41.098],[141.3929014,41.1032776],[141.3984663,41.1023968],[141.3928259,41.1139466],[141.3958245,41.1323641]]}},{"type":"Feature","properties":{"areaCode1":"202","areaCode2":""},"geometry":{"type":"LineString","coordinates":[[141.3757069,40.9351389],[141.3958758,40.9262366],[141.3858188,40.9308444],[141.3869384,40.9242267],[141.4000532,40.9262243],[141.391196,40.9216127],[141.3906316,40.905015],[141.4069869,40.7936447],[141.4245655,40.7068041],[141.431999,40.6861502],[141.4382388,40.6865713],[141.4418511,40.6809579],[141.4337115,40.6860154],[141.4361043,40.6782483],[141.4446286,40.6813695],[141.4373925,40.6772553],[141.4418629,40.6753613],[141.4385144,40.6702468],[141.446308,40.6448539],[141.4501842,40.6444634],[141.4485578,40.6370143],[141.4532297,40.6353629],[141.4498934,40.6345331],[141.4518293,40.6292951],[141.4656446,40.6078054],[141.4616104,40.6031335],[141.4716446,40.5873364],[141.478237,40.5865297],[141.4738371,40.5867887],[141.4823566,40.5688666],[141.4889439,40.5712079],[141.5036222,40.5594134],[141.5211077,40.5554257],[141.5280941,40.5587354],[141.5210435,40.555265],[141.4918655,40.5662097],[141.4835172,40.5613003],[141.4874912,40.5567876],[141.5001251,40.5567727],[141.4983289,40.5513347],[141.5059573,40.5513144],[141.5018212,40.5466368],[141.5122939,40.5467696],[141.514622,40.5524664],[141.5030579,40.5418986],[141.5143455,40.5430751],[141.5253302,40.5332248],[141.5224545,40.5310333],[141.5344739,40.5315451],[141.5272169,40.5288119],[141.5345628,40.5271818],[141.5372048,40.5315281],[141.5369539,40.5272575],[141.5492289,40.5298227],[141.5524382,40.5345216],[141.5522916,40.5294634],[141.5581568,40.5400175],[141.575983,40.5431037],[141.5817018,40.5393825],[141.5796208,40.5358889],[141.5877649,40.5221804],[141.6085772,40.5139842],[141.6126982,40.5052531],[141.6218215,40.5056414],[141.6217558,40.4986604],[141.6327667,40.4956269],[141.630202,40.4907255],[141.6343683,40.4832182],[141.6826668,40.450294]]}},{"type":"Feature","properties":{"areaCode1":"202","areaCode2":"203"},"geometry":{"type":"LineString","coordinates":[[141.2763268,41.1506996],[141.2879719,41.1578303],[141.310878,41.1516483],[141.3232993,41.1539525],[141.3271582,41.1495439],[141.3263574,41.1362891],[141.334111,41.1257408],[141.3252394,41.1167479],[141.3426661,41.1069532],[141.361555,41.1080605],[141.3742938,41.1225906],[141.3958245,41.1323641]]}},{"type":"Feature","properties":{"areaCode1":"202","areaCode2":"210"},"geometry":{"type":"LineString","coordinates":[[141.5808801,40.3756366],[141.5867594,40.3807081],[141.5811033,40.3949013],[141.5869218,40.4069608],[141.6161382,40.4201967],[141.6313359,40.4202539],[141.6549553,40.4285881],[141.6826668,40.450294]]}},{"type":"Feature","properties":{"areaCode1":"202","areaCode2":"210"},"geometry":{"type":"LineString","coordinates":[[141.5808801,40.3756366],[141.5813501,40.3738374]]}},{"type":"Feature","properties":{"areaCode1":"202","areaCode2":"212"},"geometry":{"type":"LineString","coordinates":[[140.9549311,40.2451115],[140.9665059,40.2386934],[140.9685884,40.2263963],[140.9759612,40.225763],[140.9794868,40.2197444],[141.0223705,40.2202673],[141.0418818,40.2368602],[141.0597204,40.238158],[141.0764059,40.2526384],[141.1041709,40.2558125],[141.1100545,40.2610517],[141.099849,40.2809577],[141.1343913,40.2947449],[141.1383734,40.3004966],[141.1539698,40.3012932],[141.1727826,40.3101018],[141.1973621,40.3076365],[141.2184856,40.3152212],[141.2261605,40.3278337],[141.2483779,40.3410041],[141.2601304,40.3418724],[141.2624294,40.3494755],[141.2795331,40.3447507],[141.2923183,40.3516683],[141.2934901,40.3632313],[141.3103734,40.3668333],[141.3160031,40.3726219],[141.3363381,40.3601967],[141.3340046,40.3456011],[141.3468832,40.3401489],[141.3461641,40.3356719],[141.3529955,40.3309894],[141.3732962,40.3431703],[141.3766456,40.3389256],[141.381575,40.3421401],[141.3972536,40.3672487],[141.4071264,40.3571248],[141.4192416,40.3635246],[141.4272891,40.3618096],[141.4339531,40.3737167],[141.4416031,40.3760398],[141.4543089,40.3730006],[141.4799839,40.3763594],[141.4989495,40.362122],[141.5075056,40.3628609],[141.5181724,40.3518361],[141.5357857,40.347369],[141.5813501,40.3738374]]}},{"type":"Feature","properties":{"areaCode1":"202","areaCode2":"212"},"geometry":{"type":"LineString","coordinates":[[140.9549311,40.2451115],[140.9550739,40.2476281]]}},{"type":"Feature","properties":{"areaCode1":"202","areaCode2":"232"},"geometry":{"type":"LineString","coordinates":[[140.8613226,40.4406293],[140.8800615,40.5102462]]}},{"type":"Feature","properties":{"areaCode1":"202","areaCode2":"232"},"geometry":{"type":"LineString","coordinates":[[140.8613226,40.4406293],[140.8923259,40.4233516],[140.9200294,40.4273052],[140.9329617,40.4212737],[140.9419549,40.4302013],[140.9512638,40.4263076],[140.9722074,40.4308501],[140.9851536,40.4272179],[140.9854525,40.4215231],[140.9787592,40.4159797],[140.9876808,40.3970935],[140.9844092,40.3884266],[140.9941026,40.3764051],[140.9911828,40.3610636],[140.9954323,40.3533652],[140.9808991,40.3432683],[140.9718593,40.3437086],[140.9683543,40.3508664],[140.9620813,40.3471339],[140.9674169,40.3336621],[140.9625776,40.3231618],[140.9573398,40.3245163],[140.9568956,40.3047181],[140.9439737,40.2962594],[140.944598,40.2881377],[140.9575136,40.2824257],[140.9457105,40.2580749],[140.9550739,40.2476281]]}},{"type":"Feature","properties":{"areaCode1":"203","areaCode2":""},"geometry":{"type":"LineString","coordinates":[[140.7640276,41.1945946],[140.7794971,41.208891],[140.7855929,41.2347149],[140.7796851,41.252918],[140.7853195,41.2560069],[140.7985756,41.2939364],[140.8020761,41.2926185],[140.7983747,41.2989741],[140.8062541,41.3141549],[140.7987419,41.3213594],[140.8071949,41.3273232],[140.8010077,41.3280466],[140.814049,41.3357271],[140.8203284,41.3460099],[140.8276184,41.3708874],[140.8275056,41.388998],[140.8390083,41.4134145],[140.8352661,41.4159134],[140.8377433,41.4203664],[140.8488749,41.4218773],[140.8561207,41.4343581],[140.8642617,41.4338654],[140.865134,41.445889],[140.8791246,41.453241],[140.8849509,41.4671194],[140.8820245,41.4684352],[140.8986637,41.4768783],[140.9095522,41.503573],[140.9073473,41.5100171],[140.9006315,41.5112563],[140.8990178,41.5146051],[140.9053459,41.5107615],[140.9062134,41.5138799],[140.8971757,41.5269709],[140.9003058,41.5243786],[140.9032275,41.5317427],[140.9080824,41.5298339],[140.9076939,41.5441467],[140.9095959,41.5414875],[140.9186204,41.5468087],[140.9248246,41.5340686],[140.9525841,41.5219795],[140.9732867,41.4989414],[141.0017567,41.4858116],[141.0663563,41.4823864],[141.1126557,41.4629452],[141.13492,41.4350108],[141.1435516,41.4330697],[141.1592914,41.4157926],[141.1767002,41.4087488],[141.1677257,41.4109046],[141.1795404,41.4049833],[141.178248,41.4006564],[141.1840116,41.4035074],[141.1787135,41.3993483],[141.1931646,41.3867121],[141.2133571,41.3747273],[141.2289724,41.3714152],[141.2222606,41.371228],[141.2312185,41.3665611],[141.2359309,41.3689187],[141.2337313,41.3659063],[141.2381182,41.3640322],[141.2399722,41.3685436],[141.2427987,41.3620698],[141.2719369,41.3541817],[141.3096661,41.3511398],[141.3570878,41.3637269],[141.4026567,41.3832145],[141.4608534,41.4309318],[141.4650481,41.4295879],[141.4636745,41.4241784],[141.4690145,41.4185651],[141.4611228,41.4154504],[141.4637008,41.4023326],[141.4551888,41.4013706],[141.4560307,41.3945616],[141.4527794,41.3962151],[141.4607448,41.3892012],[141.4603974,41.3809576],[141.4500492,41.3732338],[141.4419002,41.3559618],[141.4049917,41.2387894],[141.40362,41.2271191],[141.4079119,41.225144],[141.4023683,41.2225824],[141.4089044,41.2249709],[141.4035405,41.222739],[141.3990581,41.2083174],[141.4049949,41.2066503],[141.3989374,41.2051079],[141.3940084,41.1910557],[141.400363,41.1827245],[141.3936939,41.1877331],[141.3969566,41.184121],[141.3910929,41.1793876],[141.38867,41.1500021],[141.394552,41.1370982],[141.3914953,41.1331513],[141.3958245,41.1323641]]}},{"type":"Feature","properties":{"areaCode1":"203","areaCode2":""},"geometry":{"type":"LineString","coordinates":[[140.7640276,41.1945946],[140.7690824,41.1719437],[140.7643016,41.1454709],[140.7792165,41.1386003],[140.7774143,41.1354298],[140.7830515,41.1313095],[140.7923808,41.1332562],[140.8113132,41.1275767],[140.8254745,41.145384],[140.8262605,41.14194],[140.8545507,41.1614279],[140.8767132,41.1669427],[140.8920059,41.1634902],[140.9164661,41.1760763],[140.9453785,41.1738913],[140.9639694,41.1912814],[140.9799802,41.1990779],[140.9859456,41.1953276],[140.9842425,41.1986688],[140.9969276,41.1951467],[141.0087135,41.1977046],[141.034436,41.1850663],[141.0581596,41.1834398],[141.0741472,41.200393],[141.0988102,41.2129057],[141.1139123,41.2135526],[141.1544046,41.2428725],[141.1593862,41.2567206],[141.1564948,41.2627872],[141.1575963,41.2530565],[141.1523643,41.2525451],[141.1442299,41.2408085],[141.1341834,41.239914],[141.1332303,41.2438627],[141.1461323,41.2541176],[141.1591246,41.2777826],[141.1711118,41.2796173],[141.1757318,41.2752212],[141.1878488,41.2794295],[141.1805908,41.2751012],[141.187893,41.2769943],[141.1979845,41.2723325],[141.2259035,41.2493943],[141.2480029,41.2237049],[141.2738497,41.1749271],[141.2790524,41.1584666],[141.2763268,41.1506996]]}},{"type":"Feature","properties":{"areaCode1":"210","areaCode2":""},"geometry":{"type":"LineString","coordinates":[[141.6826668,40.450294],[141.6936063,40.4353507],[141.702535,40.4311153],[141.7053685,40.4220899],[141.7146798,40.420579],[141.7231332,40.4069021],[141.7205847,40.3995907],[141.7288794,40.3888846],[141.7542358,40.3691719],[141.7544358,40.3555367],[141.7691225,40.3493599],[141.7657501,40.3515676],[141.7640406,40.3478552],[141.7726041,40.3425144],[141.7743518,40.3213198],[141.7857717,40.3142859],[141.7943369,40.2958151],[141.8161478,40.2718493],[141.8148032,40.2668727],[141.8250457,40.2521543],[141.822752,40.2461668],[141.8320698,40.2346758],[141.8312274,40.2224999],[141.8353759,40.2172468],[141.8191759,40.2213558],[141.8111911,40.2159661],[141.8125744,40.212239],[141.8072763,40.2154811],[141.7988982,40.2010615],[141.8126983,40.1893449],[141.8065277,40.1975372],[141.8016343,40.1972189],[141.8024225,40.1892314],[141.7957024,40.1951557],[141.7940233,40.1907172],[141.8036755,40.1829934],[141.8054059,40.1859009],[141.8191251,40.1792458],[141.832334,40.1791065],[141.8528536,40.1684657],[141.8765655,40.1438782],[141.865635,40.1325093],[141.8456726,40.1333429],[141.8355752,40.1223469],[141.8365654,40.1163236],[141.8286071,40.1127875],[141.8260587,40.100744],[141.8333635,40.0745097],[141.8515216,40.0553649],[141.8783192,40.0475316],[141.8848434,40.0335322],[141.9011497,40.0190386],[141.8997128,40.0147473],[141.9075975,40.0127785],[141.9051041,40.0105747],[141.9353428,40.0096721],[141.9395136,39.9993026],[141.9559712,39.9837614],[141.9556063,39.9590699],[141.9577234,39.9535355],[141.9631689,39.9533932],[141.9578225,39.950358],[141.9613011,39.9457769],[141.9432335,39.9437399],[141.9415095,39.9321582],[141.9384183,39.9328116],[141.9432384,39.9290777],[141.9397635,39.9195532],[141.9490978,39.911595],[141.955211,39.8911074],[141.9711661,39.8846305],[141.977129,39.8716406],[141.9750274,39.8514163],[141.9784622,39.8518031],[141.9741619,39.8508014],[141.9812504,39.8399961],[141.9784383,39.8293767],[141.9862172,39.830154],[141.9913938,39.8204609],[141.9837359,39.8139928],[141.9843236,39.7995241],[141.9886477,39.7976992],[141.9834788,39.7889173],[142.004335,39.7758313],[141.9898779,39.7672333],[141.9889202,39.7568672],[141.9951805,39.7511423],[142.0041559,39.7515989],[141.9897838,39.7464824],[141.9853646,39.7345729],[141.971946,39.7317797],[141.9880316,39.7232641],[141.9823338,39.717579],[141.9867745,39.7099054],[141.9756576,39.7061699],[141.9722961,39.6936665],[141.9670196,39.6902556],[141.9863583,39.6852606],[141.9698722,39.6529541],[141.9795237,39.6533625],[141.9794494,39.6471732],[141.983342,39.6470476],[141.9754446,39.6430447],[141.9697639,39.6467073],[141.9681902,39.6414914],[141.9722532,39.6392363],[141.964322,39.6398535],[141.9768319,39.6288576],[141.9657883,39.6352891],[141.9715376,39.6256456],[141.9634392,39.6233066],[141.9671243,39.6174801],[141.9574843,39.6040895],[141.9454285,39.5989781],[141.9481064,39.5876769],[141.9589851,39.5865974],[142.0159854,39.6551214],[142.0244511,39.6562749],[142.0279642,39.6457136],[142.024493,39.6409001],[142.0287765,39.6367932],[142.0231756,39.6362262],[142.0282546,39.6313095],[142.0224934,39.6296613],[142.0225317,39.6158025],[142.0345206,39.6096902],[142.0254107,39.6048443],[142.0341695,39.5984039],[142.0297676,39.5947271],[142.0320841,39.5887339],[142.0265069,39.5787058],[142.0307491,39.5765793],[142.0274292,39.5750487],[142.0573902,39.5744466],[142.0572269,39.5609297],[142.0656971,39.5633766],[142.069905,39.5589642],[142.0689671,39.5462085],[142.0724656,39.5468761],[142.0651503,39.5406419],[142.0657731,39.5337834],[142.0508651,39.5327438],[142.0617055,39.5247954],[142.055779,39.5219109],[142.044921,39.5313282],[142.0369034,39.5313285],[142.0299724,39.5245846],[142.0260828,39.5051313],[142.0200956,39.4992819],[142.0108629,39.5012532],[142.0110497,39.4766615],[141.9912625,39.4838183],[141.9753168,39.4826946],[141.9544581,39.4722392],[141.9566556,39.4609072],[141.9619057,39.4595313],[141.9570397,39.4567975],[141.9647313,39.4480939],[141.9713505,39.4487631],[141.9733092,39.4401706],[141.9797311,39.4391393],[141.9951004,39.4523266],[142.0048243,39.4452292],[142.0017664,39.4549638],[142.0089972,39.4649918],[142.0263222,39.4732544],[142.0357299,39.4834592],[142.0506837,39.4847217],[142.0525256,39.4746422],[142.0615248,39.4714522],[142.04803,39.4564751],[142.0492245,39.4507502],[142.0383341,39.4464903],[142.0430272,39.4405184],[142.0373741,39.4355207],[142.0432794,39.4329523],[142.0446295,39.426025],[142.0283641,39.4155127],[142.0102221,39.4264485],[142.0067989,39.4212922],[142.0110192,39.4155792],[142.0053654,39.4104423],[141.9836494,39.4083814],[141.9804064,39.4100025],[141.9854257,39.4173604],[141.9794932,39.4229292],[141.9823992,39.4259856],[141.9762836,39.4276516],[141.9531041,39.3993649]]}},{"type":"Feature","properties":{"areaCode1":"210","areaCode2":"211"},"geometry":{"type":"LineString","coordinates":[[141.7021816,39.4786357],[141.7208391,39.4462725]]}},{"type":"Feature","properties":{"areaCode1":"210","areaCode2":"211"},"geometry":{"type":"LineString","coordinates":[[141.7021816,39.4786357],[141.7104123,39.5038453],[141.736498,39.5108743],[141.7402362,39.5261352],[141.7483179,39.5293407],[141.7649147,39.5178503],[141.7820851,39.5142527],[141.7861859,39.5045367],[141.7982906,39.4989741],[141.8148288,39.4778458],[141.8172259,39.4659687],[141.8401988,39.459721],[141.8432038,39.4510523],[141.8611284,39.4355825],[141.8648292,39.4208073],[141.8789037,39.4160247],[141.8923342,39.3999424],[141.9226209,39.4011861],[141.9302551,39.4065411],[141.9340312,39.4019369],[141.9531041,39.3993649]]}},{"type":"Feature","properties":{"areaCode1":"210","areaCode2":"212"},"geometry":{"type":"LineString","coordinates":[[141.3369062,39.6421727],[141.3613964,39.6658206],[141.385984,39.6723789],[141.4086599,39.6917098],[141.4091824,39.7029327],[141.3954122,39.7085369],[141.3996353,39.7197536],[141.394847,39.7293331],[141.4010949,39.7366793],[141.3974149,39.7474108],[141.4094255,39.7594439],[141.4224837,39.7561464],[141.4519991,39.76653],[141.4743486,39.7649032],[141.477927,39.7754811],[141.4858542,39.7778472],[141.4898008,39.7910737],[141.4991861,39.7941059],[141.4981857,39.8077096],[141.5228175,39.8066184],[141.527478,39.8124665],[141.5203014,39.8191641],[141.516578,39.8356542],[141.5036642,39.8559503],[141.5065432,39.8789913],[141.4841797,39.8827797],[141.4875666,39.8846373],[141.486734,39.8916282],[141.4819631,39.8920957],[141.4854296,39.9003083],[141.4917254,39.9046596],[141.5038755,39.9031693],[141.5163404,39.9107491],[141.551542,39.9031397],[141.5636859,39.9144486],[141.5594051,39.928651],[141.5769696,39.9366082],[141.5839526,39.9533267],[141.5895906,39.9562271],[141.5798684,39.9791895],[141.5522152,40.0094576],[141.548261,40.0228544],[141.5303733,40.0341106],[141.5279275,40.0405134],[141.5325546,40.0465582],[141.5248731,40.0566969],[141.5251722,40.0742547],[141.5155215,40.0813095],[141.4977065,40.0780206],[141.4864747,40.0872496],[141.4837433,40.1025719],[141.465636,40.1082189],[141.4564381,40.1340266],[141.465451,40.1429158],[141.4717941,40.1426594],[141.4758311,40.1503539],[141.4794878,40.1700732],[141.4875743,40.1790304],[141.4823402,40.1891944],[141.4951873,40.1967622],[141.4913864,40.2059751],[141.5023799,40.209674],[141.5070842,40.2212344],[141.5163397,40.2207616],[141.5216895,40.2344611],[141.5335507,40.2274794],[141.5511067,40.2336427],[141.5753744,40.2285365],[141.5846049,40.2332296],[141.5833087,40.2403536],[141.610961,40.2445933],[141.6114601,40.2694298],[141.5854922,40.2777955],[141.5818227,40.2841411],[141.5898481,40.2940617],[141.5778978,40.2994212],[141.583731,40.3113249],[141.5705609,40.3201673],[141.5834708,40.3253395],[141.5813533,40.3299706],[141.5875676,40.3349854],[141.5816771,40.3360757],[141.5860817,40.3421882],[141.5989922,40.3438732],[141.6012307,40.3522519],[141.6128562,40.3580664],[141.5895971,40.3611431],[141.5813501,40.3738374]]}},{"type":"Feature","properties":{"areaCode1":"210","areaCode2":"212"},"geometry":{"type":"LineString","coordinates":[[141.3369062,39.6421727],[141.341427,39.6304168],[141.348806,39.6258323],[141.3935962,39.6096884],[141.4076103,39.6015225],[141.4163482,39.5898737],[141.4303654,39.5843731],[141.4355755,39.5698486],[141.4198771,39.5637327]]}},{"type":"Feature","properties":{"areaCode1":"210","areaCode2":"213"},"geometry":{"type":"LineString","coordinates":[[141.4198771,39.5637327],[141.4317777,39.5541168],[141.4526351,39.5587959],[141.4929856,39.5573432],[141.5006606,39.5361071],[141.5284168,39.5235377],[141.5518331,39.5256615],[141.5735592,39.513701],[141.5933386,39.4981766],[141.5976667,39.4884839],[141.6105377,39.4886125],[141.6094918,39.480221],[141.6288408,39.4669527],[141.6365707,39.4550589],[141.651181,39.4515021],[141.6594612,39.4567555],[141.6814331,39.4389049],[141.7208391,39.4462725]]}},{"type":"Feature","properties":{"areaCode1":"211","areaCode2":""},"geometry":{"type":"LineString","coordinates":[[141.6220966,38.9939141],[141.628836,38.9924409],[141.6250083,38.9830587],[141.6319042,38.9707081]]}},{"type":"Feature","properties":{"areaCode1":"211","areaCode2":""},"geometry":{"type":"LineString","coordinates":[[141.6220966,38.9939141],[141.6291152,38.9942969],[141.6239052,38.9995944],[141.6388027,39.0061275],[141.6582724,39.005392],[141.6578457,39.0002201],[141.6668653,39.0058996],[141.6760516,39.0020849],[141.6813797,38.9982462],[141.6677657,38.9890087],[141.6679937,38.976311],[141.6889041,38.9645927],[141.686515,38.9572634],[141.6925786,38.9520385],[141.6887089,38.9474961],[141.6962305,38.9472954],[141.6963014,38.9414506],[141.7042955,38.9383767],[141.7074155,38.9408346],[141.704241,38.9449804],[141.7159085,38.9474715],[141.7122912,38.9507692],[141.728424,38.9522735],[141.7180506,38.9673295],[141.7034571,38.9650073],[141.6964388,38.9699276],[141.6985599,38.976296],[141.7094182,38.9784947],[141.7096027,38.9846748],[141.717691,38.9822413],[141.7114019,38.9967256],[141.7207344,38.9966441],[141.7228291,38.9879186],[141.7281859,38.9913283],[141.7415031,38.9854956],[141.7442292,38.9901835],[141.7316977,39.0152915],[141.7221427,39.0191591],[141.7188897,39.012681],[141.7185608,39.0191646],[141.7157445,39.0151875],[141.7165248,39.0204708],[141.7095433,39.024256],[141.7248946,39.0407351],[141.7221081,39.0534774],[141.726441,39.0614615],[141.7227743,39.066346],[141.7251084,39.0642548],[141.7296728,39.0709201],[141.7387329,39.0636082],[141.7333104,39.0531278],[141.7410682,39.0526894],[141.7335231,39.0453738],[141.7384856,39.038295],[141.7306884,39.0331541],[141.7384901,39.030721],[141.7278853,39.0283024],[141.7334475,39.0215907],[141.7451268,39.0248906],[141.7587724,39.0175854],[141.7687524,39.0346113],[141.7822924,39.0273023],[141.7962133,39.0432799],[141.7940118,39.0315477],[141.7974934,39.0249556],[141.8471665,39.0261475],[141.8533002,39.0291518],[141.8499517,39.036866],[141.8179901,39.0492278],[141.8145415,39.058333],[141.8635664,39.0590099],[141.8758774,39.0648853],[141.8698406,39.0721613],[141.8234302,39.0752263],[141.8204445,39.0828972],[141.8242993,39.0862098],[141.8086354,39.090273],[141.8158518,39.0945898],[141.8094219,39.1024569],[141.8153214,39.1062572],[141.8111609,39.1117677],[141.8207836,39.1137721],[141.8335759,39.1042538],[141.8600992,39.1039905],[141.8621851,39.0963249],[141.8778209,39.0930049],[141.880802,39.0839303],[141.8924806,39.0964329],[141.9135569,39.1055622],[141.9210769,39.1045499],[141.9089374,39.1089613],[141.9004119,39.1200903],[141.873848,39.1155793],[141.8747036,39.1221964],[141.8699577,39.1217698],[141.8726846,39.1305993],[141.835497,39.1446322],[141.8500597,39.1569684],[141.8652849,39.1534306],[141.8873519,39.1557307],[141.9222553,39.1779377],[141.9201289,39.1858709],[141.890945,39.1811854],[141.8819433,39.1852655],[141.8807722,39.1910646],[141.8660558,39.1914982],[141.8728127,39.1974498],[141.8648395,39.2014867],[141.8668075,39.2063657],[141.8897915,39.1976003],[141.893681,39.204173],[141.8868799,39.2089208],[141.9045149,39.2050584],[141.9162031,39.2136743],[141.9276256,39.2155255],[141.9242881,39.2225635],[141.9380606,39.2235418],[141.9476174,39.2169846],[141.9553098,39.2244693],[141.9505432,39.2257013],[141.950258,39.235309],[141.9433501,39.2374882],[141.9444148,39.2419211],[141.9713008,39.2476679],[141.9685778,39.2518363],[141.9384823,39.2484385],[141.9387771,39.244078],[141.9325544,39.2420564],[141.9284342,39.2462764],[141.9202506,39.2379102],[141.9135577,39.2405273],[141.9135302,39.2483428],[141.8899386,39.2476827],[141.9030981,39.2567349],[141.8976041,39.2663],[141.8861843,39.2698661],[141.8930255,39.2703766],[141.8878345,39.2725451],[141.8911354,39.2741441],[141.9138863,39.2663524],[141.9158181,39.2711768],[141.9226852,39.265299],[141.9296395,39.2704823],[141.9212919,39.2792831],[141.9267821,39.2813718],[141.9256783,39.2855541],[141.9044088,39.2912469],[141.9094603,39.2950241],[141.9066292,39.2972567],[141.8876426,39.301137],[141.8909209,39.3082437],[141.8969886,39.3047551],[141.9070429,39.3094533],[141.9176316,39.3029553],[141.9216645,39.3098958],[141.9365546,39.3080769],[141.946155,39.3159802],[141.9702845,39.3129929],[141.976939,39.3186742],[141.9737714,39.3254607],[141.9804024,39.3365272],[141.9964244,39.3493588],[141.9846593,39.3481483],[141.97,39.3358923],[141.9558539,39.3404552],[141.9444405,39.3295876],[141.9238244,39.332974],[141.9146387,39.3238646],[141.9112373,39.3289307],[141.9019492,39.3280645],[141.8989694,39.3373449],[141.9153009,39.3455999],[141.9126201,39.3497989],[141.9191002,39.3529194],[141.9159588,39.3560901],[141.9302379,39.3530771],[141.9314159,39.3475498],[141.9574357,39.3559933],[141.9556593,39.3618361],[141.9649692,39.3680557],[141.9665108,39.3778538],[141.9472707,39.3705943],[141.937977,39.3842985],[141.9531041,39.3993649]]}},{"type":"Feature","properties":{"areaCode1":"211","areaCode2":"213"},"geometry":{"type":"LineString","coordinates":[[141.3733239,39.188326],[141.4069907,39.2016416],[141.4413651,39.1923043],[141.4440884,39.2010415],[141.4564023,39.2000321],[141.4681045,39.2085757],[141.4791741,39.2096797],[141.4757891,39.2149984],[141.4820324,39.2277959],[141.4777999,39.2342918],[141.4964998,39.2397371],[141.5026065,39.2340001],[141.5209969,39.2485803],[141.5410038,39.2432931],[141.5620658,39.2598046],[141.5774383,39.2580219],[141.5810325,39.2504341],[141.5936583,39.24353],[141.6034967,39.2519158],[141.627671,39.2470819],[141.6348287,39.2521974],[141.6584703,39.2430924],[141.6621684,39.2512555],[141.6973836,39.266607],[141.6993042,39.2730471],[141.6826447,39.2952483],[141.6952077,39.3145851],[141.666952,39.3166645],[141.6604248,39.3211071],[141.6665018,39.328376],[141.6600438,39.3396314],[141.6607989,39.3515057],[141.6544112,39.354828],[141.6557784,39.3736068],[141.6625402,39.377451],[141.6614581,39.3910206],[141.6713482,39.3980103],[141.6669042,39.4011626],[141.670428,39.4053154],[141.6854411,39.406932],[141.6920894,39.4124826],[141.7198479,39.4062843],[141.7415734,39.4111762],[141.7464228,39.4169871],[141.7418997,39.4228508],[141.720538,39.4275807],[141.7238942,39.4334616],[141.7208391,39.4462725]]}},{"type":"Feature","properties":{"areaCode1":"211","areaCode2":"213"},"geometry":{"type":"LineString","coordinates":[[141.3733239,39.188326],[141.3892808,39.1819406],[141.3844575,39.1768414],[141.3884742,39.1720197],[141.3839933,39.1634341],[141.3943059,39.1552173],[141.3902275,39.1480956],[141.3930498,39.1408559],[141.4067088,39.1358099],[141.4100339,39.1265228],[141.4058647,39.1175173],[141.4126079,39.1085739],[141.4348658,39.1109456],[141.4509932,39.1070926],[141.4643037,39.100388],[141.4629494,39.0949569],[141.4830668,39.0769072],[141.4785475,39.0693675],[141.4797308,39.0561655],[141.4678918,39.0512772],[141.4600615,39.0380384],[141.473805,39.011677],[141.4672954,39.0038273],[141.4710788,38.9972097],[141.4646072,38.9907312],[141.483534,38.9781667]]}},{"type":"Feature","properties":{"areaCode1":"211","areaCode2":"220"},"geometry":{"type":"LineString","coordinates":[[141.483534,38.9781667],[141.4899709,38.997597],[141.5092144,39.0027617],[141.5183527,39.0013666],[141.5231342,38.9913459],[141.5671296,38.9959605],[141.5752053,38.9870236],[141.6018157,38.9861517],[141.6319042,38.9707081]]}},{"type":"Feature","properties":{"areaCode1":"212","areaCode2":"213"},"geometry":{"type":"LineString","coordinates":[[140.7953134,39.6029926],[140.8073767,39.5903861],[140.8378357,39.59412],[140.8565001,39.5813809],[140.8596166,39.5763629],[140.8547361,39.5712443],[140.8764461,39.5409622],[140.8761542,39.5344961],[140.8693979,39.5294853],[140.8801483,39.518188],[140.8935913,39.5341654],[140.9004805,39.5327557],[140.9199738,39.5432737],[140.9556934,39.5317927],[140.9723227,39.5463496],[141.0064704,39.5371598],[141.0172235,39.5260399],[141.0542197,39.5280419],[141.0683136,39.5224584],[141.0765296,39.5300133],[141.0817225,39.5279544],[141.0783264,39.5252061],[141.0832489,39.5139732],[141.0946015,39.5148275],[141.106544,39.5070076],[141.1693554,39.5095037],[141.1681677,39.5053737],[141.1963947,39.4989336],[141.2119645,39.4892199],[141.2492023,39.4858969],[141.259867,39.4904199],[141.2654875,39.4831234],[141.2823915,39.4855284],[141.2874391,39.5034356],[141.2954891,39.5085542],[141.2848673,39.5190699],[141.290182,39.5326785],[141.2856164,39.5481834],[141.2911518,39.5585267],[141.2981173,39.5600653],[141.2935652,39.5656551],[141.3017507,39.5712973],[141.3215563,39.5748155],[141.332992,39.5669948],[141.3521382,39.567428],[141.3710932,39.5758004],[141.4028224,39.577047],[141.4136874,39.5725],[141.4198771,39.5637327]]}},{"type":"Feature","properties":{"areaCode1":"212","areaCode2":"232"},"geometry":{"type":"LineString","coordinates":[[140.8443689,40.0733637],[140.8556184,40.0439338],[140.850409,40.0317099],[140.8558619,40.0157055],[140.8489986,40.0080683],[140.8479353,39.959333]]}},{"type":"Feature","properties":{"areaCode1":"212","areaCode2":"232"},"geometry":{"type":"LineString","coordinates":[[140.8443689,40.0733637],[140.8543908,40.0848013],[140.8628266,40.0847059],[140.8753359,40.0945657],[140.8809496,40.1132321],[140.8712032,40.1159516],[140.8740368,40.1223858],[140.8669889,40.1323678],[140.8836068,40.1573171],[140.8687915,40.1595163],[140.8601922,40.1731287],[140.8926936,40.1924581],[140.8895252,40.2005356],[140.9051594,40.2219193],[140.9409599,40.2268984],[140.9401656,40.2404759],[140.9444945,40.2461643],[140.9550739,40.2476281]]}},{"type":"Feature","properties":{"areaCode1":"212","areaCode2":"233"},"geometry":{"type":"LineString","coordinates":[[140.7747961,39.7343394],[140.8037273,39.7447521],[140.8053304,39.7566453],[140.8482542,39.792985],[140.8416473,39.8049209],[140.825034,39.8097405],[140.8213194,39.815423],[140.811345,39.8183273],[140.8040021,39.8151057],[140.7866489,39.8233994],[140.7830185,39.8312394],[140.7891942,39.8491494],[140.783886,39.8563144],[140.7876512,39.8589511],[140.7830243,39.8608766],[140.7846991,39.8715636],[140.7992274,39.8816363],[140.8156503,39.8793514],[140.8258174,39.8862381],[140.8340318,39.8812135],[140.8324869,39.8751446],[140.844241,39.8735742],[140.8531991,39.8657419],[140.8793521,39.8782261],[140.8748325,39.8941127],[140.8670146,39.9008311],[140.8680543,39.9116609],[140.8546949,39.9232891],[140.8575712,39.9300819],[140.8522234,39.9361295],[140.8573535,39.9528632],[140.8479353,39.959333]]}},{"type":"Feature","properties":{"areaCode1":"212","areaCode2":"233"},"geometry":{"type":"LineString","coordinates":[[140.7747961,39.7343394],[140.7839975,39.7290779],[140.7944606,39.709596],[140.8099036,39.7080225],[140.8113503,39.695538],[140.8225758,39.6881747],[140.8184092,39.6800994],[140.8223041,39.6499534],[140.8071053,39.6321967],[140.8083881,39.6242631],[140.8025718,39.6188484],[140.8048722,39.6120092],[140.7953134,39.6029926]]}},{"type":"Feature","properties":{"areaCode1":"213","areaCode2":"220"},"geometry":{"type":"LineString","coordinates":[[140.7735902,38.9580845],[140.7938796,38.9640107],[140.8244559,38.9640809],[140.8815327,38.9279034],[140.9103742,38.9274444],[140.9145686,38.9168266],[140.9221613,38.9143424],[140.9265354,38.9214109],[140.9578632,38.908131],[140.970837,38.8949132],[140.9706199,38.8880143],[140.9898131,38.8743175],[140.9960951,38.8806436],[141.005867,38.8787468],[141.0206997,38.8863966],[141.0224901,38.8810746],[141.0296092,38.8834709],[141.0372612,38.8766853],[141.0519256,38.8832676],[141.0747721,38.879466],[141.0933494,38.887861],[141.1026659,38.8847695],[141.1073984,38.8775184],[141.1182981,38.8806768],[141.1398308,38.8775046],[141.1461332,38.8692748],[141.1467827,38.8562668],[141.1231532,38.8358593],[141.1048237,38.8373473],[141.1048137,38.8228412],[141.1211684,38.8262115],[141.1260711,38.8218506],[141.123617,38.8165484],[141.1423961,38.8121221],[141.1386776,38.7906269],[141.146238,38.7844233],[141.1632366,38.7820809],[141.1679849,38.7771886],[141.180971,38.7845257],[141.2060613,38.7694844],[141.2072733,38.7568063],[141.2158386,38.7484706],[141.2325492,38.7476514],[141.2368788,38.7520182],[141.2300958,38.7534547],[141.2575719,38.7616596],[141.2580643,38.7761907],[141.272482,38.7969652],[141.280362,38.7925137],[141.2849424,38.7976159],[141.3045498,38.7934604],[141.3024536,38.8034759],[141.3092959,38.8222297],[141.3171011,38.8231799],[141.3342989,38.8069708],[141.3527235,38.8125212],[141.3713209,38.8074748],[141.3791834,38.7960911],[141.3938127,38.7998399],[141.3968586,38.7901059],[141.414864,38.7862021],[141.4098813,38.7678227],[141.4228944,38.7716617],[141.4216958,38.7798286],[141.4379323,38.7822393],[141.4396764,38.7861026],[141.4325324,38.7915852],[141.4364082,38.8054324],[141.429379,38.8105466],[141.4586725,38.8139602],[141.4530478,38.8185986],[141.4498349,38.8373898],[141.4661133,38.8562519],[141.4526694,38.8625523],[141.4508528,38.8757974],[141.4657386,38.8850951],[141.4664419,38.8939493],[141.4887694,38.9067018],[141.4919147,38.9130399],[141.4855723,38.9357284],[141.4939634,38.9553497],[141.483534,38.9781667]]}},{"type":"Feature","properties":{"areaCode1":"213","areaCode2":"233"},"geometry":{"type":"LineString","coordinates":[[140.6531248,39.3909984],[140.6637097,39.4036698],[140.6583809,39.4150949],[140.6796701,39.4170676],[140.685125,39.4246654],[140.6855951,39.437263],[140.6767955,39.4477917],[140.6819009,39.4572233],[140.7244046,39.4805344],[140.7135747,39.4988536],[140.7239664,39.5044188],[140.7211294,39.5140569],[140.724681,39.5185941],[140.7378389,39.5223976],[140.7413594,39.5361857],[140.7397082,39.5465976],[140.7274792,39.5559541],[140.7296194,39.565128],[140.7542967,39.5707195],[140.7638635,39.5875672],[140.7806619,39.590326],[140.7821959,39.6039688],[140.7953134,39.6029926]]}},{"type":"Feature","properties":{"areaCode1":"213","areaCode2":"233"},"geometry":{"type":"LineString","coordinates":[[140.6531248,39.3909984],[140.6789728,39.3831819],[140.6756397,39.3683415],[140.6927305,39.3585966],[140.6884529,39.3475247],[140.7032361,39.3435856],[140.7082018,39.3344594],[140.7093497,39.3299694],[140.6985866,39.3284297],[140.6940442,39.3197642],[140.692639,39.3136289],[140.6972254,39.3102858],[140.6935859,39.299593],[140.7040198,39.3018699],[140.7107972,39.2958026],[140.7173275,39.2965081],[140.7178287,39.2726088],[140.7437111,39.2617536],[140.7513494,39.2628072],[140.7572302,39.2547911],[140.7689203,39.2524627],[140.7771695,39.2415729],[140.7886624,39.2384287],[140.7876243,39.2267851],[140.770227,39.2234076],[140.7630504,39.2132269],[140.7676109,39.2047741],[140.7648491,39.1977605],[140.7885188,39.1886015],[140.7973927,39.1899562],[140.8081957,39.1804173],[140.7885305,39.1726746],[140.7837428,39.1654126],[140.7741311,39.1678532],[140.7591909,39.1437144],[140.7489415,39.1381222],[140.7699808,39.1241649],[140.7559555,39.1183019],[140.7559314,39.1121874],[140.7632468,39.1088582],[140.7527004,39.0861963],[140.7704674,39.0788798],[140.7783455,39.0820934],[140.8023869,39.0778949],[140.8039044,39.0671804],[140.7995317,39.0609735],[140.8102505,39.057409],[140.7935589,39.0418613],[140.7952869,39.0294291],[140.7786882,39.0081447],[140.7640329,39.0001921],[140.7679022,38.9947106],[140.7645735,38.9853876],[140.7749569,38.9704173],[140.7735902,38.9580845]]}},{"type":"Feature","properties":{"areaCode1":"220","areaCode2":""},"geometry":{"type":"LineString","coordinates":[[141.4411046,38.6463861],[141.4580954,38.6395429],[141.4642533,38.6479013],[141.4843951,38.6414273],[141.4975772,38.6451971],[141.5055082,38.6369406],[141.5295165,38.6371801],[141.5284458,38.6302773]]}},{"type":"Feature","properties":{"areaCode1":"220","areaCode2":""},"geometry":{"type":"LineString","coordinates":[[141.4411046,38.6463861],[141.450203,38.6575921],[141.4444925,38.673531],[141.4525122,38.6745457],[141.4626295,38.6662645],[141.4612732,38.6703121],[141.4755422,38.6764926],[141.4747394,38.6799382],[141.481618,38.6744085],[141.4883765,38.6779115],[141.4946824,38.6740095],[141.4970962,38.6804391],[141.4898301,38.6897686],[141.496984,38.6899061],[141.4993651,38.6955307],[141.500677,38.6898161],[141.5063597,38.6911789],[141.5092156,38.6854334],[141.5163434,38.68934],[141.5172847,38.6981116],[141.5243198,38.7055267],[141.5208255,38.7087614],[141.5262133,38.7089626],[141.5233571,38.7164158],[141.5321961,38.7160044],[141.5361988,38.7052885],[141.5450998,38.7111919],[141.5538066,38.7087712],[141.5592286,38.7011134],[141.5542729,38.6953415],[141.5617981,38.6916128],[141.5663966,38.7111371],[141.5567585,38.7193828],[141.5665373,38.725806],[141.5612181,38.7304506],[141.5653467,38.7396692],[141.5459971,38.7335176],[141.5468212,38.7404178],[141.534946,38.7400896],[141.540488,38.7463191],[141.5302395,38.7485817],[141.5291124,38.7588314],[141.5197494,38.759601],[141.5202696,38.7649258],[141.5116647,38.7677928],[141.5182508,38.7747471],[141.5207811,38.7887933],[141.5553615,38.8007985],[141.5590588,38.8125167],[141.5686883,38.8133877],[141.5714388,38.8080303],[141.5784052,38.8131274],[141.5748207,38.8191439],[141.5794062,38.8241953],[141.5903669,38.8222088],[141.5965344,38.8293202],[141.6036805,38.8278087],[141.596441,38.8368099],[141.5908574,38.8342283],[141.5831631,38.8485373],[141.5855262,38.8682895],[141.5921286,38.8698301],[141.5876132,38.8735459],[141.5937143,38.8897488],[141.5750069,38.906178],[141.5867741,38.9093433],[141.5881859,38.894625],[141.5973839,38.8938236],[141.6073934,38.8796939],[141.6103601,38.8862797],[141.6152805,38.88195],[141.6146892,38.8879848],[141.6208499,38.8928426],[141.6309148,38.8908731],[141.623388,38.8998102],[141.6294119,38.8955444],[141.6313206,38.9014317],[141.6383002,38.9023081],[141.6334172,38.8965716],[141.6361518,38.8888305],[141.6415599,38.889902],[141.637082,38.885073],[141.6450482,38.8842063],[141.6430415,38.8787951],[141.6482819,38.8795114],[141.6466772,38.8751614],[141.6580057,38.8663556],[141.6566915,38.8625764],[141.674635,38.8581717],[141.6736079,38.8673482],[141.6685169,38.8699375],[141.6707734,38.8739665],[141.6625849,38.8817226],[141.662569,38.888842],[141.6683527,38.8888618],[141.667482,38.892208],[141.6514251,38.9018226],[141.6548343,38.9069569],[141.6475153,38.9113133],[141.6531503,38.9191313],[141.6341774,38.9300876],[141.6430626,38.9330382],[141.6425679,38.9402866],[141.6483014,38.9423441],[141.6402577,38.9420002],[141.6396261,38.9493894],[141.6313477,38.9542587],[141.6326197,38.9582751],[141.6440463,38.9555157],[141.6370717,38.9643027],[141.632019,38.9629654],[141.6358089,38.9680319],[141.6319042,38.9707081]]}},{"type":"Feature","properties":{"areaCode1":"220","areaCode2":""},"geometry":{"type":"LineString","coordinates":[[141.6016831,38.873504],[141.6129292,38.8653921],[141.6047054,38.8604043],[141.6241422,38.8302774],[141.6285171,38.8400526],[141.6373343,38.8393764],[141.633117,38.8459704],[141.6363314,38.8484903],[141.6222646,38.8519544],[141.6277228,38.8561478],[141.6222851,38.8615424],[141.634333,38.8673475],[141.631238,38.8719488],[141.6344041,38.8747101],[141.6269135,38.8835929],[141.6016831,38.873504]]}},{"type":"Feature","properties":{"areaCode1":"220","areaCode2":"222"},"geometry":{"type":"LineString","coordinates":[[140.6196791,38.454692],[140.6258462,38.4472786],[140.723614,38.4953509],[140.8018398,38.4950657],[140.8502889,38.5082268],[140.8737332,38.5015088],[140.8844327,38.5044195],[140.8835581,38.5123103],[140.8894605,38.5135999],[140.9045091,38.495989],[140.9249325,38.4869339],[140.9369039,38.4913334],[140.9459445,38.4876523],[140.9490077,38.4982319],[140.9575867,38.505856],[140.9776679,38.5038177],[140.9977892,38.4920971],[141.0068876,38.4733924],[141.0157268,38.4774123],[141.0232255,38.4686773],[141.0347559,38.4648191],[141.0342805,38.4538517],[141.0259176,38.4447371],[141.0605288,38.4413748],[141.0606731,38.4454847],[141.0813141,38.4496815],[141.1134174,38.441545],[141.127932,38.4498945],[141.1307564,38.446407],[141.1239953,38.4413446],[141.1302645,38.4384137],[141.1313959,38.4429937],[141.1757048,38.4552044],[141.1657999,38.4608229],[141.1661808,38.4726105],[141.1608956,38.4758845],[141.1703816,38.4878773],[141.1637111,38.5010648],[141.177285,38.518419],[141.1778696,38.5309353],[141.1971229,38.5415202],[141.2138859,38.5341353],[141.2265467,38.5340794],[141.2354371,38.5695958],[141.2643837,38.5840929],[141.2651304,38.600272],[141.2692179,38.6044511],[141.2902032,38.6021809],[141.2874057,38.5702602],[141.3167495,38.5687298],[141.3244321,38.5764241],[141.3425174,38.5788794],[141.3614087,38.5909589],[141.3769917,38.5896984],[141.4016626,38.6094589],[141.4094464,38.6110255],[141.4159376,38.6057996],[141.4067053,38.5979824],[141.4260633,38.5931033],[141.4477774,38.6038417],[141.4462138,38.608747],[141.4575173,38.6097488],[141.4701377,38.6193956],[141.4857302,38.6186447],[141.4934976,38.6229274],[141.5080337,38.6146608],[141.5211761,38.6311541],[141.5284458,38.6302773]]}},{"type":"Feature","properties":{"areaCode1":"220","areaCode2":"233"},"geometry":{"type":"LineString","coordinates":[[140.5471164,38.8892078],[140.5542643,38.8762109],[140.5619858,38.8730134],[140.5856213,38.8800542],[140.5903271,38.8891752],[140.6071445,38.8866027],[140.6135895,38.8939124],[140.6391558,38.8832276],[140.6711147,38.8971308],[140.685648,38.9176047],[140.7115903,38.9232381],[140.7320921,38.9492665],[140.7452511,38.9563719],[140.7735902,38.9580845]]}},{"type":"Feature","properties":{"areaCode1":"220","areaCode2":"241"},"geometry":{"type":"LineString","coordinates":[[140.5386157,38.8687677],[140.5403553,38.8616624],[140.5565515,38.8556257],[140.5591313,38.8472509],[140.566302,38.8480439],[140.5907282,38.8360442],[140.5929403,38.8277881],[140.5985484,38.8259647],[140.5956722,38.8023269],[140.6035262,38.7837052],[140.6269812,38.7739537],[140.6377147,38.7772441],[140.6464954,38.7690988],[140.6350318,38.7609464],[140.6313393,38.747114],[140.6203556,38.7386583],[140.6202379,38.7307197],[140.6070389,38.7213131],[140.6066404,38.7037129],[140.6236349,38.6997848],[140.6207285,38.6962909],[140.6244241,38.6871712],[140.6020198,38.6406039],[140.5878621,38.6339426],[140.5694038,38.6382127],[140.5627522,38.6480624],[140.5465331,38.6496808]]}},{"type":"Feature","properties":{"areaCode1":"220","areaCode2":"241"},"geometry":{"type":"LineString","coordinates":[[140.5386157,38.8687677],[140.5476357,38.8809817],[140.5471164,38.8892078]]}},{"type":"Feature","properties":{"areaCode1":"220","areaCode2":"242"},"geometry":{"type":"LineString","coordinates":[[140.5373489,38.6345737],[140.5522179,38.6133439],[140.562122,38.607253],[140.5584459,38.5976367],[140.5697347,38.5940658],[140.5710042,38.5802569],[140.5784672,38.5700857],[140.5664135,38.5603758],[140.5699166,38.5555794],[140.5646396,38.5457236],[140.5540845,38.540759],[140.5557387,38.5299546],[140.5719557,38.5256381],[140.5678001,38.5202303],[140.5703021,38.5153042],[140.5634659,38.5107062],[140.5691504,38.5059626],[140.5674085,38.5013026],[140.6042298,38.4822822],[140.6082102,38.4584026],[140.6196791,38.454692]]}},{"type":"Feature","properties":{"areaCode1":"220","areaCode2":"242"},"geometry":{"type":"LineString","coordinates":[[140.5373489,38.6345737],[140.5465331,38.6496808]]}},{"type":"Feature","properties":{"areaCode1":"221","areaCode2":""},"geometry":{"type":"LineString","coordinates":[[140.4712464,38.1722421],[140.4715964,38.1724273]]}},{"type":"Feature","properties":{"areaCode1":"221","areaCode2":""},"geometry":{"type":"LineString","coordinates":[[140.4780484,38.1961102],[140.4782765,38.1965099]]}},{"type":"Feature","properties":{"areaCode1":"221","areaCode2":""},"geometry":{"type":"LineString","coordinates":[[140.5734602,38.2655872],[140.5738633,38.2655613]]}},{"type":"Feature","properties":{"areaCode1":"221","areaCode2":""},"geometry":{"type":"LineString","coordinates":[[140.6166958,38.2605712],[140.6168847,38.2603739]]}},{"type":"Feature","properties":{"areaCode1":"221","areaCode2":""},"geometry":{"type":"LineString","coordinates":[[140.6326115,38.257202],[140.6332448,38.2569884]]}},{"type":"Feature","properties":{"areaCode1":"221","areaCode2":""},"geometry":{"type":"LineString","coordinates":[[140.6614519,38.2390073],[140.6620636,38.238857]]}},{"type":"Feature","properties":{"areaCode1":"221","areaCode2":""},"geometry":{"type":"LineString","coordinates":[[140.6829729,38.2296036],[140.6832407,38.2294461]]}},{"type":"Feature","properties":{"areaCode1":"221","areaCode2":""},"geometry":{"type":"LineString","coordinates":[[140.6836563,38.2250709],[140.6838733,38.225]]}},{"type":"Feature","properties":{"areaCode1":"221","areaCode2":""},"geometry":{"type":"LineString","coordinates":[[140.70341,38.2198489],[140.7041467,38.2198811]]}},{"type":"Feature","properties":{"areaCode1":"221","areaCode2":""},"geometry":{"type":"LineString","coordinates":[[140.7200526,38.2170233],[140.7204502,38.2171308]]}},{"type":"Feature","properties":{"areaCode1":"221","areaCode2":""},"geometry":{"type":"LineString","coordinates":[[140.7224896,38.2161105],[140.7226861,38.2159997]]}},{"type":"Feature","properties":{"areaCode1":"221","areaCode2":""},"geometry":{"type":"LineString","coordinates":[[140.7281092,38.2141383],[140.7284039,38.2140166]]}},{"type":"Feature","properties":{"areaCode1":"221","areaCode2":""},"geometry":{"type":"LineString","coordinates":[[140.7323296,38.2118411],[140.7329324,38.2116124]]}},{"type":"Feature","properties":{"areaCode1":"221","areaCode2":""},"geometry":{"type":"LineString","coordinates":[[140.7450873,38.1855599],[140.7451406,38.1858996]]}},{"type":"Feature","properties":{"areaCode1":"221","areaCode2":""},"geometry":{"type":"LineString","coordinates":[[140.9148804,37.9803299],[140.9184985,38.0209328],[140.922045,38.0337278],[140.9277764,38.0342476],[140.922627,38.0338737],[140.9260641,38.0351742],[140.9216382,38.0384401],[140.9306113,38.1003804],[140.9524899,38.1551859],[140.960896,38.1684954],[140.9675732,38.1704677],[140.9607764,38.1697561],[140.9631715,38.1735591],[140.9652833,38.170512],[140.9627932,38.1739942]]}},{"type":"Feature","properties":{"areaCode1":"221","areaCode2":""},"geometry":{"type":"LineString","coordinates":[[140.9148804,37.9803299],[140.9229581,37.9165724],[140.9263489,37.9037869],[140.9293537,37.9004321],[140.9315367,37.9040059],[140.9311708,37.8961974]]}},{"type":"Feature","properties":{"areaCode1":"221","areaCode2":"222"},"geometry":{"type":"LineString","coordinates":[[140.4725332,38.2522304],[140.5226129,38.2617285],[140.5485416,38.2613398],[140.5625669,38.2675286],[140.5734602,38.2655872]]}},{"type":"Feature","properties":{"areaCode1":"221","areaCode2":"222"},"geometry":{"type":"LineString","coordinates":[[140.5738633,38.2655613],[140.6073506,38.2652865],[140.6166958,38.2605712]]}},{"type":"Feature","properties":{"areaCode1":"221","areaCode2":"222"},"geometry":{"type":"LineString","coordinates":[[140.6168847,38.2603739],[140.6326115,38.257202]]}},{"type":"Feature","properties":{"areaCode1":"221","areaCode2":"222"},"geometry":{"type":"LineString","coordinates":[[140.6332448,38.2569884],[140.6549998,38.2459047],[140.65066,38.2403803],[140.6614519,38.2390073]]}},{"type":"Feature","properties":{"areaCode1":"221","areaCode2":"222"},"geometry":{"type":"LineString","coordinates":[[140.6620636,38.238857],[140.6717027,38.2403119],[140.6703452,38.2362706],[140.6829729,38.2296036]]}},{"type":"Feature","properties":{"areaCode1":"221","areaCode2":"222"},"geometry":{"type":"LineString","coordinates":[[140.683116,38.2259751],[140.6836563,38.2250709]]}},{"type":"Feature","properties":{"areaCode1":"221","areaCode2":"222"},"geometry":{"type":"LineString","coordinates":[[140.683116,38.2259751],[140.6863397,38.229282],[140.6832407,38.2294461]]}},{"type":"Feature","properties":{"areaCode1":"221","areaCode2":"222"},"geometry":{"type":"LineString","coordinates":[[140.6838733,38.225],[140.70341,38.2198489]]}},{"type":"Feature","properties":{"areaCode1":"221","areaCode2":"222"},"geometry":{"type":"LineString","coordinates":[[140.7041467,38.2198811],[140.7200526,38.2170233]]}},{"type":"Feature","properties":{"areaCode1":"221","areaCode2":"222"},"geometry":{"type":"LineString","coordinates":[[140.7204502,38.2171308],[140.7224896,38.2161105]]}},{"type":"Feature","properties":{"areaCode1":"221","areaCode2":"222"},"geometry":{"type":"LineString","coordinates":[[140.7226861,38.2159997],[140.7281092,38.2141383]]}},{"type":"Feature","properties":{"areaCode1":"221","areaCode2":"222"},"geometry":{"type":"LineString","coordinates":[[140.7284039,38.2140166],[140.7323296,38.2118411]]}},{"type":"Feature","properties":{"areaCode1":"221","areaCode2":"222"},"geometry":{"type":"LineString","coordinates":[[140.7329324,38.2116124],[140.7444165,38.1982678],[140.7451406,38.1858996]]}},{"type":"Feature","properties":{"areaCode1":"221","areaCode2":"222"},"geometry":{"type":"LineString","coordinates":[[140.743645,38.1828168],[140.7567075,38.1767054],[140.7764963,38.1795002],[140.7957146,38.1752492],[140.7975109,38.1808805],[140.8152104,38.1873167],[140.7943914,38.1942579],[140.7968004,38.1996173],[140.7877946,38.2024685],[140.7839779,38.2147273],[140.7961602,38.2191516],[140.7984333,38.2126717],[140.8081709,38.2104605],[140.8170098,38.2187373],[140.8610833,38.2040297],[140.8595976,38.194952],[140.8636242,38.1953278],[140.8669856,38.1877517],[140.8945832,38.1903786],[140.899952,38.1896185],[140.8985624,38.1847447],[140.9034532,38.1846007],[140.9015409,38.1894104],[140.9075631,38.1882521],[140.9038954,38.1845821],[140.9347477,38.1827615],[140.9279589,38.1927421],[140.9347655,38.1988656],[140.9400962,38.1861667],[140.9627932,38.1739942]]}},{"type":"Feature","properties":{"areaCode1":"221","areaCode2":"222"},"geometry":{"type":"LineString","coordinates":[[140.743645,38.1828168],[140.7450873,38.1855599]]}},{"type":"Feature","properties":{"areaCode1":"221","areaCode2":"242"},"geometry":{"type":"LineString","coordinates":[[140.2770904,38.0561607],[140.2822207,38.0595626],[140.3027116,38.053566],[140.3153487,38.0584224],[140.3500454,38.0539875],[140.3556441,38.0584755],[140.3749808,38.0574392],[140.3823315,38.0640935],[140.3830154,38.07151],[140.4032301,38.0705661],[140.4208462,38.0855994],[140.4174639,38.1034783],[140.4256102,38.1149159],[140.4251577,38.121908],[140.4456853,38.1298548],[140.4437531,38.1409288],[140.4520093,38.1510601],[140.4676582,38.1569758],[140.4712464,38.1722421]]}},{"type":"Feature","properties":{"areaCode1":"221","areaCode2":"242"},"geometry":{"type":"LineString","coordinates":[[140.4670709,38.2327514],[140.4710665,38.2347838],[140.4725332,38.2522304]]}},{"type":"Feature","properties":{"areaCode1":"221","areaCode2":"242"},"geometry":{"type":"LineString","coordinates":[[140.4670709,38.2327514],[140.4742884,38.2244794],[140.4709567,38.2138373],[140.4782765,38.1965099]]}},{"type":"Feature","properties":{"areaCode1":"221","areaCode2":"242"},"geometry":{"type":"LineString","coordinates":[[140.4715964,38.1724273],[140.4800226,38.1815656],[140.4780484,38.1961102]]}},{"type":"Feature","properties":{"areaCode1":"221","areaCode2":"243"},"geometry":{"type":"LineString","coordinates":[[140.2748892,37.9820258],[140.2768788,37.9941794],[140.2896145,38.0072057],[140.2760683,38.0287194],[140.2833929,38.0499727],[140.2770904,38.0561607]]}},{"type":"Feature","properties":{"areaCode1":"221","areaCode2":"243"},"geometry":{"type":"LineString","coordinates":[[140.2748892,37.9820258],[140.2800026,37.9766444]]}},{"type":"Feature","properties":{"areaCode1":"221","areaCode2":"250"},"geometry":{"type":"LineString","coordinates":[[140.2800026,37.9766444],[140.3142055,37.9644117],[140.3164522,37.9581109],[140.3276504,37.958719],[140.3333062,37.9516762],[140.3360377,37.9551084],[140.3485909,37.9501573],[140.3557704,37.9521326],[140.3535579,37.9547781],[140.3588744,37.9589703],[140.3844909,37.9522169],[140.3884072,37.9691158],[140.4074516,37.9736731],[140.4091213,37.9638139],[140.4291272,37.9544144],[140.4446506,37.9569832],[140.4481953,37.9509562],[140.461617,37.9525911],[140.4748798,37.9467822],[140.4674299,37.9381692],[140.469531,37.9178687],[140.4766622,37.9069164],[140.4888577,37.8994708],[140.5033808,37.9055799],[140.5157922,37.9034934],[140.5218874,37.9088303],[140.5316662,37.9052158],[140.5589457,37.9099384],[140.5663792,37.9227909],[140.5913057,37.9061733],[140.6123946,37.915282],[140.6273423,37.8990733],[140.644672,37.8954487],[140.6626028,37.9002205],[140.6900805,37.888213],[140.6908894,37.8836742],[140.6818702,37.8759238],[140.6874573,37.8713877],[140.6920069,37.8508631],[140.679234,37.8363378],[140.6843771,37.8305225],[140.6853872,37.8155563],[140.6943733,37.803265]]}},{"type":"Feature","properties":{"areaCode1":"221","areaCode2":"251"},"geometry":{"type":"LineString","coordinates":[[140.6943733,37.803265],[140.7122398,37.8002949],[140.7230019,37.7925352],[140.7269698,37.7814792],[140.7451501,37.7884629],[140.792087,37.7732729],[140.8032352,37.7798428],[140.7949225,37.7809062],[140.7727478,37.7972762],[140.7644381,37.7968963],[140.775054,37.8063575],[140.81018,37.7955346],[140.8216167,37.7988865],[140.8305074,37.7947646],[140.8521065,37.7954381],[140.8579534,37.8029758],[140.8537159,37.8070291],[140.8582528,37.8147485],[140.8536566,37.8210138],[140.8559765,37.8288126],[140.852342,37.8297337],[140.8550901,37.8337759],[140.8505461,37.8493139],[140.8615623,37.8628288],[140.8545795,37.8745182],[140.8611231,37.8794012],[140.8562514,37.8909001],[140.9002214,37.9043297],[140.9011197,37.8976378],[140.9148664,37.8980288],[140.9202099,37.8919974],[140.9311708,37.8961974]]}},{"type":"Feature","properties":{"areaCode1":"222","areaCode2":""},"geometry":{"type":"LineString","coordinates":[[140.5734602,38.2655872],[140.5738633,38.2655613]]}},{"type":"Feature","properties":{"areaCode1":"222","areaCode2":""},"geometry":{"type":"LineString","coordinates":[[140.6166958,38.2605712],[140.6168847,38.2603739]]}},{"type":"Feature","properties":{"areaCode1":"222","areaCode2":""},"geometry":{"type":"LineString","coordinates":[[140.6326115,38.257202],[140.6332448,38.2569884]]}},{"type":"Feature","properties":{"areaCode1":"222","areaCode2":""},"geometry":{"type":"LineString","coordinates":[[140.6614519,38.2390073],[140.6620636,38.238857]]}},{"type":"Feature","properties":{"areaCode1":"222","areaCode2":""},"geometry":{"type":"LineString","coordinates":[[140.6829729,38.2296036],[140.6832407,38.2294461]]}},{"type":"Feature","properties":{"areaCode1":"222","areaCode2":""},"geometry":{"type":"LineString","coordinates":[[140.6836563,38.2250709],[140.6838733,38.225]]}},{"type":"Feature","properties":{"areaCode1":"222","areaCode2":""},"geometry":{"type":"LineString","coordinates":[[140.70341,38.2198489],[140.7041467,38.2198811]]}},{"type":"Feature","properties":{"areaCode1":"222","areaCode2":""},"geometry":{"type":"LineString","coordinates":[[140.7200526,38.2170233],[140.7204502,38.2171308]]}},{"type":"Feature","properties":{"areaCode1":"222","areaCode2":""},"geometry":{"type":"LineString","coordinates":[[140.7224896,38.2161105],[140.7226861,38.2159997]]}},{"type":"Feature","properties":{"areaCode1":"222","areaCode2":""},"geometry":{"type":"LineString","coordinates":[[140.7281092,38.2141383],[140.7284039,38.2140166]]}},{"type":"Feature","properties":{"areaCode1":"222","areaCode2":""},"geometry":{"type":"LineString","coordinates":[[140.7323296,38.2118411],[140.7329324,38.2116124]]}},{"type":"Feature","properties":{"areaCode1":"222","areaCode2":""},"geometry":{"type":"LineString","coordinates":[[140.7450873,38.1855599],[140.7451406,38.1858996]]}},{"type":"Feature","properties":{"areaCode1":"222","areaCode2":""},"geometry":{"type":"LineString","coordinates":[[140.9619888,38.1757932],[140.9627932,38.1739942]]}},{"type":"Feature","properties":{"areaCode1":"222","areaCode2":""},"geometry":{"type":"LineString","coordinates":[[140.9619888,38.1757932],[140.9791253,38.2078806],[141.0223401,38.2633534],[141.0468887,38.2646409],[140.9977063,38.2700389],[140.9989184,38.2731088],[141.0249492,38.2707181],[141.0287907,38.2831062],[141.0295789,38.2755642],[141.0402529,38.2726775],[141.0448976,38.277697],[141.0617211,38.2807309],[141.0731639,38.2947661],[141.0878796,38.295681],[141.0900278,38.3005517],[141.0813877,38.3057985],[141.0763957,38.319575],[141.0654472,38.3216975],[141.0587276,38.3127589],[141.0520578,38.3149376],[141.0500882,38.309041],[141.0458683,38.3128501],[141.0363306,38.306468],[141.0455632,38.3186323],[141.0245702,38.3199225],[141.0434412,38.3234989],[141.0539237,38.3306166],[141.0500809,38.3395539],[141.0393699,38.3343436],[141.0412271,38.3383733],[141.0364403,38.3395016],[141.0415611,38.349571],[141.0535972,38.3448411],[141.0594945,38.3479255],[141.0520015,38.3510632],[141.0661505,38.3513421],[141.0622602,38.3544167],[141.0616563,38.3691649],[141.088015,38.3817219],[141.0988949,38.3783521],[141.0965894,38.37464],[141.1052857,38.3680464],[141.107225,38.3755486],[141.1163092,38.3761438],[141.1078612,38.3800365],[141.1070348,38.3863248],[141.1334268,38.376912],[141.1380845,38.3717454],[141.1324377,38.3599735],[141.1440594,38.3604459],[141.1586416,38.3535471],[141.1606875,38.3645374],[141.1741799,38.3755249],[141.2302567,38.4009447],[141.2668206,38.407534],[141.2666026,38.4193867],[141.2853555,38.4194914],[141.2857875,38.4161776],[141.2748501,38.4144499],[141.2644222,38.3977224],[141.2754695,38.4095501],[141.2860532,38.4089974],[141.2838447,38.3991981],[141.2947696,38.4001336],[141.2941605,38.4140499],[141.3139539,38.4132118],[141.3144576,38.4073352],[141.3149015,38.4117168],[141.3241068,38.4022864],[141.3321098,38.4026832],[141.3241263,38.4024066],[141.3171679,38.4115342],[141.3405003,38.4060212],[141.3270176,38.4120183],[141.3637122,38.4118997],[141.3633774,38.4030308],[141.3639389,38.4096353],[141.3673026,38.4091933],[141.3655953,38.4026857],[141.3702737,38.4000711],[141.3638492,38.3885671],[141.3731785,38.3832652],[141.3900756,38.3856927],[141.4083953,38.4040043],[141.4146041,38.3914677],[141.4190853,38.3969228],[141.4310959,38.399212],[141.4335191,38.3957404],[141.4226932,38.3843244],[141.4382869,38.3813635],[141.4317885,38.3736753],[141.453114,38.3765525],[141.4588583,38.3729911],[141.4298785,38.3647651],[141.4239722,38.3555788],[141.4152364,38.3550705],[141.4206429,38.3504626],[141.4157876,38.3460426],[141.4313257,38.3482295],[141.4306123,38.3411564],[141.436127,38.3412686],[141.448457,38.353788],[141.4515319,38.3403126],[141.4537737,38.3477694],[141.4622841,38.3514846],[141.4631283,38.3357171],[141.4733262,38.3342812],[141.4742316,38.3293086],[141.4494713,38.3152533],[141.458723,38.3137989],[141.4667474,38.3058305],[141.4720748,38.3200694],[141.4701403,38.3153591],[141.4782573,38.3054674],[141.4955264,38.3070414],[141.4918054,38.2937087],[141.509055,38.2967153],[141.5117122,38.2757333],[141.5248365,38.2724007],[141.5255787,38.2958586],[141.5394667,38.3027934],[141.541015,38.3080427],[141.5397477,38.3191146],[141.5325462,38.3185661],[141.5246679,38.3254353],[141.5310505,38.3294592],[141.5341846,38.3398369],[141.5244267,38.3475817],[141.5181123,38.3684978],[141.4949723,38.3713598],[141.4889536,38.3676393],[141.4814324,38.3757217],[141.4883484,38.3822913],[141.5072203,38.3841319],[141.5120159,38.3915571],[141.5158896,38.3865306],[141.526574,38.3891539],[141.53069,38.3815213],[141.5406137,38.3897494],[141.5390469,38.4008563],[141.5141878,38.3926375],[141.5109527,38.3996733],[141.5053981,38.3982431],[141.5058827,38.4045842],[141.5045644,38.400837],[141.5009835,38.4034557],[141.5047531,38.4136223],[141.5000185,38.415905],[141.4814448,38.3987971],[141.4697129,38.3942738],[141.4654948,38.3987659],[141.4726033,38.4057748],[141.4745855,38.4135555],[141.4703947,38.4154347],[141.4750506,38.4198821],[141.4715462,38.4256383],[141.4632186,38.4236474],[141.465288,38.4314541],[141.4473903,38.4438945],[141.4607043,38.4467278],[141.4672147,38.4389061],[141.4793032,38.4403729],[141.4814138,38.4366801],[141.4899485,38.4430663],[141.4943943,38.4371104],[141.4944288,38.4430881],[141.509278,38.4442011],[141.5126781,38.4500223],[141.5094524,38.4536072],[141.5065833,38.4478148],[141.4975696,38.448784],[141.4946573,38.4561878],[141.5015944,38.4607524],[141.476298,38.4639211],[141.4761773,38.4679439],[141.4893292,38.4691398],[141.4986359,38.4784774],[141.4907889,38.4886966],[141.4972731,38.4953561],[141.4959979,38.5006206],[141.4892841,38.4986334],[141.4889643,38.5060934],[141.475207,38.5177014],[141.4646988,38.5120859],[141.4695762,38.5212076],[141.4832355,38.5198607],[141.4941322,38.5087982],[141.5132425,38.5132499],[141.5149442,38.4930184],[141.5231166,38.4960375],[141.5239158,38.4898649],[141.5373195,38.4903877],[141.5333457,38.4959898],[141.5428041,38.5045777],[141.5389386,38.5025657],[141.5338531,38.5091272],[141.5475585,38.5238508],[141.5368308,38.5331343],[141.5303379,38.5320881],[141.5348565,38.5470161],[141.5261312,38.5468825],[141.5204869,38.5392897],[141.5144899,38.5449038],[141.5079635,38.5381006],[141.5099757,38.5333618],[141.5018493,38.5364981],[141.493528,38.533066],[141.4856896,38.5409134],[141.4878399,38.5540467],[141.4764231,38.5575661],[141.4783861,38.5626566],[141.4630389,38.561251],[141.4585647,38.578486],[141.4742356,38.585224],[141.4873657,38.5831049],[141.4919256,38.5909421],[141.5045754,38.5950306],[141.5010604,38.6030381],[141.5082728,38.5983732],[141.508398,38.6040033],[141.5174862,38.6041676],[141.528241,38.6178984],[141.5284458,38.6302773]]}},{"type":"Feature","properties":{"areaCode1":"222","areaCode2":""},"geometry":{"type":"LineString","coordinates":[[141.1314863,38.338594],[141.1397567,38.3269613],[141.137692,38.3216761],[141.1466058,38.3247115],[141.137813,38.330082],[141.1488726,38.3341854],[141.1453362,38.3299892],[141.154236,38.3223463],[141.1628604,38.3281465],[141.1770906,38.3194826],[141.1771527,38.3236587],[141.1826832,38.3215308],[141.1667562,38.3320516],[141.1706681,38.338866],[141.1686497,38.3364827],[141.1694973,38.3447193],[141.1638434,38.3455094],[141.1693521,38.3483673],[141.1657466,38.3522677],[141.1603689,38.3521203],[141.161778,38.3480029],[141.1588289,38.3503861],[141.1629424,38.3403357],[141.1543652,38.3478932],[141.1582287,38.353223],[141.1498221,38.3571254],[141.1408349,38.3550084],[141.1499927,38.3426888],[141.1482159,38.3388263],[141.1344735,38.3426864],[141.1314863,38.338594]]}},{"type":"Feature","properties":{"areaCode1":"222","areaCode2":""},"geometry":{"type":"LineString","coordinates":[[141.4063668,38.288574],[141.4087243,38.2850137],[141.429537,38.2927795],[141.4242838,38.2945736],[141.4187009,38.3118823],[141.410649,38.3077467],[141.412791,38.2990285],[141.4063668,38.288574]]}},{"type":"Feature","properties":{"areaCode1":"222","areaCode2":""},"geometry":{"type":"LineString","coordinates":[[141.456459,38.2734077],[141.4595783,38.2726968],[141.4570182,38.2682325],[141.4652057,38.2692772],[141.4650184,38.2650719],[141.4722143,38.2638489],[141.4789905,38.2501822],[141.4948436,38.2510182],[141.5011401,38.2468529],[141.4965995,38.250924],[141.4991435,38.256977],[141.4896406,38.2593877],[141.4890774,38.2673559],[141.4796425,38.2793506],[141.460431,38.2833455],[141.4632536,38.2768687],[141.456459,38.2734077]]}},{"type":"Feature","properties":{"areaCode1":"222","areaCode2":""},"geometry":{"type":"LineString","coordinates":[[141.5152567,38.4624188],[141.5193652,38.4565763],[141.5158345,38.450588],[141.518594,38.4428622],[141.5302065,38.4376779],[141.5349494,38.443795],[141.5294522,38.4502056],[141.5324713,38.4545041],[141.5246369,38.4536955],[141.5261915,38.4595419],[141.5190954,38.4654457],[141.5152567,38.4624188]]}},{"type":"Feature","properties":{"areaCode1":"222","areaCode2":""},"geometry":{"type":"LineString","coordinates":[[141.5478715,38.3028125],[141.5526545,38.2873886],[141.5728969,38.2703251],[141.5860043,38.2770843],[141.5791059,38.2868983],[141.5895436,38.301889],[141.5683923,38.3083013],[141.5713018,38.3120818],[141.5679898,38.3135319],[141.5478715,38.3028125]]}},{"type":"Feature","properties":{"areaCode1":"222","areaCode2":"242"},"geometry":{"type":"LineString","coordinates":[[140.4694982,38.2564082],[140.4730063,38.2718192],[140.487879,38.2745047],[140.4969483,38.2831435],[140.4925936,38.3026876],[140.5019837,38.3048267],[140.5043413,38.3143269],[140.5202835,38.3095152],[140.529742,38.3206976],[140.5227522,38.3531816],[140.5323557,38.3615218],[140.5455288,38.3641167],[140.5522111,38.3762127],[140.5635502,38.3772726],[140.5782172,38.3927805],[140.5713009,38.4131141],[140.5793968,38.4231756],[140.5803926,38.4372689],[140.5923575,38.4417211],[140.5977646,38.4365288],[140.6134362,38.4536028],[140.6196791,38.454692]]}},{"type":"Feature","properties":{"areaCode1":"222","areaCode2":"242"},"geometry":{"type":"LineString","coordinates":[[140.4694982,38.2564082],[140.4725332,38.2522304]]}},{"type":"Feature","properties":{"areaCode1":"230","areaCode2":""},"geometry":{"type":"LineString","coordinates":[[139.6929521,39.9952452],[139.697973,39.9845245],[139.6942312,39.9794964],[139.7019023,39.9760058],[139.70161,39.9610059],[139.7082022,39.9563257],[139.7150947,39.9602953],[139.7210619,39.9548942],[139.7189078,39.9460327],[139.701718,39.9422496],[139.7061511,39.9395871],[139.7056849,39.9280617],[139.7111949,39.9265054],[139.7084951,39.923343],[139.7177055,39.9151997],[139.7175701,39.9090013],[139.7285764,39.9100899],[139.7349241,39.9053518],[139.7402726,39.8714496],[139.7550396,39.8634332],[139.7552881,39.8568472],[139.7716521,39.8647465],[139.7719552,39.8583898],[139.7841038,39.8590229],[139.7791923,39.8645553],[139.7868391,39.8620765],[139.7928285,39.8676929],[139.8145332,39.8573404],[139.8300044,39.8688516],[139.838482,39.8670699],[139.8379539,39.8629576],[139.8483827,39.8628147],[139.84756,39.8683717],[139.8496508,39.8634153],[139.8612486,39.8663317],[139.8587488,39.8723085],[139.8658482,39.8742197],[139.8515757,39.8706202],[139.8575328,39.8765347],[139.8493214,39.8748469],[139.8469102,39.8784215],[139.8569042,39.8779968],[139.8491339,39.8813191],[139.8575507,39.8816161],[139.8613381,39.8874203],[139.8507841,39.8867664],[139.859708,39.8945257],[139.8637334,39.8904886],[139.8585146,39.8960094],[139.916055,39.9013777],[139.94892,39.8899591],[139.9458619,39.8875103],[139.9543896,39.8879116],[139.9840433,39.8680834],[140.0148429,39.8365959],[140.0340429,39.8044876]]}},{"type":"Feature","properties":{"areaCode1":"230","areaCode2":""},"geometry":{"type":"LineString","coordinates":[[139.6929521,39.9952452],[139.6977476,39.9959416],[139.6952586,39.9988312],[139.7017006,40.0068223],[139.7233514,39.9816754],[139.7344373,39.9838581],[139.7421649,39.9784267],[139.765719,39.9748653],[139.7936808,39.9576975],[139.8183464,39.9601467],[139.8496247,39.9734983],[139.8851995,39.9994899],[139.9099733,40.0246813],[139.9083592,40.0296464],[139.9142689,40.0303431],[139.9087145,40.0303827],[139.9145776,40.0303854],[139.923726,40.0410477],[139.9490674,40.078864],[139.992153,40.1757864],[139.9921079,40.1822466],[139.9839736,40.18353],[139.9884201,40.2002086],[139.9780857,40.2023671],[139.9949886,40.199251],[139.9978297,40.2100367],[139.994196,40.2136294],[140.0023856,40.2119369],[140.0026785,40.2063101],[140.0028014,40.2173706],[140.0255669,40.2167445],[139.9977853,40.2203241],[139.9833906,40.2111006],[140.00566,40.226746],[140.0192227,40.2829958],[140.0261489,40.3432818],[140.0249344,40.3537204],[140.014686,40.3636371],[140.0120173,40.3735506],[139.9830953,40.3846489],[139.9782264,40.398482],[139.9470265,40.4126791],[139.9441165,40.4228186],[139.9363098,40.4282038]]}},{"type":"Feature","properties":{"areaCode1":"230","areaCode2":""},"geometry":{"type":"LineString","coordinates":[[140.3330971,40.4014806],[140.3331219,40.4019429]]}},{"type":"Feature","properties":{"areaCode1":"230","areaCode2":"231"},"geometry":{"type":"LineString","coordinates":[[140.0340429,39.8044876],[140.0558773,39.8071288],[140.048732,39.8489309],[140.0661709,39.8504117],[140.0661706,39.859535],[140.0768148,39.8550427],[140.0771504,39.8479002],[140.0896163,39.8441138],[140.0950959,39.8351776],[140.1206836,39.8519514],[140.1330521,39.8448575],[140.1476088,39.8445747],[140.1552541,39.849581],[140.1684075,39.8440376],[140.1925957,39.8474987],[140.1990109,39.8625395],[140.2083333,39.8650079],[140.2226113,39.8610986],[140.2226594,39.8550069],[140.2456875,39.8293537],[140.2704943,39.8270415],[140.2817768,39.8349659],[140.2881744,39.8307673],[140.2964616,39.8329464]]}},{"type":"Feature","properties":{"areaCode1":"230","areaCode2":"232"},"geometry":{"type":"LineString","coordinates":[[140.2340425,39.9941721],[140.2360521,40.0117483],[140.2438788,40.0169285],[140.2451889,40.0280599],[140.2398875,40.0318155],[140.241725,40.0398444],[140.2366721,40.0475008],[140.2425149,40.0518877],[140.2404534,40.0605844],[140.2504025,40.0635472],[140.2542269,40.071348],[140.2516274,40.0789897],[140.2554798,40.0856761],[140.246782,40.0892228],[140.2531297,40.0970998],[140.2428734,40.1116484],[140.2477333,40.1176001],[140.2481131,40.1377179],[140.2581371,40.1585116],[140.2533828,40.1640066],[140.2543008,40.1818103],[140.2710513,40.1867825],[140.2739551,40.1966156],[140.2854448,40.1954589],[140.2994026,40.2011903],[140.2993709,40.2052431],[140.2869894,40.2101734],[140.2730747,40.2113896],[140.2828574,40.2244351],[140.2735642,40.2366199],[140.2875616,40.2535799],[140.3075974,40.2524785],[140.3110593,40.2644799],[140.3231039,40.2723213],[140.3274177,40.2894791],[140.3227573,40.3019053],[140.3253769,40.3117281],[140.3334392,40.3149795],[140.3354976,40.3317195],[140.35093,40.349647],[140.3564338,40.3665584],[140.3382765,40.3784589],[140.3330971,40.4014806]]}},{"type":"Feature","properties":{"areaCode1":"230","areaCode2":"232"},"geometry":{"type":"LineString","coordinates":[[140.2340425,39.9941721],[140.2509001,39.9826656],[140.2526764,39.970127],[140.2478595,39.9589539],[140.2612674,39.949723],[140.2749443,39.9282818],[140.291643,39.9278859],[140.2957431,39.9197071],[140.2927645,39.9120471],[140.3001127,39.9012129],[140.296712,39.8885598],[140.3038949,39.8796087],[140.2982738,39.8658884],[140.3050656,39.8605476],[140.306476,39.8474031],[140.2964616,39.8329464]]}},{"type":"Feature","properties":{"areaCode1":"230","areaCode2":"232"},"geometry":{"type":"LineString","coordinates":[[140.3326804,40.4196848],[140.3369977,40.4078595],[140.3331219,40.4019429]]}},{"type":"Feature","properties":{"areaCode1":"230","areaCode2":"232"},"geometry":{"type":"LineString","coordinates":[[140.3326804,40.4196848],[140.3364078,40.4242023],[140.3352161,40.4393834]]}},{"type":"Feature","properties":{"areaCode1":"231","areaCode2":""},"geometry":{"type":"LineString","coordinates":[[139.8695899,39.1182582],[139.8779843,39.121079],[139.885071,39.1331167],[139.8832995,39.1452345],[139.894932,39.156051],[139.9049194,39.1813748],[139.905021,39.1973463],[139.8928371,39.2024551],[139.8920759,39.2128879],[139.8947725,39.2112741],[139.9029733,39.2241103],[139.914967,39.2491414],[139.9098389,39.2590567],[139.9076226,39.2543194],[139.9157281,39.2755724],[139.9306265,39.2892017],[139.9661219,39.295159],[139.9828593,39.3169557],[140.0136305,39.3821403],[140.0140898,39.3895684],[140.0106061,39.3892103],[140.01392,39.391487],[140.0092151,39.3918897],[140.0150671,39.3917107],[140.0106389,39.3953288],[140.0162297,39.3960935],[140.0215188,39.4056334],[140.0381122,39.4692236],[140.0561327,39.5662162],[140.0630188,39.6535586],[140.0582069,39.7278054],[140.0540408,39.7388697],[140.048528,39.7406665],[140.0482471,39.7553987],[140.0386756,39.7595929],[140.0493239,39.7592418],[140.0495216,39.7735126],[140.0428436,39.772839],[140.0460819,39.7634967],[140.0430412,39.7619988],[140.0372138,39.7676757],[140.0396738,39.7719619],[140.0277432,39.7691242],[140.0366274,39.7714182],[140.033387,39.7810268],[140.0423354,39.7828499],[140.0406105,39.7867034],[140.0345472,39.7854924],[140.0331453,39.7896854],[140.0384543,39.7885979],[140.0340296,39.7910442],[140.0377921,39.7928488],[140.0340429,39.8044876]]}},{"type":"Feature","properties":{"areaCode1":"231","areaCode2":""},"geometry":{"type":"LineString","coordinates":[[140.2228723,39.2269969],[140.2234337,39.2273194]]}},{"type":"Feature","properties":{"areaCode1":"231","areaCode2":""},"geometry":{"type":"LineString","coordinates":[[140.2270539,39.2131639],[140.2271209,39.2134272]]}},{"type":"Feature","properties":{"areaCode1":"231","areaCode2":""},"geometry":{"type":"LineString","coordinates":[[140.2678363,39.3763287],[140.2682124,39.3762887]]}},{"type":"Feature","properties":{"areaCode1":"231","areaCode2":""},"geometry":{"type":"LineString","coordinates":[[140.3001246,39.3492734],[140.3002382,39.3488764]]}},{"type":"Feature","properties":{"areaCode1":"231","areaCode2":""},"geometry":{"type":"LineString","coordinates":[[140.3013816,39.3476423],[140.3015124,39.3471389]]}},{"type":"Feature","properties":{"areaCode1":"231","areaCode2":"232"},"geometry":{"type":"LineString","coordinates":[[140.2964616,39.8329464],[140.3096206,39.8256261],[140.3086418,39.8167389],[140.3144116,39.8073272],[140.3109281,39.7971814],[140.3205637,39.796478],[140.3404044,39.804581],[140.349136,39.8114774],[140.3477776,39.8189969],[140.3734032,39.8360274],[140.4007819,39.8348521],[140.4041381,39.8290171],[140.4300213,39.8245806],[140.4320497,39.8196367],[140.4590703,39.823793],[140.4749463,39.7957276],[140.480374,39.7965273]]}},{"type":"Feature","properties":{"areaCode1":"231","areaCode2":"233"},"geometry":{"type":"LineString","coordinates":[[140.2205274,39.2208603],[140.2228723,39.2269969]]}},{"type":"Feature","properties":{"areaCode1":"231","areaCode2":"233"},"geometry":{"type":"LineString","coordinates":[[140.2205274,39.2208603],[140.2271209,39.2134272]]}},{"type":"Feature","properties":{"areaCode1":"231","areaCode2":"233"},"geometry":{"type":"LineString","coordinates":[[140.2234337,39.2273194],[140.2483981,39.2245574],[140.270678,39.2404134],[140.3103626,39.2482514],[140.3267261,39.245786],[140.335263,39.2491752],[140.3411839,39.2444913],[140.3488253,39.2480696],[140.3294504,39.2650288],[140.3304836,39.2735502],[140.3397689,39.2808435],[140.3424693,39.2955727],[140.3557577,39.2971093],[140.3525679,39.3051957],[140.340564,39.3124482],[140.3421026,39.3267816],[140.3275301,39.3257727],[140.3297275,39.3394171],[140.3201061,39.3486624],[140.3015124,39.3471389]]}},{"type":"Feature","properties":{"areaCode1":"231","areaCode2":"233"},"geometry":{"type":"LineString","coordinates":[[140.2270539,39.2131639],[140.2367636,39.1951813],[140.2487012,39.1970169],[140.2573255,39.1901393],[140.2571095,39.1821063],[140.2636549,39.1750601],[140.2737478,39.1714887],[140.2816353,39.1510028],[140.3031293,39.1334697],[140.3039378,39.1223541],[140.3126785,39.116308],[140.3169762,39.1014822],[140.3306099,39.1004202],[140.3410459,39.0892174],[140.3433594,39.0739724],[140.3314842,39.0590996],[140.3427242,39.0456165],[140.3291025,39.0348022]]}},{"type":"Feature","properties":{"areaCode1":"231","areaCode2":"233"},"geometry":{"type":"LineString","coordinates":[[140.2273144,39.5479303],[140.2282583,39.5434686],[140.2455141,39.5410602],[140.2509016,39.514964],[140.2631181,39.5120831],[140.2753862,39.4918606],[140.2654848,39.4839233],[140.2809201,39.4689441],[140.2837938,39.4588416],[140.2795293,39.4585391],[140.2789013,39.4509971],[140.2689732,39.449571],[140.2704681,39.4325518],[140.2782049,39.4243234],[140.3065107,39.4165631],[140.3022257,39.4038167],[140.2851863,39.3967701],[140.3026919,39.390055],[140.3158437,39.3904141],[140.3201923,39.3825897],[140.3009464,39.3782403],[140.3006167,39.3742345],[140.2940742,39.3785284],[140.2943389,39.3724342],[140.2921317,39.3767351],[140.2864106,39.3728717],[140.2682124,39.3762887]]}},{"type":"Feature","properties":{"areaCode1":"231","areaCode2":"233"},"geometry":{"type":"LineString","coordinates":[[140.2273144,39.5479303],[140.2352802,39.5516953],[140.2328218,39.5599073],[140.2395585,39.5627064],[140.243487,39.5731519],[140.256176,39.5780072],[140.2546336,39.5884119],[140.2662806,39.5980564],[140.2675566,39.6098525],[140.2769255,39.615723],[140.2760529,39.6241447],[140.2841819,39.6251497],[140.2844901,39.6404806],[140.2713325,39.6382889],[140.265879,39.6523648],[140.2922019,39.6554389],[140.2952851,39.6488053],[140.3090471,39.6476005],[140.3077783,39.6698811],[140.3253931,39.6806716],[140.3420829,39.6751821],[140.3478609,39.6913638],[140.3829449,39.6962839],[140.4146046,39.7147322],[140.4451762,39.704569],[140.5071042,39.7293764],[140.5151727,39.7499251],[140.5062961,39.7689715],[140.4900731,39.7807353],[140.480374,39.7965273]]}},{"type":"Feature","properties":{"areaCode1":"231","areaCode2":"233"},"geometry":{"type":"LineString","coordinates":[[140.2619032,39.3779868],[140.2678363,39.3763287]]}},{"type":"Feature","properties":{"areaCode1":"231","areaCode2":"233"},"geometry":{"type":"LineString","coordinates":[[140.2619032,39.3779868],[140.2729128,39.3628168],[140.2693664,39.3552312],[140.2983435,39.3547345],[140.3001246,39.3492734]]}},{"type":"Feature","properties":{"areaCode1":"231","areaCode2":"233"},"geometry":{"type":"LineString","coordinates":[[140.3002382,39.3488764],[140.3013816,39.3476423]]}},{"type":"Feature","properties":{"areaCode1":"231","areaCode2":"240"},"geometry":{"type":"LineString","coordinates":[[139.8695899,39.1182582],[139.9060395,39.1188283],[139.9456539,39.1128309],[139.9480522,39.1171667],[139.9944467,39.1055156],[139.9976408,39.1158392],[140.0077664,39.1230403],[140.0624392,39.1334986],[140.0616381,39.1110709],[140.067218,39.0993131],[140.0627308,39.0925467],[140.1144958,39.0783632],[140.1168628,39.068231],[140.1276271,39.063051],[140.1377955,39.0655679],[140.150803,39.0491793]]}},{"type":"Feature","properties":{"areaCode1":"231","areaCode2":"241"},"geometry":{"type":"LineString","coordinates":[[140.150803,39.0491793],[140.1625005,39.0542609],[140.1711567,39.0510317],[140.1751462,39.0574333],[140.1981071,39.0612566],[140.2047658,39.0534963],[140.2015501,39.0350266],[140.2315818,39.0269585],[140.2454408,39.0309009],[140.2528765,39.028225],[140.2605649,39.035235],[140.2866349,39.0280926],[140.2939076,39.0182182],[140.3107225,39.0135892],[140.3187957,39.0312617],[140.3291025,39.0348022]]}},{"type":"Feature","properties":{"areaCode1":"232","areaCode2":""},"geometry":{"type":"LineString","coordinates":[[140.3330971,40.4014806],[140.3331219,40.4019429]]}},{"type":"Feature","properties":{"areaCode1":"232","areaCode2":""},"geometry":{"type":"LineString","coordinates":[[140.5610199,40.426121],[140.5613949,40.4264138]]}},{"type":"Feature","properties":{"areaCode1":"232","areaCode2":"233"},"geometry":{"type":"LineString","coordinates":[[140.480374,39.7965273],[140.4883745,39.8052873],[140.5142551,39.8113377],[140.5172464,39.8194633],[140.5096578,39.8403317],[140.5143716,39.8467445],[140.527651,39.8502514],[140.5285892,39.8561417],[140.5369345,39.8611072],[140.5328118,39.8691156],[140.5398041,39.8832214],[140.5477306,39.880983],[140.5763166,39.8950118],[140.5941938,39.8846256],[140.6040544,39.8863583],[140.6117837,39.8820519],[140.626197,39.8902349],[140.6360229,39.9055763],[140.6357171,39.9185988],[140.6297842,39.927523],[140.6362161,39.9338652],[140.6465397,39.9330107],[140.6593891,39.9408046],[140.6675605,39.9552171],[140.6780033,39.9584863],[140.673078,39.9606269],[140.6742524,39.9651991],[140.6915248,39.9673658],[140.6995315,39.9841263],[140.7144206,39.989548],[140.7146158,39.9973066],[140.7385139,39.9971859],[140.7539132,39.9846324],[140.7495189,39.9739436],[140.7595273,39.9630462],[140.7813323,39.9640658],[140.8136084,39.9758743],[140.8479353,39.959333]]}},{"type":"Feature","properties":{"areaCode1":"233","areaCode2":""},"geometry":{"type":"LineString","coordinates":[[140.2228723,39.2269969],[140.2234337,39.2273194]]}},{"type":"Feature","properties":{"areaCode1":"233","areaCode2":""},"geometry":{"type":"LineString","coordinates":[[140.2270539,39.2131639],[140.2271209,39.2134272]]}},{"type":"Feature","properties":{"areaCode1":"233","areaCode2":""},"geometry":{"type":"LineString","coordinates":[[140.2678363,39.3763287],[140.2682124,39.3762887]]}},{"type":"Feature","properties":{"areaCode1":"233","areaCode2":""},"geometry":{"type":"LineString","coordinates":[[140.3001246,39.3492734],[140.3002382,39.3488764]]}},{"type":"Feature","properties":{"areaCode1":"233","areaCode2":""},"geometry":{"type":"LineString","coordinates":[[140.3013816,39.3476423],[140.3015124,39.3471389]]}},{"type":"Feature","properties":{"areaCode1":"233","areaCode2":"241"},"geometry":{"type":"LineString","coordinates":[[140.3290572,39.0342416],[140.3442524,39.0258249],[140.3622096,39.0259553],[140.3640337,39.0094953],[140.3762251,38.9944583],[140.4318586,38.991902],[140.4378674,38.9819451],[140.4455322,38.980412],[140.4536926,38.9588392],[140.4515015,38.9376842],[140.4583083,38.9338845],[140.4646592,38.9173243],[140.4824409,38.9165498],[140.5001203,38.8948524],[140.5355,38.9007186],[140.5471164,38.8892078]]}},{"type":"Feature","properties":{"areaCode1":"233","areaCode2":"241"},"geometry":{"type":"LineString","coordinates":[[140.3290572,39.0342416],[140.3291025,39.0348022]]}},{"type":"Feature","properties":{"areaCode1":"240","areaCode2":""},"geometry":{"type":"LineString","coordinates":[[139.5390902,39.1944139],[139.5410654,39.1829767],[139.5486778,39.1816363],[139.55027,39.1905702],[139.5647725,39.1986668],[139.5501954,39.2085483],[139.549378,39.2007124],[139.5390902,39.1944139]]}},{"type":"Feature","properties":{"areaCode1":"240","areaCode2":""},"geometry":{"type":"LineString","coordinates":[[139.5391076,38.5579331],[139.5478108,38.5529477]]}},{"type":"Feature","properties":{"areaCode1":"240","areaCode2":""},"geometry":{"type":"LineString","coordinates":[[139.5391076,38.5579331],[139.5421086,38.5621104],[139.5482182,38.5597789],[139.543125,38.5622255],[139.5575497,38.5754662],[139.5635651,38.5954803],[139.5872275,38.6253651],[139.5918951,38.6410129],[139.5917613,38.6374346],[139.5960321,38.6403309],[139.5951555,38.6467257],[139.6112351,38.6643198],[139.6097828,38.6691306],[139.6244721,38.6847911],[139.6352488,38.6846616],[139.64793,38.6934408],[139.6689853,38.7181839],[139.6811822,38.7175958],[139.6769938,38.7182001],[139.6903186,38.7231414],[139.7087653,38.7447573],[139.7073992,38.7504076],[139.7233896,38.7590819],[139.7225962,38.7632989],[139.7344979,38.7627668],[139.7295224,38.7662033],[139.7457951,38.7745645],[139.7537956,38.7859936],[139.7773912,38.8323176],[139.8048488,38.9061003],[139.8086888,38.9253084],[139.7952508,38.9357452],[139.8086894,38.9253691],[139.8100604,38.9297469],[139.8029172,38.9301473],[139.8079281,38.9361545],[139.8160022,38.9368415],[139.8177844,38.9428009],[139.8115553,38.9448811],[139.8123986,38.9509801],[139.8217678,38.9492345],[139.8358726,38.9559928],[139.8375349,38.9628633],[139.8337398,38.9639789],[139.8294496,38.9579736],[139.818887,38.9605247],[139.8260104,38.9748612],[139.8323326,38.9731861],[139.8385832,38.9816595],[139.8671514,39.052328],[139.8706147,39.0664781],[139.8645928,39.0691438],[139.8727818,39.0696067],[139.8637409,39.0708412],[139.8699177,39.0706351],[139.8675332,39.0736987],[139.8793428,39.0962048],[139.8695899,39.1182582]]}},{"type":"Feature","properties":{"areaCode1":"240","areaCode2":"241"},"geometry":{"type":"LineString","coordinates":[[140.0286725,38.7702307],[140.0321711,38.777122],[140.0364111,38.7746709],[140.0555612,38.7891608],[140.0656127,38.7886772],[140.0747555,38.7932777],[140.0733588,38.797713],[140.0852558,38.8005168],[140.0767954,38.8142085],[140.117449,38.8210842],[140.1133033,38.8352167],[140.0877606,38.842309],[140.0887372,38.8583495],[140.0926119,38.8636437],[140.1204177,38.8727127],[140.1145659,38.8773169],[140.1182434,38.894768],[140.1400939,38.9146481],[140.1239964,38.9212279],[140.1206124,38.9370754],[140.1267066,38.945544],[140.1412759,38.9459547],[140.1439076,38.950745],[140.1376261,38.9609559],[140.1471664,38.9700089],[140.1371165,38.9818414],[140.1159477,38.9818028],[140.1099289,38.991812],[140.113227,38.9965806],[140.1182523,38.9935184],[140.1209456,39.0023219],[140.1210563,39.0134028],[140.1143709,39.0244689],[140.1312624,39.0337944],[140.1350829,39.0429113],[140.150803,39.0491793]]}},{"type":"Feature","properties":{"areaCode1":"240","areaCode2":"241"},"geometry":{"type":"LineString","coordinates":[[140.0286725,38.7702307],[140.0386807,38.7539953],[140.0340799,38.7489845],[140.0450364,38.7435475],[140.046414,38.7305792],[140.0562386,38.7259439],[140.0496736,38.7073262],[140.0388021,38.6999799],[140.0427241,38.6964752],[140.0425956,38.6833205],[140.0320419,38.6791056],[140.0336083,38.6740939],[140.0418154,38.6691608],[140.0434354,38.6597489],[140.0550278,38.6588769],[140.071815,38.6337598],[140.0800443,38.6340948],[140.081244,38.6295729],[140.1085789,38.6192356],[140.1115911,38.6126184],[140.1052097,38.6002429],[140.1174633,38.5788827],[140.0991633,38.5694694],[140.0972447,38.5571423],[140.0832526,38.5560193],[140.0734861,38.5400502],[140.054324,38.5282881],[140.0435041,38.5274797],[140.0357554,38.532735]]}},{"type":"Feature","properties":{"areaCode1":"240","areaCode2":"242"},"geometry":{"type":"LineString","coordinates":[[139.8748147,38.3167743],[139.8829226,38.3262464],[139.8977705,38.3322391],[139.9023567,38.3485048],[139.9174374,38.3668922],[139.9099051,38.3793649],[139.9212944,38.3935282],[139.9143909,38.4103987],[139.917079,38.4182675],[139.9272875,38.4203581],[139.9350923,38.4335802],[139.9334337,38.4481579],[139.9241883,38.4520318],[139.9325586,38.4696365],[139.9261763,38.479689],[139.9421988,38.4890353],[139.9320378,38.5022789],[139.9475824,38.5064847],[139.9543111,38.5153536],[140.0030684,38.5413593],[140.0075484,38.5392898],[140.0261992,38.5468097],[140.0357554,38.532735]]}},{"type":"Feature","properties":{"areaCode1":"240","areaCode2":"372"},"geometry":{"type":"LineString","coordinates":[[139.5478108,38.5529477],[139.5607266,38.5428671],[139.5772661,38.5396246],[139.5998285,38.5220599],[139.6212139,38.5255845],[139.6312885,38.5219737],[139.6378088,38.5114212],[139.6530636,38.5069679],[139.6931617,38.5067986],[139.7025282,38.4991628],[139.7217645,38.4962263],[139.7251467,38.4852447],[139.7113964,38.4768012],[139.7190878,38.4662426],[139.7151473,38.4594384],[139.7201329,38.4506921],[139.7172084,38.4213236],[139.7033892,38.4002183],[139.7098051,38.3867652],[139.7226352,38.393844],[139.7323997,38.3716007],[139.7501101,38.3594193],[139.7616286,38.3610614],[139.7707217,38.3529056],[139.7906272,38.3487675],[139.8164913,38.3560123],[139.8276954,38.3447426],[139.8489356,38.3428467],[139.8475883,38.3367073],[139.8748147,38.3167743]]}},{"type":"Feature","properties":{"areaCode1":"241","areaCode2":"242"},"geometry":{"type":"LineString","coordinates":[[140.035004,38.5056834],[140.0503675,38.4962948],[140.0894741,38.5122605],[140.1133922,38.4944597],[140.1223615,38.4936874],[140.1266241,38.4969591],[140.1246643,38.5038785],[140.1511766,38.51405],[140.1627762,38.5313469],[140.1785364,38.5356637],[140.1837315,38.5317629],[140.2106866,38.5337063],[140.2175487,38.545663],[140.2355664,38.5510943],[140.2410556,38.5684959],[140.2655065,38.5847033],[140.2759291,38.6033423],[140.3025362,38.6149796],[140.2994476,38.6405974],[140.3133576,38.6452101],[140.3200284,38.6582869],[140.3128163,38.6790619],[140.3186663,38.6823333],[140.3305749,38.679311],[140.3519424,38.6891236],[140.3740858,38.6845371],[140.3965504,38.7023801],[140.4137871,38.7049286],[140.4232403,38.6998116],[140.4383573,38.7133385],[140.4579281,38.7217173],[140.4642717,38.7024637],[140.4717646,38.7034115],[140.4744563,38.6948156],[140.4912258,38.6917483],[140.4950447,38.6974733],[140.5022803,38.6982438],[140.5115083,38.6905293],[140.5246629,38.6941354],[140.5393988,38.6854403],[140.5491247,38.6612189],[140.5430113,38.6561989],[140.5465331,38.6496808]]}},{"type":"Feature","properties":{"areaCode1":"241","areaCode2":"242"},"geometry":{"type":"LineString","coordinates":[[140.035004,38.5056834],[140.0355688,38.5170951],[140.039043,38.5180284],[140.0357554,38.532735]]}},{"type":"Feature","properties":{"areaCode1":"242","areaCode2":""},"geometry":{"type":"LineString","coordinates":[[140.4712464,38.1722421],[140.4715964,38.1724273]]}},{"type":"Feature","properties":{"areaCode1":"242","areaCode2":""},"geometry":{"type":"LineString","coordinates":[[140.4780484,38.1961102],[140.4782765,38.1965099]]}},{"type":"Feature","properties":{"areaCode1":"242","areaCode2":"243"},"geometry":{"type":"LineString","coordinates":[[139.8999047,38.2758057],[139.9113495,38.2725901],[139.9213754,38.2630471],[139.9165729,38.246423],[139.9441574,38.2304857],[139.940734,38.2087752],[139.9605128,38.203738],[139.9578981,38.1985638],[139.9775491,38.1796833],[139.9933074,38.1882043],[139.9888437,38.1991993],[140.012589,38.2431122],[140.0292734,38.2477169],[140.0424802,38.2445511],[140.0541723,38.2606568],[140.0715487,38.2690317],[140.0900898,38.2412052],[140.1059047,38.2513114],[140.1140484,38.2477428],[140.1283903,38.2569908],[140.14431,38.2537677],[140.1508748,38.244686],[140.1438006,38.2448822],[140.1697351,38.2396591],[140.1731569,38.2226955],[140.1855426,38.222591],[140.1929149,38.210366],[140.1937069,38.1896627],[140.2024643,38.1818694],[140.1983173,38.1687397],[140.2063132,38.1646736],[140.2022387,38.1511854],[140.2099666,38.1427609],[140.1947395,38.1327643],[140.1883605,38.1373815],[140.1834102,38.1349632],[140.188285,38.1177427],[140.2104812,38.1105947],[140.2127257,38.0988058],[140.2378488,38.0944731],[140.2335232,38.0825012],[140.247932,38.0815271],[140.2770904,38.0561607]]}},{"type":"Feature","properties":{"areaCode1":"242","areaCode2":"372"},"geometry":{"type":"LineString","coordinates":[[139.8748147,38.3167743],[139.8793256,38.3034293],[139.898888,38.2931523],[139.8999047,38.2758057]]}},{"type":"Feature","properties":{"areaCode1":"243","areaCode2":"250"},"geometry":{"type":"LineString","coordinates":[[140.2372549,37.7464685],[140.2660344,37.7790653],[140.276288,37.781768],[140.2822113,37.7982291],[140.2988018,37.8078082],[140.2689941,37.8237879],[140.262116,37.8344163],[140.2673392,37.8475663],[140.2654673,37.8621546],[140.2699624,37.8665455],[140.2647658,37.8859558],[140.2707201,37.8907374],[140.2645298,37.9119369],[140.2765045,37.9263505],[140.2810044,37.9413478],[140.2752888,37.9472466],[140.2780747,37.9526286],[140.2712971,37.966818],[140.2800026,37.9766444]]}},{"type":"Feature","properties":{"areaCode1":"243","areaCode2":"252"},"geometry":{"type":"LineString","coordinates":[[139.6808292,37.8469509],[139.6972827,37.8487336],[139.7064078,37.8559936],[139.7156365,37.8541583],[139.7208565,37.8396866],[139.7413068,37.8202928],[139.7829545,37.8319688],[139.7947431,37.8178166],[139.8034171,37.8151619],[139.8042365,37.8054186],[139.8100299,37.8032371],[139.8577172,37.8265387],[139.8866196,37.8091571],[139.9073805,37.8154273],[139.9248267,37.813514],[139.9300855,37.8224709],[139.9279582,37.8275234],[139.9370319,37.8282959],[139.9409922,37.8216653],[139.957919,37.8148614],[139.9621304,37.8058025],[139.9601459,37.7956475],[139.9789459,37.7735517],[139.9780398,37.7662409],[139.9864987,37.7604081],[140.0195026,37.7620234],[140.0374981,37.76798],[140.0514266,37.7793329],[140.0535171,37.7708391],[140.0649997,37.7676183],[140.0691227,37.7578442],[140.0867301,37.7580439],[140.101758,37.7379943],[140.1153712,37.734356],[140.1406929,37.7380787],[140.1460098,37.7527202],[140.1664143,37.757291],[140.1995986,37.7528111],[140.2048208,37.74753],[140.2372549,37.7464685]]}},{"type":"Feature","properties":{"areaCode1":"243","areaCode2":"372"},"geometry":{"type":"LineString","coordinates":[[139.6248057,37.9180688],[139.6317716,37.9009455],[139.6293171,37.8936575],[139.6384576,37.8800228],[139.6567022,37.8717403],[139.657131,37.8635378],[139.6808292,37.8469509]]}},{"type":"Feature","properties":{"areaCode1":"243","areaCode2":"372"},"geometry":{"type":"LineString","coordinates":[[139.6248057,37.9180688],[139.6393856,37.9347165],[139.642989,37.9466743],[139.6400937,37.9524251],[139.6452469,37.962627],[139.6379738,37.9699523],[139.6442908,37.9796183],[139.6393438,37.9855197],[139.6436575,37.9952688],[139.6544573,37.9970247],[139.6546743,38.0351654],[139.6800701,38.0431637],[139.6927255,38.0570286],[139.6861655,38.0650378],[139.6918019,38.0750603],[139.6713331,38.0768742],[139.6724857,38.0891166],[139.6826705,38.1080741],[139.6938928,38.1158016],[139.6883536,38.1345754],[139.6922631,38.1486579],[139.6822414,38.1714073],[139.6875587,38.1821244],[139.6962271,38.185463],[139.7026241,38.1991888],[139.6986363,38.2029457],[139.7216246,38.2058654],[139.7548946,38.1930993],[139.7639658,38.1989543],[139.7863657,38.192244],[139.8109537,38.2115158],[139.8601853,38.2310662],[139.8685766,38.2479856],[139.8756949,38.2521278],[139.8764386,38.2616227],[139.8999047,38.2758057]]}},{"type":"Feature","properties":{"areaCode1":"250","areaCode2":"251"},"geometry":{"type":"LineString","coordinates":[[140.5658868,36.9855225],[140.5994038,37.005223],[140.6030351,37.0100987],[140.5984759,37.0157119],[140.6173142,37.0151566],[140.6206074,37.0344861],[140.6277405,37.0439393],[140.6249974,37.0491453],[140.6428747,37.0566506],[140.6400328,37.0684591],[140.6571665,37.074919],[140.6530417,37.0858053],[140.6648818,37.0899529],[140.6530428,37.1148567],[140.6558782,37.117317],[140.6428017,37.1226701],[140.6428775,37.1335091],[140.6324481,37.1548586],[140.6238877,37.1429631],[140.6209332,37.1527491],[140.6116994,37.1542543],[140.6096826,37.1717692],[140.6011486,37.1791386],[140.6075602,37.1865147],[140.607292,37.2042306],[140.6175941,37.203692],[140.6278638,37.2119964],[140.6471857,37.2176186],[140.6543212,37.2260292],[140.6680242,37.2255764],[140.6827815,37.2343758],[140.6854961,37.2682132],[140.6938411,37.2775371],[140.6891259,37.287251],[140.6951605,37.292639],[140.6908889,37.3054893],[140.695736,37.3150947],[140.7232164,37.3195402],[140.7124311,37.3456029],[140.7017213,37.3548393],[140.7067172,37.3656089],[140.6989847,37.3695117],[140.7157539,37.3889611],[140.7149976,37.3972539],[140.7287346,37.4046235],[140.7405958,37.4010516],[140.7429427,37.393616],[140.7554729,37.3928334],[140.7641559,37.3834604],[140.7701747,37.3872339],[140.7887449,37.3820827],[140.7902038,37.3776699],[140.7953517,37.3819946],[140.8193191,37.3819292],[140.8498345,37.3712102],[140.8541375,37.3759209],[140.8516375,37.3834515],[140.8597986,37.3870489],[140.8580416,37.4054209],[140.8619879,37.4112447],[140.8504347,37.4238267],[140.8506072,37.4379725],[140.8440924,37.4420401],[140.8428944,37.449267],[140.845529,37.4553886],[140.835905,37.4605914],[140.8346334,37.467962],[140.8194253,37.463876],[140.8090227,37.4721544],[140.7923407,37.4685861],[140.7798697,37.4756626],[140.7715654,37.4721459],[140.764087,37.4793771],[140.7662407,37.4821732],[140.691564,37.5030405],[140.7054563,37.5233318],[140.6959323,37.5258927],[140.681882,37.5409153],[140.6985516,37.5614963],[140.6978812,37.5736816],[140.7131028,37.5726204],[140.726248,37.5936867],[140.6742255,37.622377],[140.6679044,37.6310923],[140.6687316,37.6528459],[140.662368,37.6630776],[140.6671748,37.6760337],[140.6559714,37.6876037],[140.6460906,37.6842129],[140.6448957,37.6916534],[140.6540453,37.7000779],[140.6621263,37.7004273],[140.6616572,37.7087656],[140.6681707,37.7114573],[140.669368,37.7224253],[140.6829412,37.7419133],[140.6979912,37.7435227],[140.7046564,37.7501088],[140.7283917,37.7518616],[140.73594,37.7572054],[140.7356634,37.7682989],[140.7227411,37.7614357],[140.7046135,37.7593892],[140.6843185,37.770282],[140.6783706,37.787271],[140.6939066,37.79778],[140.6943733,37.803265]]}},{"type":"Feature","properties":{"areaCode1":"250","areaCode2":"251"},"geometry":{"type":"LineString","coordinates":[[140.5658868,36.9855225],[140.5709493,36.9739467],[140.5824339,36.9653507],[140.586113,36.9452843]]}},{"type":"Feature","properties":{"areaCode1":"250","areaCode2":"252"},"geometry":{"type":"LineString","coordinates":[[139.9479001,37.2213453],[139.965774,37.2070551],[139.982141,37.2019362],[139.9599026,37.1802936],[139.964015,37.1608813],[139.9612612,37.1532957]]}},{"type":"Feature","properties":{"areaCode1":"250","areaCode2":"252"},"geometry":{"type":"LineString","coordinates":[[139.9479001,37.2213453],[139.9519637,37.2359313],[139.9664115,37.2467521],[139.9692111,37.2597559],[139.9624223,37.2726234],[139.9784822,37.2734656],[139.9758681,37.2832548],[139.9919161,37.2971945],[139.992857,37.3067956],[139.9991005,37.3099919],[140.0014025,37.3185394],[140.0140913,37.3233694],[140.0144552,37.3301106],[140.0248873,37.3418719],[140.0363221,37.3368214],[140.050782,37.3556416],[140.0535369,37.3660103],[140.0464827,37.3885839],[140.0494312,37.4104086],[140.0631114,37.4286125],[140.0789765,37.4330283],[140.1037965,37.4529049],[140.1133554,37.4698485],[140.1325411,37.4638791],[140.1586341,37.464106],[140.1665222,37.4577818],[140.1760646,37.4578466],[140.1817162,37.4487038],[140.2002912,37.450069],[140.2015269,37.4652054],[140.1928202,37.4744563],[140.1988409,37.4845512],[140.1871289,37.4950035],[140.1900554,37.5102448],[140.1783747,37.5131251],[140.1655411,37.5273993],[140.1909946,37.5447362],[140.1922283,37.5539268],[140.203136,37.5598984],[140.2100361,37.5624648],[140.2177272,37.5546384],[140.2282663,37.5550443],[140.2403449,37.5764696],[140.2384205,37.5900818],[140.2486838,37.598976],[140.2638557,37.6035357],[140.2852697,37.6274161],[140.2806819,37.636535],[140.2825857,37.6545401],[140.2779109,37.6619562],[140.2307491,37.6791541],[140.2367496,37.696048],[140.2301829,37.7256068],[140.2442512,37.7351421],[140.2372549,37.7464685]]}},{"type":"Feature","properties":{"areaCode1":"250","areaCode2":"300"},"geometry":{"type":"LineString","coordinates":[[140.2642565,36.9333154],[140.2729749,36.9301548],[140.2851247,36.9355353],[140.2927039,36.9331974],[140.321665,36.9080219],[140.326526,36.8913022],[140.3652118,36.8843249],[140.3724332,36.8712544],[140.3684073,36.8612303],[140.3770591,36.838058],[140.392869,36.8324468],[140.4150987,36.8320264],[140.4309698,36.8170394],[140.438501,36.8215418],[140.4649744,36.7913154],[140.4786204,36.7969417],[140.4893234,36.8095766],[140.4880004,36.818363],[140.513915,36.8234429],[140.5380359,36.8588563],[140.5722749,36.8640787],[140.5753322,36.8690725],[140.5804726,36.8668897],[140.5887551,36.8749111],[140.5919851,36.8730196],[140.5932821,36.8800327],[140.5798552,36.8936337],[140.5807736,36.9044077],[140.564958,36.9128566],[140.570584,36.9313146],[140.5674445,36.9366751],[140.586113,36.9452843]]}},{"type":"Feature","properties":{"areaCode1":"250","areaCode2":"310"},"geometry":{"type":"LineString","coordinates":[[139.9612612,37.1532957],[139.9630159,37.1484927],[139.9904927,37.1427153],[140.0386564,37.1394328],[140.0594732,37.1254747],[140.1004368,37.123429],[140.1282601,37.1040578],[140.1400852,37.1046623],[140.149378,37.0925542],[140.1562331,37.0913894],[140.1529177,37.0861711],[140.1570991,37.0815056],[140.172782,37.0702761],[140.1930621,37.0655035],[140.1906507,37.0566663],[140.1997829,37.0476927],[140.1955933,37.036526],[140.2030805,37.0239624],[140.2199839,37.0184876],[140.2246545,37.0238046],[140.2492288,37.0257511],[140.2520462,37.0102261],[140.2448953,37.0102406],[140.2460164,37.0051987],[140.2402132,37.0002751],[140.2502465,36.9886587],[140.2436702,36.9739993],[140.2530898,36.9629679],[140.2445414,36.9570874],[140.2405921,36.9461735],[140.2642565,36.9333154]]}},{"type":"Feature","properties":{"areaCode1":"251","areaCode2":""},"geometry":{"type":"LineString","coordinates":[[140.7894399,36.8596311],[140.7934964,36.8594561]]}},{"type":"Feature","properties":{"areaCode1":"251","areaCode2":""},"geometry":{"type":"LineString","coordinates":[[140.7894399,36.8596311],[140.7946421,36.8845221],[140.8165659,36.9082876],[140.8281186,36.9125836],[140.8414729,36.9086064],[140.8540125,36.9202236],[140.8649594,36.9161461],[140.8616311,36.9217427],[140.866857,36.9250319],[140.8722228,36.9222744],[140.8688923,36.9262786],[140.8745215,36.9272897],[140.8734263,36.9316426],[140.8804906,36.9277073],[140.87909,36.9330294],[140.8883036,36.9343864],[140.8849851,36.9383592],[140.8911575,36.9368454],[140.9031567,36.9446568],[140.9162646,36.9406929],[140.9087544,36.934307],[140.9249723,36.9353197],[140.9342551,36.9499792],[140.9510402,36.9550385],[140.9497206,36.9609763],[140.9695721,36.9731454],[140.9706316,36.9879229],[140.983016,36.995517],[140.9821021,37.011517],[140.9796521,37.0083474],[140.9756607,37.011562],[140.972786,37.0223029],[140.9777655,37.0709979],[140.9883489,37.0996571],[141.000542,37.1089685],[140.9988404,37.1353362],[141.0014352,37.143987],[141.005577,37.1445423],[140.9998369,37.1500216],[141.0051409,37.1473536],[140.99915,37.1708984],[141.002516,37.2001584],[141.0123215,37.2291325],[141.0224306,37.2290627],[141.0287827,37.2379717],[141.0223184,37.2292385],[141.0164627,37.2301727],[141.0164861,37.2345477],[141.0209167,37.2345382],[141.0164911,37.2348571],[141.0232473,37.2350726],[141.0208132,37.2406113],[141.0129267,37.2409122],[141.0126501,37.251778],[141.0253445,37.3134261],[141.0386133,37.3189471],[141.0293666,37.3137011],[141.0300776,37.3192932],[141.0280415,37.3137067],[141.0274302,37.3222922],[141.0360931,37.3191073],[141.0254439,37.3248014],[141.0333203,37.3565615],[141.0391781,37.3639293],[141.0354864,37.3680846],[141.0338953,37.418966],[141.0428511,37.4233224],[141.0365324,37.4199006],[141.0352107,37.4302803],[141.0408233,37.4236133],[141.03461,37.4336909],[141.0392405,37.453357],[141.0368111,37.4710411],[141.0402124,37.4786877],[141.045896,37.4797302],[141.0409928,37.4791281],[141.044729,37.4815003],[141.0411518,37.4840655],[141.0452693,37.4839671],[141.0401714,37.4860822],[141.0303843,37.5298649],[141.0252178,37.5843724],[141.0276287,37.6026813],[141.0224891,37.619786],[141.0245301,37.6421873],[141.0192256,37.6582929],[141.0199867,37.6625934],[141.0330736,37.6669494],[141.0222516,37.6642827],[141.0190699,37.6717627],[141.0320394,37.6731616],[141.0410042,37.6649768],[141.03213,37.6733278],[141.0147899,37.6745226],[141.0134761,37.6841925],[141.0174752,37.6862018],[141.011226,37.6895128],[141.0113444,37.7397707],[141.0006114,37.763087],[140.9890472,37.7732269],[140.9873535,37.8227305],[140.9784687,37.829158],[140.9765441,37.8372634],[140.9808776,37.8256769],[140.9748977,37.8319925],[140.9753667,37.8274059],[140.97252,37.8316175],[140.9702823,37.8280711],[140.9630261,37.8314509],[140.9674903,37.8446503],[140.9624663,37.8304954],[140.9594823,37.8313741],[140.9551184,37.8385588],[140.9623828,37.8416263],[140.9538822,37.8406338],[140.9587747,37.8450458],[140.9524823,37.8462079],[140.9493753,37.8552505],[140.9677863,37.8594152],[140.9497925,37.8581461],[140.9464105,37.8532084],[140.9334141,37.8795627],[140.9311708,37.8961974]]}},{"type":"Feature","properties":{"areaCode1":"251","areaCode2":"300"},"geometry":{"type":"LineString","coordinates":[[140.586113,36.9452843],[140.5944601,36.9380538],[140.5927894,36.9265673],[140.6012479,36.9228098],[140.6155194,36.9032703],[140.6362141,36.8975719],[140.6549594,36.9010417],[140.656081,36.8971505],[140.6950837,36.8887713],[140.7142706,36.8727838],[140.7342078,36.8715928],[140.7408461,36.8755561],[140.7583814,36.8672987],[140.7601063,36.8723648],[140.7597065,36.8669487],[140.764644,36.8666907],[140.764144,36.8631079],[140.7655563,36.8674407],[140.7661815,36.8617496],[140.7715438,36.8630662],[140.7671063,36.8676573],[140.7720688,36.8650995],[140.7720686,36.8685989],[140.7864174,36.8621083],[140.7861676,36.8562259],[140.7934964,36.8594561]]}},{"type":"Feature","properties":{"areaCode1":"252","areaCode2":"310"},"geometry":{"type":"LineString","coordinates":[[139.3932892,36.9107955],[139.4080033,36.9265694],[139.4303501,36.925932],[139.4344486,36.9418536],[139.4570827,36.9542143],[139.4611653,36.9707206],[139.4842074,36.9754717],[139.4941649,36.9679062],[139.5235978,36.9814925],[139.5352604,36.9805844],[139.547879,36.9936376],[139.5764233,37.0020784],[139.582052,37.015082],[139.5957734,37.0117408],[139.6027127,37.0159811],[139.6166863,37.0151755],[139.6255248,37.0259863],[139.6255571,37.0332238],[139.6387571,37.0321321],[139.6558448,37.0419774],[139.6646509,37.0398407],[139.6732744,37.057749],[139.6920637,37.0625484],[139.7004399,37.0593273],[139.7192481,37.0709498],[139.7518169,37.0702279],[139.7630964,37.075807],[139.774911,37.0918943],[139.822093,37.0851369],[139.8182447,37.0968741],[139.8212976,37.1083241],[139.8150519,37.1166157],[139.8317731,37.1336409],[139.8476535,37.1394712],[139.8563193,37.1378076],[139.8662894,37.1472279],[139.8775677,37.1461268],[139.8946442,37.1532587],[139.9161764,37.1476116],[139.9337959,37.1537366],[139.9612612,37.1532957]]}},{"type":"Feature","properties":{"areaCode1":"252","areaCode2":"320"},"geometry":{"type":"LineString","coordinates":[[139.2298043,36.9383947],[139.240904,36.9293181],[139.2550846,36.93251],[139.266135,36.9411536],[139.2817106,36.9311473],[139.2943998,36.9346643],[139.3044546,36.9258243],[139.3423867,36.9275332],[139.3493998,36.9130402],[139.3729752,36.9184074],[139.3932892,36.9107955]]}},{"type":"Feature","properties":{"areaCode1":"252","areaCode2":"320"},"geometry":{"type":"LineString","coordinates":[[139.2298043,36.9383947],[139.231896,36.9405272]]}},{"type":"Feature","properties":{"areaCode1":"252","areaCode2":"371"},"geometry":{"type":"LineString","coordinates":[[139.1647533,37.2375125],[139.1943991,37.2046653],[139.1965838,37.1940284],[139.2083853,37.1957726],[139.2206648,37.2091773],[139.2256517,37.1982657],[139.2444301,37.181599],[139.2432162,37.1703796],[139.2538457,37.1649718],[139.2351343,37.1105178],[139.2387878,37.0899114],[139.2489128,37.0811156],[139.2469972,37.0708676],[139.2603268,37.0476904],[139.2528212,37.0398121],[139.2433666,37.0151346],[139.2556654,36.9887486],[139.2471762,36.9804855],[139.2526931,36.9735472],[139.2477156,36.9709875],[139.2498975,36.9558139],[139.2418383,36.9499094],[139.2416202,36.9415492],[139.231896,36.9405272]]}},{"type":"Feature","properties":{"areaCode1":"252","areaCode2":"371"},"geometry":{"type":"LineString","coordinates":[[139.1647533,37.2375125],[139.1747484,37.2564348],[139.2123211,37.2862393],[139.2157476,37.3090684],[139.2242859,37.3199851],[139.2178679,37.3341504],[139.2336218,37.3436065],[139.2380575,37.3726303],[139.2314614,37.3802323],[139.2315015,37.3878775],[139.2226057,37.3932572],[139.212134,37.3920944],[139.1972463,37.4107666],[139.2084331,37.4167905],[139.2075318,37.4289088],[139.2233069,37.4490441],[139.2362206,37.4448713],[139.2512196,37.4524401]]}},{"type":"Feature","properties":{"areaCode1":"252","areaCode2":"372"},"geometry":{"type":"LineString","coordinates":[[139.2512196,37.4524401],[139.258558,37.4470101],[139.2788226,37.4532031],[139.2839671,37.4499098],[139.3047998,37.4588391],[139.311024,37.4556741],[139.3264711,37.4623863],[139.3354542,37.4578229],[139.3625503,37.469968],[139.3975127,37.4598392],[139.4063297,37.4660461],[139.4078908,37.4924614],[139.4140322,37.4968009],[139.4112456,37.5051625],[139.4142492,37.5101558],[139.4294239,37.5147086],[139.4571988,37.5178676],[139.4761152,37.5025544],[139.4857941,37.5102769],[139.5136648,37.50858],[139.5234374,37.5145395],[139.5431,37.5120546],[139.5647495,37.5016738],[139.5851058,37.5128971],[139.5905473,37.5280326],[139.5787078,37.530017],[139.5657372,37.54611],[139.570277,37.5505981],[139.567572,37.5628833],[139.572384,37.570348],[139.5641949,37.588443],[139.5649867,37.5973839],[139.5485397,37.6096361],[139.5522003,37.6185745],[139.5460395,37.6288909],[139.5553037,37.6410806],[139.5492926,37.6490378],[139.5684933,37.6531339],[139.5886597,37.6672478],[139.59642,37.6658644],[139.6094117,37.6842711],[139.6272034,37.6882844],[139.6215478,37.7001117],[139.624092,37.7102495],[139.6317676,37.7198514],[139.6496126,37.729062],[139.6588654,37.7449544],[139.6578877,37.7550075],[139.6667122,37.7570297],[139.680305,37.7753944],[139.7216212,37.8094228],[139.7415054,37.8177128],[139.7359782,37.8279194],[139.7205556,37.839568],[139.7146496,37.8529216],[139.6808292,37.8469509]]}},{"type":"Feature","properties":{"areaCode1":"300","areaCode2":""},"geometry":{"type":"LineString","coordinates":[[140.5583276,36.2727259],[140.561824,36.2963734],[140.5746211,36.3015014],[140.5689856,36.3059103],[140.5714811,36.3090822],[140.5847946,36.3107885],[140.5787619,36.3082985],[140.5798004,36.3008771],[140.578614,36.3068932],[140.5853697,36.3091513],[140.5938956,36.3214951],[140.5981756,36.3354508],[140.5939943,36.3380671],[140.5965886,36.3416981],[140.6007194,36.3381539],[140.6043532,36.3434126],[140.6037572,36.3377673],[140.6098268,36.3535078],[140.6210755,36.3596341],[140.6273579,36.3771337],[140.62466,36.3858376],[140.6160425,36.3868104],[140.6117319,36.3991517],[140.6190046,36.4111821],[140.6096948,36.4051789],[140.6097299,36.4104577],[140.6156104,36.4108673],[140.6086551,36.4135466],[140.6181256,36.4262487],[140.623581,36.4263357],[140.6082714,36.4283481],[140.6272033,36.4311976],[140.6273074,36.4415009],[140.6328853,36.4415156],[140.6093709,36.4404382],[140.6083667,36.4520144],[140.6100329,36.4643317],[140.6148092,36.465506],[140.6104706,36.4676746],[140.6164984,36.4652994],[140.6097344,36.4689452],[140.6144376,36.4835426],[140.619252,36.4801944],[140.6282101,36.4835198],[140.61214,36.4865851],[140.6207043,36.4864921],[140.618917,36.4921286],[140.6283155,36.495159],[140.626068,36.5000256],[140.631013,36.5019415],[140.6381965,36.5374669],[140.6464708,36.5411837],[140.6437179,36.5515081],[140.6528433,36.5729411],[140.6623257,36.5773891],[140.6663838,36.5946461],[140.6800253,36.6148335],[140.6895066,36.6209755],[140.6936327,36.6445784],[140.7166173,36.6616874],[140.7166466,36.6932871],[140.7293009,36.7155195],[140.7306038,36.7427087],[140.7484519,36.7843643],[140.7728012,36.8226008],[140.7843269,36.822454],[140.786134,36.8294704],[140.7937621,36.8290152],[140.7883759,36.8269647],[140.7925459,36.8261251],[140.8055667,36.8307788],[140.7971193,36.8415065],[140.7984206,36.8581306],[140.7926897,36.8574722],[140.7984302,36.8593954],[140.7934964,36.8594561]]}},{"type":"Feature","properties":{"areaCode1":"300","areaCode2":""},"geometry":{"type":"LineString","coordinates":[[140.5583276,36.2727259],[140.5595628,36.2557841]]}},{"type":"Feature","properties":{"areaCode1":"300","areaCode2":"301"},"geometry":{"type":"LineString","coordinates":[[140.1623264,36.3417356],[140.1649831,36.3363389],[140.1769695,36.3350919],[140.1829545,36.3253422],[140.1805439,36.3210742],[140.1926684,36.3176069],[140.2020635,36.3220902],[140.2123433,36.3171999],[140.2254971,36.2943533],[140.237882,36.2833763],[140.2489571,36.2842146],[140.2586552,36.2721338],[140.2680691,36.2679743],[140.2908404,36.2684257],[140.3031228,36.2733598],[140.3156653,36.2648092],[140.2975823,36.2631598],[140.2960236,36.2538143],[140.2806072,36.2548816],[140.2721227,36.2276847],[140.3002647,36.2103291],[140.3117631,36.2095604],[140.3138189,36.2013454],[140.3269909,36.1917135],[140.3356365,36.1937007],[140.3440935,36.1888562],[140.3416182,36.1847932],[140.3307567,36.1882274],[140.3085946,36.1856766],[140.3096201,36.1785727],[140.3163016,36.1779777],[140.3086026,36.1730577],[140.3070981,36.1652819],[140.3097545,36.1558883],[140.3302703,36.1472347],[140.3458119,36.1306791],[140.3666426,36.1305096],[140.3632564,36.1571398],[140.3947258,36.1559453],[140.4071202,36.1368194],[140.434102,36.1544571],[140.4412692,36.180224],[140.4498446,36.1862798],[140.4424877,36.2027029],[140.4203071,36.2112621],[140.4158304,36.2174716],[140.4206917,36.2318643],[140.4324806,36.2281437],[140.4411383,36.238847],[140.4417329,36.2299762],[140.4472799,36.2288212],[140.4514903,36.237537],[140.4778583,36.2361369],[140.4775625,36.2423253],[140.4963302,36.2459688],[140.496228,36.2759732],[140.5224074,36.2782332],[140.5261126,36.2664182],[140.536796,36.2637376],[140.5368502,36.267217],[140.540416,36.2613293],[140.5430172,36.2645092],[140.5390708,36.2666287],[140.5469491,36.2660192],[140.5436752,36.2617348],[140.5569831,36.2603459],[140.5595628,36.2557841]]}},{"type":"Feature","properties":{"areaCode1":"300","areaCode2":"301"},"geometry":{"type":"LineString","coordinates":[[140.1623264,36.3417356],[140.1680105,36.3600591],[140.1794422,36.3619291],[140.1777053,36.3728424],[140.1912066,36.3847841],[140.1851575,36.3983377]]}},{"type":"Feature","properties":{"areaCode1":"300","areaCode2":"310"},"geometry":{"type":"LineString","coordinates":[[140.2483794,36.9210871],[140.253467,36.9296929],[140.2642565,36.9333154]]}},{"type":"Feature","properties":{"areaCode1":"300","areaCode2":"310"},"geometry":{"type":"LineString","coordinates":[[140.2483794,36.9210871],[140.2567279,36.8732495],[140.2515691,36.8522459],[140.2568074,36.8478411],[140.2554251,36.8405306],[140.2629368,36.8360453],[140.2674014,36.8177817],[140.2632949,36.8102697],[140.2663909,36.7904892],[140.2538147,36.7836551]]}},{"type":"Feature","properties":{"areaCode1":"300","areaCode2":"311"},"geometry":{"type":"LineString","coordinates":[[140.1851575,36.3983377],[140.2032611,36.4207432],[140.2013467,36.4381437],[140.2061874,36.4464798],[140.2026065,36.4540737],[140.2166188,36.4789781],[140.2271653,36.485945],[140.2294581,36.5020813],[140.2411554,36.502658],[140.2424994,36.5075799],[140.2492106,36.5079416],[140.2473867,36.5149701],[140.260194,36.5174812],[140.2477474,36.5344901],[140.2469786,36.5482593],[140.2515398,36.5545801],[140.243782,36.5628198],[140.2469845,36.5646198],[140.2425982,36.5742864],[140.2484862,36.6106764],[140.2397054,36.6249911],[140.2346957,36.6237581],[140.2337665,36.6344014],[140.2428202,36.6367064],[140.2409303,36.6509228],[140.2293086,36.6622784],[140.2316898,36.669794],[140.2215658,36.6742862],[140.225072,36.6775129],[140.2204203,36.6871465],[140.2314108,36.6997301],[140.2681891,36.7022158],[140.2712122,36.7068094],[140.2922596,36.7125641],[140.2833363,36.7341386],[140.2622063,36.7482837],[140.2549171,36.7598606],[140.2610764,36.7675101],[140.2536719,36.7745159],[140.2574247,36.7772323],[140.2538147,36.7836551]]}},{"type":"Feature","properties":{"areaCode1":"301","areaCode2":""},"geometry":{"type":"LineString","coordinates":[[140.5595569,36.2556545],[140.5595628,36.2557841]]}},{"type":"Feature","properties":{"areaCode1":"301","areaCode2":""},"geometry":{"type":"LineString","coordinates":[[140.5595569,36.2556545],[140.5629377,36.221755],[140.5792203,36.1589045],[140.6106664,36.0819512],[140.6675657,35.9763682],[140.6727082,35.9777955],[140.6693131,35.976356],[140.6738875,35.9703231],[140.678637,35.9730502],[140.6783312,35.9674683],[140.6807407,35.9724393],[140.7009491,35.9624411],[140.6957833,35.9663485],[140.6848966,35.964434],[140.7035088,35.9386766],[140.6934386,35.9343819],[140.6939095,35.9288149],[140.6768899,35.9191279],[140.662851,35.9285792],[140.652367,35.9266151],[140.6698996,35.9184578],[140.6746567,35.8969978],[140.6868769,35.8810088],[140.6910257,35.8829173],[140.6786236,35.9011839],[140.6772843,35.9122378],[140.70003,35.9257026],[140.7025236,35.9216431],[140.7102299,35.9268792],[140.7126258,35.9546551],[140.7104007,35.926743],[140.7066766,35.9239914],[140.7425038,35.8732333],[140.7431284,35.8652269],[140.8147651,35.7717596],[140.8351139,35.753288],[140.8406467,35.7578843],[140.8447098,35.7528318],[140.836631,35.7524678],[140.8427873,35.7464883],[140.8437273,35.7505958],[140.8487791,35.7478707],[140.8462304,35.7587135],[140.8476715,35.7466752],[140.8519744,35.7446671]]}},{"type":"Feature","properties":{"areaCode1":"301","areaCode2":"311"},"geometry":{"type":"LineString","coordinates":[[139.6879438,36.1996813],[139.6925441,36.2065308],[139.7064731,36.2018566],[139.7069306,36.2105621],[139.7175998,36.2115213],[139.727542,36.2058427],[139.7274867,36.2015807],[139.7600402,36.2192354],[139.8218067,36.2397695],[139.8315621,36.2646147],[139.8416922,36.2759009],[139.8353561,36.2934964],[139.8480296,36.3107495],[139.8701259,36.3138417],[139.8746707,36.3231639],[139.8806777,36.3229636],[139.8788181,36.310703],[139.8966424,36.3097544],[139.8990541,36.306308],[139.8942891,36.3019339],[139.9005563,36.2990541],[139.9103531,36.3009205],[139.9150581,36.3090155],[139.910282,36.3100852],[139.9143316,36.3367116],[139.9461674,36.3491871],[139.9645014,36.3509417],[139.9652848,36.3674787],[139.9735402,36.3785373],[139.9792438,36.3697664],[139.9899288,36.3672078],[140.0022418,36.3680184],[140.0004318,36.3766325],[140.0110621,36.3729233],[140.0150852,36.3773756],[140.0481657,36.375583],[140.0691478,36.3889274],[140.0663987,36.4037732],[140.111077,36.3979536],[140.1095846,36.4073014],[140.1318331,36.4149205],[140.1442615,36.4140447],[140.1565087,36.3979927],[140.1851575,36.3983377]]}},{"type":"Feature","properties":{"areaCode1":"301","areaCode2":"330"},"geometry":{"type":"LineString","coordinates":[[139.6876972,36.1976933],[139.6879438,36.1996813]]}},{"type":"Feature","properties":{"areaCode1":"301","areaCode2":"330"},"geometry":{"type":"LineString","coordinates":[[139.6876972,36.1976933],[139.6942469,36.1907622],[139.6908879,36.1752553],[139.6957465,36.1571086],[139.7270605,36.1075394]]}},{"type":"Feature","properties":{"areaCode1":"301","areaCode2":"331"},"geometry":{"type":"LineString","coordinates":[[139.7270099,36.1068519],[139.7270605,36.1075394]]}},{"type":"Feature","properties":{"areaCode1":"301","areaCode2":"331"},"geometry":{"type":"LineString","coordinates":[[139.7270099,36.1068519],[139.7313826,36.0866378],[139.7467585,36.0870794],[139.7675955,36.0804575],[139.7762172,36.0907674]]}},{"type":"Feature","properties":{"areaCode1":"301","areaCode2":"340"},"geometry":{"type":"LineString","coordinates":[[140.3758853,35.9023679],[140.3983125,35.9092995],[140.4247992,35.9072194],[140.4484658,35.9150187],[140.4584382,35.9265402],[140.4837739,35.9099712],[140.5028026,35.9055203],[140.4907782,35.9149567],[140.4871764,35.928592],[140.4955298,35.9312228],[140.5112446,35.9587354],[140.5349346,35.9400384],[140.5706266,35.9240644],[140.5882007,35.9062153],[140.6079929,35.8958119],[140.6306862,35.8591242],[140.6835564,35.8490522],[140.7065757,35.8362554],[140.7267814,35.7994596],[140.7443676,35.7832395],[140.8180546,35.7403634],[140.8447271,35.7397111],[140.8519744,35.7446671]]}},{"type":"Feature","properties":{"areaCode1":"301","areaCode2":"341"},"geometry":{"type":"LineString","coordinates":[[139.775955,36.0922483],[139.7867757,36.1040999],[139.7984348,36.0954968],[139.8129903,36.0631446],[139.8760167,36.0110436],[139.8841636,35.9888281],[139.9128944,35.97144],[139.9362081,35.9665656],[139.9380436,35.9620147],[139.9316552,35.9507667],[139.9379671,35.9410103],[139.9762874,35.9233636],[139.9943154,35.9098066],[140.0209005,35.9092276],[140.0437266,35.8933659],[140.0611168,35.8880564],[140.0736734,35.876718],[140.0928234,35.8838646],[140.124597,35.8725089],[140.1507302,35.8433773],[140.1677795,35.845457],[140.2054318,35.8613203],[140.2414846,35.854584],[140.2782981,35.8740443],[140.3194069,35.8646443],[140.3483883,35.8832093],[140.3592002,35.8971576],[140.3758853,35.9023679]]}},{"type":"Feature","properties":{"areaCode1":"301","areaCode2":"341"},"geometry":{"type":"LineString","coordinates":[[139.775955,36.0922483],[139.7762172,36.0907674]]}},{"type":"Feature","properties":{"areaCode1":"310","areaCode2":"311"},"geometry":{"type":"LineString","coordinates":[[139.4640703,36.6127059],[139.4653575,36.6064937]]}},{"type":"Feature","properties":{"areaCode1":"310","areaCode2":"311"},"geometry":{"type":"LineString","coordinates":[[139.4640703,36.6127059],[139.4785824,36.6144493],[139.4777104,36.6183815],[139.4848138,36.6173499],[139.487208,36.6245268],[139.5081778,36.6312493],[139.4951895,36.6501573],[139.4976413,36.6618376],[139.5155637,36.6805031],[139.5245401,36.6825923],[139.5228156,36.7079373],[139.5393245,36.7091389],[139.5476649,36.7150342],[139.5559432,36.7112434],[139.5604549,36.7144534],[139.5744491,36.7049973],[139.5733686,36.6766948],[139.5787722,36.6677623],[139.6038155,36.6497423],[139.6130317,36.6499037],[139.6419531,36.6358428],[139.656128,36.6495405],[139.6505391,36.6558978],[139.6413951,36.6560672],[139.6488399,36.6675864],[139.66215,36.6616769],[139.6751456,36.6628508],[139.6815008,36.6564169],[139.7078307,36.6627416],[139.7085631,36.647351],[139.7211128,36.6412081],[139.7133025,36.6329163],[139.7129569,36.6222427],[139.716808,36.6175041],[139.7370402,36.6203021],[139.7436411,36.6164424],[139.7547122,36.6267521],[139.7706676,36.6277704],[139.7701579,36.6361934],[139.7842861,36.6425917],[139.7924286,36.6412189],[139.7960709,36.6495695],[139.7933591,36.6631084],[139.7833139,36.6810728],[139.7876783,36.7069778],[139.7966197,36.7039281],[139.8068712,36.7142444],[139.8173722,36.7159467],[139.8234852,36.7060442],[139.8308559,36.7140722],[139.8290194,36.7065458],[139.8379225,36.7039689],[139.8415132,36.7190608],[139.8603276,36.7300797],[139.8811496,36.7226055],[139.9260461,36.7191693],[139.9367098,36.7199854],[139.9385826,36.7269177],[139.9642191,36.7291054],[139.9699758,36.7420471],[139.9618416,36.7479685],[139.975293,36.754666],[139.9692771,36.7583646],[139.9842619,36.7703724],[139.9751022,36.7817419],[139.9858208,36.8018049],[139.9929636,36.8024051],[140.0031606,36.7881181],[140.0198037,36.7831884],[140.021094,36.7761647],[140.0379877,36.7680202],[140.0389219,36.7731916],[140.0465539,36.7744449],[140.0466306,36.7871013],[140.0573984,36.7833552],[140.0813842,36.7849726],[140.078794,36.7932118],[140.0860571,36.7974009],[140.1016261,36.7943762],[140.1156289,36.7846939],[140.1319104,36.7837397],[140.1476802,36.7930356],[140.1518763,36.8005575],[140.1588524,36.800943],[140.1742861,36.8276038],[140.1835795,36.8247394],[140.1909544,36.8147774],[140.1917367,36.8236957],[140.1979015,36.8244774],[140.2048956,36.8379885],[140.217071,36.8428418],[140.2224621,36.8375754],[140.2308121,36.8377079],[140.2278692,36.8168357],[140.2310416,36.8062582],[140.244378,36.7883526],[140.2538147,36.7836551]]}},{"type":"Feature","properties":{"areaCode1":"310","areaCode2":"320"},"geometry":{"type":"LineString","coordinates":[[139.3265661,36.6506961],[139.3393146,36.6784265],[139.3370659,36.6926381],[139.3611313,36.7134993],[139.372465,36.7462652],[139.3559155,36.7505658],[139.3507834,36.763535],[139.3530569,36.7736089],[139.3749979,36.7848131],[139.3776481,36.8042595],[139.3886118,36.8052681],[139.3937019,36.8096793],[139.3938408,36.8178526],[139.4066996,36.8269401],[139.3985529,36.8343449],[139.3744489,36.8380416],[139.3485261,36.8527405],[139.3556809,36.8585413],[139.3561466,36.8778135],[139.3609557,36.8741638],[139.3702339,36.878231],[139.370632,36.8895955],[139.3941547,36.9034374],[139.3932892,36.9107955]]}},{"type":"Feature","properties":{"areaCode1":"310","areaCode2":"320"},"geometry":{"type":"LineString","coordinates":[[139.3265661,36.6506961],[139.330528,36.6425116],[139.3281489,36.6334217]]}},{"type":"Feature","properties":{"areaCode1":"310","areaCode2":"321"},"geometry":{"type":"LineString","coordinates":[[139.3281489,36.6334217],[139.3306936,36.6270661],[139.3456895,36.62587],[139.3522884,36.6150903],[139.3866888,36.6119833],[139.3978989,36.6020823],[139.4065473,36.6047859],[139.4037264,36.6088225],[139.4277659,36.6009723],[139.4454436,36.6074679],[139.4527594,36.6035701],[139.4653575,36.6064937]]}},{"type":"Feature","properties":{"areaCode1":"311","areaCode2":"321"},"geometry":{"type":"LineString","coordinates":[[139.3609777,36.3836803],[139.3754593,36.400309],[139.3784852,36.4143698],[139.4119574,36.4500437],[139.4082377,36.4579687],[139.4147411,36.4618564],[139.4206163,36.4569945],[139.431173,36.4575692],[139.4296422,36.461502],[139.4364747,36.4659753],[139.4380264,36.4749147],[139.4309856,36.4714706],[139.4259109,36.4845951],[139.4280812,36.4904178],[139.4179281,36.4946392],[139.4190293,36.5022781],[139.4417955,36.5289331],[139.4344855,36.533742],[139.4390464,36.5506853],[139.4607579,36.5532467],[139.4654421,36.5634437],[139.4740255,36.5667304],[139.4739091,36.5731321],[139.4826344,36.5780962],[139.4714459,36.6028907],[139.4653575,36.6064937]]}},{"type":"Feature","properties":{"areaCode1":"311","areaCode2":"321"},"geometry":{"type":"LineString","coordinates":[[139.3609777,36.3836803],[139.366315,36.3794206],[139.3685991,36.3673179],[139.4227925,36.3322562],[139.4267086,36.324707],[139.4148366,36.3251865],[139.4169746,36.3132959],[139.4291632,36.3061784],[139.426848,36.3036109],[139.4351635,36.2920959],[139.4382163,36.2968562],[139.4436493,36.2883609],[139.4608744,36.2872043],[139.4684854,36.2791962],[139.4584979,36.2768468],[139.4627157,36.2721029],[139.4718743,36.2706565],[139.4739243,36.2763504],[139.4810396,36.2713204],[139.5006197,36.2762564],[139.5032217,36.2810664],[139.5127814,36.2782573],[139.5259651,36.2847136],[139.5440298,36.2757837],[139.5532685,36.2794567],[139.5535879,36.2737848],[139.5622576,36.2669209],[139.6086025,36.2680954],[139.6190101,36.2743937],[139.6324915,36.2711652],[139.6369129,36.2640157],[139.6430518,36.2660896],[139.6307198,36.2548413],[139.6420614,36.2420308],[139.6415158,36.2354586],[139.6454947,36.2404669],[139.6534972,36.2369538],[139.6541028,36.2315816],[139.6630914,36.2305588],[139.659053,36.2212091],[139.6653564,36.2234422],[139.6699424,36.2137225],[139.6644255,36.2070608]]}},{"type":"Feature","properties":{"areaCode1":"311","areaCode2":"330"},"geometry":{"type":"LineString","coordinates":[[139.6644255,36.2070608],[139.674173,36.209075],[139.6773355,36.2014814],[139.6854949,36.2038394],[139.6879438,36.1996813]]}},{"type":"Feature","properties":{"areaCode1":"320","areaCode2":"321"},"geometry":{"type":"LineString","coordinates":[[138.6425106,36.4378134],[138.6576693,36.4539031],[138.6817786,36.4653717],[138.6872561,36.4735559],[138.6976731,36.4730403],[138.7143709,36.4808523],[138.7486052,36.4758097],[138.7756553,36.4779531],[138.7737952,36.4649697],[138.7807941,36.468645],[138.7800225,36.4734191],[138.7915892,36.4767589],[138.8267863,36.4730106],[138.8507469,36.4771814],[138.8605645,36.4734584],[138.8657928,36.4813301],[138.880604,36.4827692],[138.8918949,36.5017903],[138.9225605,36.5134476],[138.9410944,36.5304078],[138.9453134,36.5447684],[138.9525917,36.5463542],[138.9440942,36.5503242],[138.9368294,36.5465064],[138.9263678,36.5515545],[138.9138847,36.5495139],[138.9097038,36.5557223],[138.9004571,36.555612],[138.8964588,36.5619614],[138.9026582,36.5634648],[138.9042505,36.5731137],[138.8979149,36.5758845],[138.8961269,36.5826995],[138.9024924,36.5866351],[138.9167014,36.5838167],[138.9288231,36.5875078],[138.9372459,36.5809034],[138.9474429,36.585727],[138.9666874,36.5803236],[138.9977914,36.5919758],[139.0089919,36.5816164],[139.0368993,36.5897847],[139.055036,36.5840342],[139.0638557,36.5870194],[139.0749307,36.5795394],[139.0768736,36.5838476],[139.0729623,36.5864233],[139.0772324,36.5861469],[139.0954343,36.5789836],[139.1094638,36.5802186],[139.1209154,36.573795],[139.1323871,36.5784367],[139.1561733,36.5770397],[139.1691046,36.5617214],[139.1881857,36.5582969],[139.1934399,36.5594283],[139.1893941,36.5662539],[139.1949197,36.5710072],[139.2239788,36.5749241],[139.2422759,36.5883319],[139.2603075,36.5920924],[139.2804512,36.5873341],[139.2886087,36.5896821],[139.2981048,36.5954093],[139.3120547,36.6232989],[139.3281489,36.6334217]]}},{"type":"Feature","properties":{"areaCode1":"320","areaCode2":"321"},"geometry":{"type":"LineString","coordinates":[[138.6425106,36.4378134],[138.6471895,36.4248101],[138.6444228,36.4114393]]}},{"type":"Feature","properties":{"areaCode1":"320","areaCode2":"371"},"geometry":{"type":"LineString","coordinates":[[138.6959316,36.7385127],[138.7130742,36.7392182],[138.7270274,36.7641688],[138.7673492,36.746516],[138.7894195,36.7448738],[138.7953446,36.7581371],[138.8074075,36.7648891],[138.8177703,36.7615857],[138.8269235,36.7722913],[138.8317639,36.7938993],[138.8217443,36.8176261],[138.8564454,36.8116439],[138.8755835,36.8185888],[138.8818911,36.8257855],[138.9290672,36.8326438],[138.9249709,36.8464574],[138.916019,36.8508382],[138.9221149,36.8610373],[138.9170694,36.8710487],[138.9231492,36.8835993],[138.9305301,36.886967],[138.932277,36.8934834],[138.9406348,36.8951581],[138.954686,36.8953334],[138.9714701,36.8872132],[138.9795313,36.8917793],[138.979633,36.9051107],[138.9743964,36.9130412],[138.9766909,36.9207907],[138.9666573,36.9311537],[138.9665546,36.9790754],[139.0002685,36.9791301],[139.0154989,36.9882862],[139.0306164,36.9835637],[139.0473892,36.9872929],[139.0542309,36.9983131],[139.0806832,37.0087039],[139.091131,37.0197333],[139.0903528,37.0445716],[139.0970162,37.0586263],[139.1229492,37.0471441],[139.1319061,37.0257277],[139.14322,37.0212827],[139.1506936,37.0092494],[139.1709955,37.0019791],[139.1796013,36.9903866],[139.1752159,36.9732958],[139.1827295,36.9617169],[139.2060548,36.9558622],[139.2287147,36.9611977],[139.2379527,36.9465708],[139.231896,36.9405272]]}},{"type":"Feature","properties":{"areaCode1":"320","areaCode2":"420"},"geometry":{"type":"LineString","coordinates":[[138.4123886,36.5414863],[138.428907,36.5564507],[138.4284295,36.5686962],[138.4202951,36.5739645],[138.426596,36.5945284],[138.4412974,36.5996895],[138.4415833,36.6106694],[138.4549736,36.6138508],[138.4605757,36.6264722],[138.4590563,36.634838],[138.4730972,36.6440483],[138.4900819,36.6411958],[138.529444,36.6552884],[138.5346174,36.6656384],[138.5182719,36.6762089],[138.5198992,36.6891942],[138.5143356,36.6907853],[138.5597772,36.7070376],[138.5747685,36.7072344],[138.5840557,36.701198],[138.5957286,36.7145355],[138.6108616,36.7063808],[138.6220347,36.720322],[138.6959316,36.7385127]]}},{"type":"Feature","properties":{"areaCode1":"320","areaCode2":"421"},"geometry":{"type":"LineString","coordinates":[[138.3970262,36.4895283],[138.4033492,36.4668703],[138.3986978,36.4531558],[138.4034611,36.4520481],[138.4012322,36.4342109],[138.4469704,36.4193146],[138.4569648,36.4202401],[138.45965,36.4047504],[138.4889574,36.4009335],[138.4918228,36.4130757],[138.5047522,36.4149037],[138.538926,36.4025024],[138.555008,36.4177737],[138.5923969,36.4243915],[138.613,36.4226215],[138.6251336,36.4156515],[138.6371514,36.4172162],[138.6444228,36.4114393]]}},{"type":"Feature","properties":{"areaCode1":"320","areaCode2":"421"},"geometry":{"type":"LineString","coordinates":[[138.3970262,36.4895283],[138.4060318,36.5073641],[138.4040782,36.5217104],[138.4138894,36.5321341],[138.4123886,36.5414863]]}},{"type":"Feature","properties":{"areaCode1":"321","areaCode2":"330"},"geometry":{"type":"LineString","coordinates":[[138.9764929,36.1172106],[138.9856907,36.1155714],[138.9935391,36.1248784],[139.0064339,36.1292384],[139.0048566,36.133412],[139.0247103,36.1340995],[139.0333006,36.126847],[139.0424043,36.1284595],[139.0427221,36.1480274],[139.0621586,36.1529366],[139.0563858,36.1805197],[139.0645281,36.18722],[139.0634187,36.1962855],[139.1074743,36.2526176],[139.1111951,36.258497],[139.1078035,36.2617053],[139.1296639,36.2833976],[139.1356647,36.2784431],[139.1639034,36.2789117],[139.1953909,36.2631942],[139.2108548,36.2614848],[139.2116345,36.2562476],[139.224004,36.2583017],[139.2440668,36.2444339],[139.2670107,36.242622],[139.2669727,36.2505578],[139.3222662,36.2365948],[139.3402487,36.2438641],[139.3474016,36.2537069],[139.3592894,36.2532291],[139.376673,36.2445049],[139.3900746,36.2292144],[139.4086999,36.223423],[139.4190113,36.2166089],[139.4198308,36.2109483],[139.4623927,36.1895117],[139.5282166,36.1915018],[139.5877717,36.2103693],[139.6010647,36.2054673],[139.6248886,36.1865717],[139.6287198,36.1950792],[139.6511657,36.1976686],[139.6507816,36.2120919],[139.6599747,36.2149014],[139.6644255,36.2070608]]}},{"type":"Feature","properties":{"areaCode1":"321","areaCode2":"332"},"geometry":{"type":"LineString","coordinates":[[138.7125501,35.985333],[138.716809,35.9929044],[138.7265855,35.9947686],[138.7437698,36.0100999],[138.7544112,36.034526],[138.7735477,36.0387932],[138.7909755,36.0293998],[138.8283947,36.0373025],[138.8460371,36.066625],[138.8591774,36.0699194],[138.8648063,36.0773469],[138.8978588,36.0906546],[138.9163141,36.093749],[138.9314905,36.0881031],[138.9450686,36.0945962],[138.957905,36.1076409],[138.9586512,36.1241648],[138.9697304,36.1244459],[138.9764929,36.1172106]]}},{"type":"Feature","properties":{"areaCode1":"321","areaCode2":"421"},"geometry":{"type":"LineString","coordinates":[[138.5772749,36.1680732],[138.593241,36.1532268],[138.6007676,36.1355123],[138.6343237,36.133947],[138.6375687,36.1238331],[138.645377,36.1201967],[138.6401656,36.1172259],[138.6475953,36.1065865],[138.6451831,36.0988067],[138.630533,36.0911809],[138.6329399,36.0800459],[138.6428154,36.0687423],[138.6441911,36.0496893],[138.6319651,36.0270538],[138.661332,36.0164266],[138.6619881,36.0115044],[138.6795836,36.0117144],[138.6886954,35.9917747],[138.7125501,35.985333]]}},{"type":"Feature","properties":{"areaCode1":"321","areaCode2":"421"},"geometry":{"type":"LineString","coordinates":[[138.5772749,36.1680732],[138.5833896,36.1788313],[138.5905816,36.1779379],[138.5882924,36.1726387],[138.594491,36.1656299],[138.6095441,36.1614123],[138.6127871,36.1685643],[138.6359014,36.1709326],[138.636995,36.1743846],[138.6227973,36.1969279],[138.636707,36.2042704],[138.6346612,36.2136749],[138.631442,36.2173027],[138.6222445,36.2145857],[138.6117623,36.229503],[138.6124968,36.240918],[138.6021185,36.249053],[138.6059522,36.2667947],[138.6003355,36.2783999],[138.6445043,36.2932557],[138.6535307,36.3031149],[138.6478288,36.3155771],[138.6533058,36.3242602],[138.6500806,36.3524833],[138.6571635,36.3689015],[138.6496388,36.3789443],[138.6521874,36.3953934],[138.6444228,36.4114393]]}},{"type":"Feature","properties":{"areaCode1":"330","areaCode2":"331"},"geometry":{"type":"LineString","coordinates":[[139.1786148,35.9697347],[139.2011665,35.9662641],[139.212927,35.9564442],[139.2305907,35.9745283],[139.2454596,35.9785941],[139.252106,35.9860336],[139.2719449,35.9849814],[139.2804005,35.9936577],[139.3016236,35.9850525],[139.3217458,35.9648753],[139.3387069,35.9620666],[139.3586476,35.9766263],[139.3851946,35.9847768],[139.4048819,35.9854601],[139.4301942,35.9980026],[139.424212,35.9981139],[139.4215426,36.0075831],[139.4546387,36.0049922],[139.4553137,36.0106636],[139.4752891,36.0196604],[139.4996397,36.0135545],[139.5050159,36.0274981],[139.4947981,36.0356767],[139.516394,36.0307873],[139.5227227,36.0360365],[139.5264702,36.0320764],[139.5246163,36.0351395],[139.5314699,36.0348631],[139.5205811,36.0475796],[139.5259317,36.0508843],[139.5218153,36.0548396],[139.52529,36.0576065],[139.5459648,36.0443315],[139.5584762,36.0432254],[139.5643081,36.0354991],[139.5703574,36.0405188],[139.5732201,36.0331752],[139.5870224,36.0288816],[139.6042419,36.0367869],[139.6064264,36.0453569],[139.614149,36.0495461],[139.6485868,36.0347478],[139.6606894,36.040287],[139.6558191,36.0458709],[139.6593269,36.0488445],[139.6712372,36.0410167],[139.6783209,36.0449345],[139.6840272,36.0420065],[139.6889828,36.045207],[139.6845857,36.0576201],[139.6992876,36.0556059],[139.7094363,36.0691834],[139.7050853,36.0776276],[139.6940683,36.0775559],[139.693082,36.0908814],[139.7002007,36.0981175],[139.7178224,36.0987933],[139.7205782,36.1080764],[139.7270605,36.1075394]]}},{"type":"Feature","properties":{"areaCode1":"330","areaCode2":"332"},"geometry":{"type":"LineString","coordinates":[[138.9761662,36.1139914],[138.9764929,36.1172106]]}},{"type":"Feature","properties":{"areaCode1":"330","areaCode2":"332"},"geometry":{"type":"LineString","coordinates":[[138.9761662,36.1139914],[138.9927207,36.0947247],[139.0327319,36.1002592],[139.0409803,36.1043623],[139.0537432,36.1249987],[139.0716288,36.1187126],[139.0824943,36.1216018],[139.0878202,36.1238468],[139.0924661,36.1357579],[139.1012772,36.1364955],[139.1062239,36.1439488],[139.1117598,36.1420386],[139.1261951,36.1483886],[139.1583993,36.1394467],[139.1601834,36.1305703],[139.1481754,36.1331494],[139.1458612,36.122155],[139.137727,36.1178455],[139.1371577,36.0955175],[139.1557882,36.0827403],[139.1593901,36.0588678],[139.1532963,36.0233001],[139.1755488,35.9991471],[139.1746087,35.9890457],[139.1693101,35.9856504],[139.1786148,35.9697347]]}},{"type":"Feature","properties":{"areaCode1":"331","areaCode2":"332"},"geometry":{"type":"LineString","coordinates":[[139.1002819,35.8671887],[139.1081159,35.8727327],[139.1208046,35.8952103],[139.1119633,35.9078364],[139.1126766,35.9195258],[139.102753,35.9273911],[139.1625516,35.9458969],[139.1786148,35.9697347]]}},{"type":"Feature","properties":{"areaCode1":"331","areaCode2":"341"},"geometry":{"type":"LineString","coordinates":[[139.7762172,36.0907674],[139.7827608,36.0702183],[139.8172824,36.0325047],[139.8134219,36.0234251],[139.8141898,35.9973321],[139.8266453,35.9834312],[139.8256583,35.9727621],[139.8338767,35.9683045],[139.8476738,35.9395598],[139.865993,35.9276131],[139.8930519,35.8854248],[139.9003387,35.8641749],[139.8885234,35.8321666],[139.8916608,35.8183288],[139.888282,35.794583],[139.8937781,35.7827464]]}},{"type":"Feature","properties":{"areaCode1":"331","areaCode2":"350"},"geometry":{"type":"LineString","coordinates":[[139.5627858,35.7615952],[139.5710756,35.7633427],[139.588761,35.7785285],[139.6043838,35.7750174],[139.5982071,35.7691402],[139.6154244,35.7708735],[139.6229921,35.7668719],[139.6278748,35.7846576],[139.6408567,35.7979429],[139.6533623,35.8002259],[139.6931566,35.8004023],[139.7244622,35.7872743],[139.7353264,35.789571],[139.7380491,35.7802207],[139.7554003,35.7871896],[139.7607692,35.7974104],[139.7507732,35.8101707],[139.7676149,35.817684],[139.7811371,35.8072298],[139.7940013,35.8051984],[139.8146961,35.8087092],[139.8210556,35.815077],[139.8249289,35.8114648],[139.8196769,35.7989781],[139.8260502,35.7933604],[139.8380078,35.8008064],[139.8552869,35.7908545],[139.8733912,35.7971703],[139.8745424,35.7817759],[139.8937781,35.7827464]]}},{"type":"Feature","properties":{"areaCode1":"331","areaCode2":"351"},"geometry":{"type":"LineString","coordinates":[[139.3303658,35.7936169],[139.3468587,35.7964133],[139.3699206,35.7917274],[139.3702679,35.778288],[139.3799341,35.7789069],[139.3801106,35.7665141],[139.3916612,35.7674086],[139.3912823,35.7634289],[139.4045904,35.7691436],[139.4449683,35.76666],[139.476714,35.7753319],[139.4825196,35.7810899],[139.4967942,35.7786958],[139.5211756,35.7884579],[139.5422349,35.8072337],[139.5470827,35.8016529],[139.5373309,35.7915018],[139.5437929,35.7881943],[139.5429789,35.7798074],[139.5163749,35.7655733],[139.5476625,35.7742283],[139.5445844,35.7547608],[139.5627858,35.7615952]]}},{"type":"Feature","properties":{"areaCode1":"331","areaCode2":"352"},"geometry":{"type":"LineString","coordinates":[[139.1002819,35.8671887],[139.1476471,35.8626823],[139.1632471,35.8509704],[139.1924415,35.8402715],[139.2126494,35.8466113],[139.2312724,35.8366404],[139.2390377,35.8405249],[139.2427799,35.8366004],[139.2604263,35.8359916],[139.2802649,35.8406866],[139.2849405,35.8360077],[139.3011686,35.8349599],[139.3047666,35.8223977],[139.3152419,35.8249866],[139.3150249,35.8142691],[139.3239689,35.7968674],[139.3303658,35.7936169]]}},{"type":"Feature","properties":{"areaCode1":"332","areaCode2":"352"},"geometry":{"type":"LineString","coordinates":[[138.9428676,35.8601621],[138.9452612,35.8681191],[138.9675838,35.882026],[139.0009309,35.8840085],[139.0133788,35.8982557],[139.0240074,35.8972937],[139.0616318,35.8736293],[139.0822722,35.8749399],[139.1002819,35.8671887]]}},{"type":"Feature","properties":{"areaCode1":"332","areaCode2":"352"},"geometry":{"type":"LineString","coordinates":[[138.9428676,35.8601621],[138.9439334,35.8548188]]}},{"type":"Feature","properties":{"areaCode1":"332","areaCode2":"411"},"geometry":{"type":"LineString","coordinates":[[138.7290113,35.9092206],[138.734403,35.9040117],[138.7802058,35.8995075],[138.7906201,35.8918786],[138.7920036,35.8754511],[138.8084049,35.8700195],[138.8136049,35.8623678],[138.8278308,35.865795],[138.8344457,35.8622787],[138.8454487,35.8673909],[138.8626615,35.8587611]]}},{"type":"Feature","properties":{"areaCode1":"332","areaCode2":"412"},"geometry":{"type":"LineString","coordinates":[[138.8626615,35.8587611],[138.8922227,35.8397786],[138.9109461,35.8527275],[138.92663,35.8489183],[138.9439334,35.8548188]]}},{"type":"Feature","properties":{"areaCode1":"332","areaCode2":"421"},"geometry":{"type":"LineString","coordinates":[[138.7113605,35.9718722],[138.7125501,35.985333]]}},{"type":"Feature","properties":{"areaCode1":"332","areaCode2":"421"},"geometry":{"type":"LineString","coordinates":[[138.7113605,35.9718722],[138.7392543,35.9391081],[138.7376273,35.9272945],[138.7281063,35.9178323],[138.7290113,35.9092206]]}},{"type":"Feature","properties":{"areaCode1":"340","areaCode2":""},"geometry":{"type":"LineString","coordinates":[[140.3912747,35.3780651],[140.3976512,35.3305055]]}},{"type":"Feature","properties":{"areaCode1":"340","areaCode2":""},"geometry":{"type":"LineString","coordinates":[[140.3912747,35.3780651],[140.4021803,35.4384016],[140.430284,35.4981651],[140.4533188,35.5283931],[140.4610104,35.5309389],[140.458611,35.5337051],[140.4660165,35.5369847],[140.467939,35.5325636],[140.4650597,35.5393248],[140.4785024,35.5582314],[140.5266824,35.6032248],[140.6121227,35.6652625],[140.6441986,35.6833233],[140.6836541,35.6975109],[140.7173951,35.6999415],[140.7287156,35.6892081],[140.7351964,35.6954826],[140.737017,35.691885],[140.7307548,35.6904126],[140.7285272,35.6840223],[140.7390099,35.6923263],[140.8066652,35.7116065],[140.8283299,35.713697],[140.8377893,35.7115317],[140.838114,35.7009514],[140.8467696,35.7002039],[140.8399383,35.6968559],[140.8515565,35.6979022],[140.8562341,35.6955998],[140.8509676,35.6948964],[140.8655158,35.69232],[140.8627979,35.7026488],[140.8691354,35.7066652],[140.8659136,35.7127291],[140.8712104,35.7185815],[140.867732,35.7298589],[140.8753543,35.7317066],[140.8678436,35.7303263],[140.8741338,35.7331367],[140.8696465,35.7315863],[140.8677982,35.7380413],[140.8723765,35.7398608],[140.8816347,35.7308794],[140.8609891,35.7498556],[140.8720814,35.7399618],[140.8546542,35.7434159],[140.8596796,35.7481085],[140.8519744,35.7446671]]}},{"type":"Feature","properties":{"areaCode1":"340","areaCode2":"341"},"geometry":{"type":"LineString","coordinates":[[140.1705793,35.4566673],[140.1865239,35.4480534],[140.1845652,35.4372965],[140.1730271,35.4312773],[140.2069338,35.3796831],[140.1997918,35.3778131],[140.1979567,35.3698901],[140.2093561,35.3656182],[140.2058489,35.3596993],[140.2126494,35.3331892],[140.2207549,35.328122],[140.225252,35.3167309]]}},{"type":"Feature","properties":{"areaCode1":"340","areaCode2":"341"},"geometry":{"type":"LineString","coordinates":[[140.1705793,35.4566673],[140.1740636,35.4690053],[140.1858983,35.4682675],[140.1860878,35.4738475],[140.1969089,35.4708511],[140.2098688,35.4862269],[140.2484905,35.4817537],[140.2511992,35.4918515],[140.2628176,35.4943056],[140.2602774,35.5021526],[140.2702547,35.5002147],[140.2721148,35.4936028],[140.2770346,35.51178],[140.2861891,35.5188886],[140.292588,35.5153166],[140.3008739,35.5203368],[140.2877789,35.5233907],[140.2920382,35.5312385],[140.2808574,35.5421266],[140.281763,35.5500766],[140.2919811,35.5482846],[140.294212,35.5606254],[140.2870871,35.5729091],[140.3167061,35.585692],[140.3386658,35.5863233],[140.33632,35.5904336],[140.3262936,35.5899019],[140.3230243,35.6009983],[140.312524,35.6003592],[140.3058456,35.5942367],[140.3115112,35.60161],[140.3301538,35.6062055],[140.3240971,35.6089561],[140.314811,35.6041264],[140.3121082,35.6118464],[140.3091874,35.6099811],[140.3158075,35.6175146],[140.3077881,35.6247416],[140.3165112,35.6308957],[140.3256415,35.6261287],[140.3291946,35.6315146],[140.3212063,35.6396906],[140.3257361,35.6440039],[140.3202256,35.6495578],[140.3274531,35.6489217],[140.3263329,35.657915],[140.3303307,35.6555961],[140.3333313,35.6599094],[140.3544168,35.6567086],[140.3537541,35.6629577],[140.3388253,35.6645252],[140.3492803,35.6715374],[140.3469026,35.6766579],[140.353918,35.6841787],[140.3606971,35.6868841],[140.3658999,35.6835904],[140.3679208,35.6883996],[140.3713493,35.6786396],[140.377521,35.6828502],[140.3906759,35.6760905],[140.3985704,35.6788391],[140.4052719,35.6888474],[140.394338,35.6918402],[140.3931869,35.687136],[140.3819716,35.6936369],[140.3788847,35.6908863],[140.3738684,35.6993321],[140.3699014,35.6970799],[140.3733995,35.7000827],[140.3696645,35.7027302],[140.3823862,35.7036199],[140.386258,35.7132166],[140.3776849,35.7157646],[140.377368,35.7246791],[140.3658566,35.7259091],[140.3680473,35.7394092],[140.3766776,35.7378986],[140.3792631,35.7289213],[140.3870247,35.7232694],[140.3935275,35.7277899],[140.3815521,35.7408477],[140.4032688,35.7420744],[140.4019669,35.7533127],[140.3890825,35.7577747],[140.3951189,35.7562441],[140.3999151,35.76379],[140.3892407,35.7685483],[140.4029441,35.7748505],[140.4023481,35.7837522],[140.4073796,35.7865091],[140.4140437,35.7853203],[140.4184825,35.7750988],[140.4362128,35.7807946],[140.4330829,35.7860524],[140.4430185,35.7882393],[140.4444684,35.8033793],[140.4679825,35.8206326],[140.4549678,35.818136],[140.4559931,35.8263032],[140.4694994,35.8346864],[140.4624583,35.8421415],[140.4679689,35.8463556],[140.4720467,35.8435128],[140.4724685,35.85101],[140.4652326,35.8506226],[140.4523934,35.8703679],[140.4464411,35.8640193],[140.4422114,35.8682121],[140.4230654,35.8599722],[140.4225585,35.8662405],[140.4181477,35.8663306],[140.4030847,35.8534609],[140.394356,35.8527928],[140.3927533,35.8559287],[140.3984302,35.8553495],[140.3941694,35.8575764],[140.3980031,35.8583137],[140.4010277,35.8724631],[140.3913753,35.8862012],[140.3850333,35.8850373],[140.3756753,35.8948376],[140.3758853,35.9023679]]}},{"type":"Feature","properties":{"areaCode1":"340","areaCode2":"342"},"geometry":{"type":"LineString","coordinates":[[140.225252,35.3167309],[140.2462252,35.327292],[140.2531456,35.3172484],[140.2712751,35.3133864],[140.2888474,35.3211083],[140.2960805,35.3355237],[140.3180717,35.3457121],[140.3734563,35.3433291],[140.3723312,35.3291081],[140.3875371,35.3347855],[140.3976512,35.3305055]]}},{"type":"Feature","properties":{"areaCode1":"341","areaCode2":""},"geometry":{"type":"LineString","coordinates":[[139.8714606,35.6386417],[139.8749969,35.6372458],[139.8725814,35.6255319],[139.888332,35.6218221],[139.8929774,35.6253109],[139.8977078,35.6166673],[139.906908,35.6230921],[139.8973868,35.6294276],[139.9000851,35.6316787],[139.905442,35.6326587],[139.9101803,35.6241632],[139.9395066,35.6404889],[139.9181832,35.6553537],[139.9303524,35.6664821],[139.9476623,35.6695451],[139.9450927,35.672958],[139.9298359,35.6694565],[139.9318228,35.6747503],[139.9366481,35.6732987],[139.9467432,35.6809822],[139.9531816,35.6717503],[139.9581018,35.677397],[139.9535517,35.6889748],[139.9598667,35.6793484],[139.9676245,35.6837195],[139.9829679,35.6816101],[139.9845053,35.6909006],[139.9881836,35.6898485],[139.9838196,35.6771343],[139.9920067,35.6722884],[139.9845809,35.6714501],[139.985869,35.6638358],[140.0027751,35.6634538],[140.0029491,35.6597784],[139.9864984,35.6601087],[139.9874612,35.6544675],[140.013679,35.6575217],[140.0452751,35.6307784],[140.0435739,35.6264393],[140.0474329,35.6287454],[140.0546661,35.6218768],[140.050886,35.6206885],[140.055576,35.6223315],[140.0839136,35.5967797],[140.0868096,35.6017517],[140.0779211,35.6104105],[140.0830054,35.6138941],[140.0927897,35.6038133],[140.0998478,35.6047377],[140.0889739,35.5945409],[140.1016601,35.5939316],[140.1060459,35.6026603],[140.1073484,35.5921359],[140.1176694,35.5965565],[140.1179929,35.5916953],[140.1105661,35.5895445],[140.1121134,35.5704518],[140.1268949,35.5676733],[140.0910252,35.5644788],[140.115627,35.5503559],[140.0980431,35.5550113],[140.0882461,35.5519538],[140.0869591,35.5470809],[140.0941932,35.5455696],[140.0905411,35.5423432],[140.1010588,35.5384621],[140.0960887,35.5354016],[140.0663491,35.5533903],[140.0701511,35.5484597],[140.0539424,35.5350802],[140.0606776,35.5300646],[140.0577217,35.5265773],[140.0500755,35.5309368],[140.0369199,35.5175396],[140.0459086,35.5113987],[140.0422339,35.5073273],[140.0338916,35.5118655],[140.0252186,35.5016362],[140.036226,35.495293],[140.0330415,35.491674],[140.0296438,35.49705],[140.0219249,35.496793],[140.015944,35.4897125],[140.0201271,35.486743],[140.0097632,35.4862427],[140.0178618,35.4805108],[140.0227414,35.4675511]]}},{"type":"Feature","properties":{"areaCode1":"341","areaCode2":""},"geometry":{"type":"LineString","coordinates":[[140.0815936,35.5882883],[140.1027088,35.587526],[140.1117225,35.5704375],[140.0861099,35.56945],[140.0815936,35.5882883]]}},{"type":"Feature","properties":{"areaCode1":"341","areaCode2":"342"},"geometry":{"type":"LineString","coordinates":[[140.0227414,35.4675511],[140.0431677,35.4373722],[140.040912,35.4290219],[140.0326226,35.42357],[140.0807067,35.4323188],[140.0877147,35.4274619],[140.0927726,35.4066983],[140.0875103,35.3977524],[140.0925286,35.3958213],[140.0899043,35.3808619],[140.1024652,35.3754539],[140.1056844,35.3792327],[140.1022438,35.3851605],[140.105588,35.3844255],[140.1296141,35.3471006],[140.119564,35.3313597],[140.1084667,35.3245132],[140.1089378,35.3189463],[140.1012833,35.3180196],[140.1077016,35.3125704],[140.1221414,35.3137108],[140.1143204,35.2893889],[140.1202934,35.2825764],[140.1185569,35.2621864],[140.1222526,35.2476193],[140.1399628,35.2314257],[140.1457987,35.2347079],[140.1518208,35.2497431],[140.1563441,35.2485876],[140.1540675,35.2526083],[140.1580528,35.250468],[140.1667198,35.2559563],[140.174559,35.2513513],[140.1779806,35.2747364],[140.1903062,35.2774114],[140.2028151,35.2877123],[140.1990867,35.3080684],[140.2129086,35.3009857],[140.225535,35.306801],[140.2309611,35.3039688],[140.225252,35.3167309]]}},{"type":"Feature","properties":{"areaCode1":"341","areaCode2":"350"},"geometry":{"type":"LineString","coordinates":[[139.8714606,35.6386417],[139.8831461,35.6447567],[139.8869039,35.6537336],[139.88694,35.67926],[139.9071539,35.6843836],[139.9189084,35.6982742],[139.9162109,35.7080014],[139.8976541,35.7249989],[139.8994506,35.7443856],[139.8840451,35.7574053],[139.8794615,35.7675245],[139.8937781,35.7827464]]}},{"type":"Feature","properties":{"areaCode1":"342","areaCode2":""},"geometry":{"type":"LineString","coordinates":[[139.7528895,34.9668111],[139.7590301,34.9593888],[139.7796541,34.9561427],[139.8173238,34.9399937],[139.8274549,34.9272384],[139.8226775,34.9206434],[139.8243053,34.9104643],[139.8369268,34.9029574],[139.8647338,34.9068697],[139.8720951,34.9027416],[139.8875587,34.9034935],[139.8871693,34.8994052],[139.8922957,34.9058468],[139.902662,34.9036943],[139.9280333,34.9091763],[139.923725,34.9117206],[139.9419047,34.9174722],[139.9418447,34.9250317],[139.9558845,34.9312219],[139.9649662,34.9428069],[139.9663177,34.9535483],[139.9608074,34.9678714],[139.9844468,35.0147621],[140.0394074,35.0530434],[140.0585629,35.0594788],[140.073015,35.0557863],[140.0758663,35.0626811],[140.0832425,35.0628889],[140.078301,35.0674009],[140.0856993,35.0696966],[140.0853603,35.0739514],[140.1022868,35.0765325],[140.0998353,35.0894466],[140.1101883,35.092877],[140.104812,35.0911008],[140.1089963,35.0987797],[140.1052859,35.1023027],[140.1195829,35.1148735],[140.1342707,35.1216639],[140.1500539,35.1166447],[140.1536082,35.1214219],[140.1669009,35.1237987],[140.1820463,35.1176456],[140.1917906,35.1272148],[140.1981045,35.1227333],[140.1942699,35.1213741],[140.1970789,35.1187126],[140.1933535,35.1200754],[140.2006236,35.1098153],[140.2200629,35.1166107],[140.232513,35.1151348],[140.2376458,35.1182896],[140.2343482,35.121849],[140.2502643,35.1284179],[140.2490396,35.1349478],[140.2603843,35.1382604],[140.2623401,35.1338467],[140.268574,35.1341646],[140.2726813,35.1377214],[140.2770564,35.1310251],[140.2930979,35.1380667],[140.2899154,35.1450809],[140.2990909,35.1511244],[140.3099395,35.1489448],[140.3103341,35.1443101],[140.312477,35.1471527],[140.3113752,35.1344698],[140.3268496,35.1393665],[140.3328306,35.1638323],[140.3491308,35.1801611],[140.3741197,35.1790381],[140.3842505,35.1873772],[140.3941262,35.2026927],[140.3922335,35.2106406],[140.4058492,35.2399473],[140.4071079,35.2561671],[140.406162,35.2513359],[140.4009408,35.2545041],[140.4061414,35.2558216],[140.4010003,35.2584671],[140.4000586,35.2696732],[140.4150607,35.3056386],[140.4038929,35.3306572],[140.3976512,35.3305055]]}},{"type":"Feature","properties":{"areaCode1":"342","areaCode2":""},"geometry":{"type":"LineString","coordinates":[[139.7528895,34.9668111],[139.7553106,34.9782773],[139.7596664,34.9745576],[139.7849773,34.9762246],[139.7862013,34.9728109],[139.8194067,34.9781866],[139.8272401,34.9884835],[139.8240757,34.9916042],[139.8421181,34.9920476],[139.8455087,34.9895457],[139.8417729,34.9861078],[139.8494651,34.9852942],[139.8583325,34.9998868],[139.850919,35.0242985],[139.8446635,35.022911],[139.8340271,35.0321521],[139.8103676,35.0375339],[139.8155043,35.0434822],[139.8232499,35.0375733],[139.8310827,35.042603],[139.8318466,35.0512585],[139.8192122,35.0659152],[139.821223,35.072224],[139.83837,35.0785479],[139.8424816,35.0862767],[139.8376247,35.0987348],[139.8235281,35.1010095],[139.8281412,35.1102823],[139.8241112,35.1137998],[139.8392993,35.1310528],[139.8281576,35.1513846],[139.816599,35.1547624],[139.8220574,35.1645353],[139.8156577,35.1723589],[139.8166455,35.1853247],[139.8297878,35.2032388],[139.8672665,35.2199479],[139.8687553,35.2425436],[139.8635292,35.2554044],[139.8466131,35.2717247],[139.8462035,35.2779573],[139.8504337,35.2763611],[139.8532354,35.2828615],[139.8469072,35.2908424],[139.826134,35.301614],[139.7839053,35.3128375],[139.8197716,35.3164871],[139.8157879,35.3200366],[139.8220689,35.3269137],[139.8200444,35.3336558],[139.8213341,35.323329],[139.8402713,35.3344104],[139.8249374,35.336142],[139.8278179,35.337753],[139.8214766,35.3462439],[139.8374667,35.3590651],[139.8470599,35.346861],[139.8546888,35.3506356],[139.8575675,35.3472842],[139.8550549,35.3508047],[139.8591648,35.3480538],[139.8391655,35.3673042],[139.8458984,35.3754739],[139.8978997,35.3583728],[139.8878148,35.3708881],[139.9074194,35.3703407],[139.8976158,35.3750296],[139.9142431,35.379407],[139.9131072,35.3830323],[139.9179859,35.3816869],[139.9144792,35.3872407],[139.9185926,35.3874946],[139.9054714,35.3904164],[139.8972325,35.4107889],[139.8984571,35.4175884],[139.9043632,35.4145185],[139.8969481,35.4232069],[139.9184383,35.4412766],[139.9184041,35.4377849],[139.9219438,35.4392506],[139.9186861,35.4418224],[139.9486417,35.4422214],[139.9510522,35.4560966],[139.9621514,35.4587319],[139.9650028,35.4506406],[139.9566796,35.4481299],[139.9521449,35.4529677],[139.9541402,35.4442971],[139.9744606,35.4484722],[139.9656901,35.468514],[139.9820262,35.4747919],[139.9923035,35.4573536],[139.9891882,35.4542868],[139.9933683,35.4532395],[139.9980509,35.4573089],[139.988766,35.4698957],[139.9925284,35.4742766],[139.9992761,35.4659637],[140.0033218,35.4682822],[139.9966889,35.4761694],[140.0054064,35.4787705],[140.0025399,35.4825524],[140.0227414,35.4675511]]}},{"type":"Feature","properties":{"areaCode1":"350","areaCode2":""},"geometry":{"type":"LineString","coordinates":[[139.7463373,35.5906311],[139.7563553,35.5690706],[139.7497842,35.5666258],[139.753397,35.5622506],[139.7637333,35.5604625],[139.7709967,35.5689737],[139.7854365,35.5705606],[139.8091763,35.5390226],[139.7948984,35.5321329],[139.7819576,35.5388305],[139.7764964,35.53447]]}},{"type":"Feature","properties":{"areaCode1":"350","areaCode2":""},"geometry":{"type":"LineString","coordinates":[[139.7463373,35.5906311],[139.7526259,35.6344233],[139.7548048,35.6388756],[139.7604258,35.6367783],[139.7606713,35.6509549],[139.7672106,35.6581213],[139.7727437,35.6460428],[139.7918172,35.6552743],[139.7760861,35.6420324],[139.7801613,35.6393544],[139.7946976,35.6472165],[139.7939861,35.6508264],[139.797694,35.6478636],[139.7962884,35.6431761],[139.7786509,35.6372692],[139.7986186,35.6217623],[139.8073682,35.6454969],[139.8081241,35.6404621],[139.8344804,35.6440676],[139.8336753,35.6346251],[139.821247,35.63344],[139.8206295,35.6297434],[139.8402542,35.6338922],[139.8409779,35.6429804],[139.8714606,35.6386417]]}},{"type":"Feature","properties":{"areaCode1":"350","areaCode2":""},"geometry":{"type":"LineString","coordinates":[[139.7483315,35.5920756],[139.7530186,35.6176478],[139.7579894,35.6176792],[139.7767789,35.5902877],[139.769059,35.5840107],[139.7840243,35.5860502],[139.7874638,35.5794547],[139.7666705,35.5771442],[139.767813,35.581516],[139.7558404,35.5770739],[139.7483315,35.5920756]]}},{"type":"Feature","properties":{"areaCode1":"350","areaCode2":""},"geometry":{"type":"LineString","coordinates":[[139.7675851,35.6256851],[139.7772117,35.6314969],[139.7713125,35.6347272],[139.7770065,35.6360936],[139.7926281,35.6095789],[139.7871507,35.6020735],[139.7675851,35.6256851]]}},{"type":"Feature","properties":{"areaCode1":"350","areaCode2":""},"geometry":{"type":"LineString","coordinates":[[139.7933611,35.5928271],[139.8134262,35.5787285],[139.832252,35.5891666],[139.8202599,35.6074921],[139.7933611,35.5928271]]}},{"type":"Feature","properties":{"areaCode1":"350","areaCode2":"351"},"geometry":{"type":"LineString","coordinates":[[139.5627858,35.7615952],[139.5691955,35.7511866],[139.5656398,35.7216569],[139.5954733,35.7054351],[139.5867165,35.6939629],[139.5940548,35.6889968],[139.5905645,35.6870009],[139.5941786,35.6821407],[139.5855009,35.682624],[139.5918031,35.6816779],[139.5853201,35.6820451],[139.5874036,35.6740237],[139.5824886,35.673394],[139.5885014,35.6705137],[139.5865605,35.6639582],[139.5928618,35.6541824],[139.5920623,35.6459099],[139.5844359,35.6411438],[139.5941164,35.6268277],[139.5902356,35.6184308]]}},{"type":"Feature","properties":{"areaCode1":"350","areaCode2":"360"},"geometry":{"type":"LineString","coordinates":[[139.5902356,35.6184308],[139.6185208,35.6137864],[139.6510511,35.5922344],[139.6646442,35.589418],[139.6787897,35.5629877],[139.7037355,35.5526077],[139.6977616,35.5437569],[139.7022265,35.5370274],[139.7265633,35.5435749],[139.7342924,35.5408971],[139.7395953,35.5451559],[139.7568536,35.5445017],[139.7764964,35.53447]]}},{"type":"Feature","properties":{"areaCode1":"351","areaCode2":"352"},"geometry":{"type":"LineString","coordinates":[[139.1616037,35.6679066],[139.1714149,35.6887427],[139.1993902,35.6882455],[139.2064584,35.7124252],[139.2172454,35.7188677],[139.2660184,35.7097758],[139.2739112,35.7150078],[139.3047487,35.7114967],[139.3196009,35.7191131],[139.3290577,35.710033],[139.3286079,35.7276706],[139.3201565,35.7332417],[139.3110503,35.7506289],[139.296542,35.7545453],[139.2921326,35.7753419],[139.2984143,35.7812788],[139.3091868,35.7757055],[139.3206857,35.776808],[139.3241199,35.7810841],[139.3180083,35.7895244],[139.3262638,35.7870313],[139.3303658,35.7936169]]}},{"type":"Feature","properties":{"areaCode1":"351","areaCode2":"360"},"geometry":{"type":"LineString","coordinates":[[139.4492806,35.6117761],[139.4627763,35.6250527],[139.4754668,35.6197005],[139.4760437,35.6132397],[139.489287,35.6044091],[139.4997407,35.6054485],[139.494678,35.617286],[139.516075,35.6256188],[139.5234923,35.632394],[139.5209865,35.6377601],[139.5255182,35.6426668],[139.5609665,35.632999],[139.5724589,35.6236819],[139.5902356,35.6184308]]}},{"type":"Feature","properties":{"areaCode1":"351","areaCode2":"360"},"geometry":{"type":"LineString","coordinates":[[139.4492806,35.6117761],[139.4535169,35.6044761],[139.4660489,35.6095005],[139.4710598,35.601158],[139.4936781,35.5890758],[139.4939361,35.5827302],[139.5075914,35.5751408],[139.4895121,35.5616799],[139.482868,35.5713838],[139.4898694,35.5835786],[139.4851669,35.5846863],[139.4763852,35.5819408],[139.4696671,35.5694983],[139.4702443,35.5604994],[139.4764859,35.5625521],[139.4818604,35.5559561],[139.4803325,35.5431463],[139.4868164,35.5355255],[139.4863868,35.5199303],[139.4769729,35.5113961],[139.4849384,35.5039689],[139.4678009,35.5022672],[139.4634429,35.5176244],[139.4557663,35.5204677]]}},{"type":"Feature","properties":{"areaCode1":"351","areaCode2":"361"},"geometry":{"type":"LineString","coordinates":[[139.1616037,35.6679066],[139.1683603,35.6585557],[139.1669547,35.6510655],[139.1790864,35.6455725],[139.1984859,35.6530183],[139.2136659,35.6477825],[139.2196406,35.625895],[139.2386376,35.6069767],[139.2522237,35.6016673],[139.2647751,35.6024587],[139.2661556,35.6081112],[139.2852484,35.6133887],[139.3041862,35.6046206],[139.3400043,35.6055255],[139.3997967,35.5844259],[139.4162328,35.5618859],[139.458317,35.5279895],[139.4557663,35.5204677]]}},{"type":"Feature","properties":{"areaCode1":"352","areaCode2":"361"},"geometry":{"type":"LineString","coordinates":[[139.1313414,35.6719946],[139.1471603,35.6668171],[139.1616037,35.6679066]]}},{"type":"Feature","properties":{"areaCode1":"352","areaCode2":"412"},"geometry":{"type":"LineString","coordinates":[[138.9439334,35.8548188],[138.953262,35.8365174],[138.9626812,35.8293965],[138.9697656,35.8312254],[138.9702214,35.8048724],[138.97672,35.7892448],[138.9864252,35.7822529],[138.9843969,35.7677649],[138.9925727,35.755381],[139.0051554,35.7504515],[139.0248484,35.7197011],[139.0722058,35.6953603],[139.1058592,35.6909798],[139.1313414,35.6719946]]}},{"type":"Feature","properties":{"areaCode1":"354","areaCode2":""},"geometry":{"type":"LineString","coordinates":[[139.1192469,34.1906593],[139.1291483,34.1843807],[139.1421806,34.1857324],[139.1471505,34.1965261],[139.1549177,34.1942974],[139.1567726,34.2048063],[139.1683319,34.2086344],[139.1752446,34.2043464],[139.1700482,34.231525],[139.1431994,34.2437818],[139.1376885,34.2420698],[139.1341755,34.2350983],[139.136705,34.2254992],[139.1283851,34.2228785],[139.1342515,34.2179612],[139.1304499,34.215856],[139.1327646,34.2083516],[139.1273302,34.2092741],[139.1327279,34.2072014],[139.1325027,34.202304],[139.1219819,34.19929],[139.1192469,34.1906593]]}},{"type":"Feature","properties":{"areaCode1":"355","areaCode2":""},"geometry":{"type":"LineString","coordinates":[[139.3485966,34.7517743],[139.3523387,34.7527896],[139.349563,34.7825621],[139.3604978,34.7990836],[139.4233167,34.7810561],[139.4357655,34.7701234],[139.4490536,34.7414654],[139.4438818,34.7319857],[139.4496467,34.7153436],[139.4435971,34.7036396],[139.4500041,34.6965266],[139.4447402,34.6845351],[139.4363772,34.6875371],[139.4428149,34.681214],[139.4343005,34.6778856],[139.424374,34.6828525],[139.4012198,34.6819394],[139.3725734,34.6996207],[139.3582897,34.701022],[139.3612311,34.7097058],[139.352083,34.7249853],[139.3568868,34.7419139],[139.3485966,34.7517743]]}},{"type":"Feature","properties":{"areaCode1":"356","areaCode2":""},"geometry":{"type":"LineString","coordinates":[[139.1939234,34.3202667],[139.1977319,34.3159581],[139.2040942,34.321981],[139.2168129,34.3166397],[139.227049,34.328711],[139.2092345,34.3367376],[139.2085572,34.3301673],[139.2048597,34.326705],[139.2004925,34.3292809],[139.2016537,34.3256965],[139.1939234,34.3202667]]}},{"type":"Feature","properties":{"areaCode1":"356","areaCode2":""},"geometry":{"type":"LineString","coordinates":[[139.2398924,34.3706486],[139.245764,34.3678261],[139.2524586,34.3764407],[139.2553227,34.4010844],[139.2671386,34.4081518],[139.2693912,34.4163592],[139.2798974,34.4183595],[139.2785994,34.4312995],[139.2876816,34.4278247],[139.2924201,34.4188665],[139.2864769,34.4117604],[139.2914867,34.4075307],[139.2778822,34.3903543],[139.2718725,34.3309033],[139.257721,34.3357771],[139.2446298,34.3482838],[139.2398924,34.3706486]]}},{"type":"Feature","properties":{"areaCode1":"356","areaCode2":""},"geometry":{"type":"LineString","coordinates":[[139.2673706,34.5220458],[139.2714511,34.5131419],[139.2778728,34.5110489],[139.2931114,34.5246183],[139.2806228,34.5350339],[139.271355,34.5304525],[139.2673706,34.5220458]]}},{"type":"Feature","properties":{"areaCode1":"357","areaCode2":""},"geometry":{"type":"LineString","coordinates":[[139.4728735,34.0765791],[139.480175,34.0706419],[139.4773111,34.0677043],[139.4818297,34.0675474],[139.4775061,34.0618049],[139.4813676,34.0520467],[139.5017739,34.0452293],[139.5318046,34.0469202],[139.5337447,34.0527617],[139.5587406,34.064353],[139.5633963,34.0790243],[139.5694208,34.0808458],[139.5613041,34.0835226],[139.566512,34.0934983],[139.5594741,34.1117119],[139.5320008,34.1255601],[139.4925844,34.1195375],[139.489213,34.1125133],[139.4948578,34.1032408],[139.4885603,34.1031553],[139.4818528,34.0833977],[139.4728735,34.0765791]]}},{"type":"Feature","properties":{"areaCode1":"357","areaCode2":""},"geometry":{"type":"LineString","coordinates":[[139.5765656,33.8665469],[139.5794481,33.8595725],[139.5893414,33.8552475],[139.6196747,33.8517053],[139.6320542,33.8702153],[139.618525,33.8924253],[139.6002697,33.9010375],[139.5870401,33.89722],[139.5768717,33.8795592],[139.5765656,33.8665469]]}},{"type":"Feature","properties":{"areaCode1":"358","areaCode2":""},"geometry":{"type":"LineString","coordinates":[[139.6750583,33.1308594],[139.6849489,33.1176242],[139.7011533,33.1177794],[139.6872281,33.1361225],[139.6768104,33.1364674],[139.6750583,33.1308594]]}},{"type":"Feature","properties":{"areaCode1":"358","areaCode2":""},"geometry":{"type":"LineString","coordinates":[[139.7382633,33.1387011],[139.7537154,33.1049444],[139.7712064,33.1002733],[139.7700981,33.0967186],[139.7794653,33.1008705],[139.7745785,33.0962064],[139.7793658,33.0946019],[139.7794886,33.0752819],[139.7961952,33.0623419],[139.819211,33.0585259],[139.8325456,33.0452452],[139.8370413,33.0495764],[139.8332689,33.0667735],[139.8389462,33.0749995],[139.8585961,33.0793633],[139.8543984,33.0914264],[139.8574921,33.0990854],[139.8465943,33.1170622],[139.8172064,33.1201157],[139.8212965,33.1237202],[139.8060311,33.1336891],[139.8057297,33.129366],[139.7980332,33.1335174],[139.7960774,33.142474],[139.7742295,33.1578876],[139.7457746,33.1559074],[139.7382633,33.1387011]]}},{"type":"Feature","properties":{"areaCode1":"358","areaCode2":""},"geometry":{"type":"LineString","coordinates":[[139.7544131,32.4534686],[139.7581964,32.4734422],[139.769835,32.4690906],[139.7813265,32.45737],[139.7794094,32.4474767],[139.7684717,32.4428611],[139.7579349,32.446753],[139.7544131,32.4534686]]}},{"type":"Feature","properties":{"areaCode1":"358","areaCode2":""},"geometry":{"type":"LineString","coordinates":[[140.2862631,30.4847164],[140.3003694,30.4729086],[140.3108847,30.4762253],[140.3144389,30.4869817],[140.3026697,30.4959628],[140.2927206,30.4930053],[140.2862631,30.4847164]]}},{"type":"Feature","properties":{"areaCode1":"359","areaCode2":""},"geometry":{"type":"LineString","coordinates":[[141.2721264,25.4316626],[141.2761441,25.4194321],[141.2904755,25.4223787],[141.293153,25.436919],[141.2884989,25.4470143],[141.2783144,25.4465015],[141.2721264,25.4316626]]}},{"type":"Feature","properties":{"areaCode1":"359","areaCode2":""},"geometry":{"type":"LineString","coordinates":[[141.2851667,24.7508887],[141.2939284,24.7731013],[141.2922856,24.7841856],[141.2859847,24.7888081],[141.3215242,24.8084203],[141.3220547,24.8123622],[141.3358158,24.8061658],[141.3470336,24.78128],[141.3430522,24.7748122],[141.325069,24.7704175],[141.2881744,24.7461237],[141.2851667,24.7508887]]}},{"type":"Feature","properties":{"areaCode1":"359","areaCode2":""},"geometry":{"type":"LineString","coordinates":[[141.4532531,24.2293494],[141.45836,24.2446597],[141.4727308,24.2412558],[141.4688086,24.2271819],[141.4587111,24.2247006],[141.4532531,24.2293494]]}},{"type":"Feature","properties":{"areaCode1":"359","areaCode2":""},"geometry":{"type":"LineString","coordinates":[[142.1225771,26.7108729],[142.1260259,26.7143947],[142.1349713,26.6992652],[142.1429424,26.6982191],[142.141967,26.7087432],[142.1503893,26.7056114],[142.1540743,26.7091022],[142.1650306,26.7025698],[142.1461538,26.693779],[142.1466149,26.6851915],[142.1686149,26.6898845],[142.1616618,26.673319],[142.1640553,26.6604279],[142.1786799,26.6553777],[142.1891561,26.659303],[142.184962,26.6533617],[142.1743919,26.6544346],[142.1712143,26.6433893],[142.1810998,26.6284825],[142.1833842,26.6116919],[142.1784752,26.6075662],[142.1734238,26.6081965],[142.1783227,26.6153561],[142.1711651,26.630995],[142.1618343,26.6303263],[142.1607404,26.6399203],[142.1588075,26.6346712],[142.1540785,26.6359581],[142.1528571,26.6467777],[142.1449668,26.6568826],[142.1493094,26.6658767],[142.1417817,26.6663307],[142.1447108,26.6764416],[142.1306818,26.6891503],[142.1225771,26.7108729]]}},{"type":"Feature","properties":{"areaCode1":"359","areaCode2":""},"geometry":{"type":"LineString","coordinates":[[142.1235919,27.6843617],[142.1309333,27.6892456],[142.13282,27.6854869],[142.1424828,27.6888511],[142.1482456,27.6833683],[142.1487456,27.6732106],[142.1394019,27.6721233],[142.138735,27.6791017],[142.1345817,27.6817411],[142.1310661,27.6783878],[142.1235919,27.6843617]]}},{"type":"Feature","properties":{"areaCode1":"359","areaCode2":""},"geometry":{"type":"LineString","coordinates":[[142.1796292,27.1483456],[142.1887717,27.1444806],[142.1878897,27.1501336],[142.1975289,27.1558578],[142.2020886,27.1664672],[142.1945119,27.1764461],[142.1997817,27.1836508],[142.1945847,27.1827833],[142.1891206,27.19012],[142.1842053,27.1873028],[142.1876872,27.1723119],[142.1838786,27.1718219],[142.1845589,27.1594603],[142.1809708,27.1576561],[142.1861997,27.1551153],[142.1856136,27.1504328],[142.1796292,27.1483456]]}},{"type":"Feature","properties":{"areaCode1":"359","areaCode2":""},"geometry":{"type":"LineString","coordinates":[[142.1816135,27.1001963],[142.1932299,27.1060131],[142.2190033,27.1008364],[142.2244949,27.0818172],[142.233018,27.0769944],[142.2300547,27.0595717],[142.2378586,27.0522586],[142.2343266,27.0494746],[142.2286682,27.0568473],[142.2219225,27.0534516],[142.2294147,27.0359566],[142.2194646,27.0363042],[142.2183292,27.0415754],[142.2113047,27.0381529],[142.1992531,27.0456343],[142.1937103,27.0413271],[142.186992,27.0447659],[142.1858526,27.0402321],[142.1840077,27.0455185],[142.1897887,27.0505748],[142.1872447,27.0611918],[142.1952954,27.0613951],[142.1817885,27.0743778],[142.2031254,27.0729416],[142.2083564,27.0837992],[142.2019181,27.0873971],[142.2037461,27.0936493],[142.199215,27.0960253],[142.2033428,27.098655],[142.1871419,27.0878695],[142.1816135,27.1001963]]}},{"type":"Feature","properties":{"areaCode1":"359","areaCode2":""},"geometry":{"type":"LineString","coordinates":[[142.1867481,27.1303872],[142.1908097,27.1249258],[142.1871642,27.1214872],[142.1975728,27.1234561],[142.2062231,27.1182181],[142.2008139,27.1097789],[142.2356611,27.1096958],[142.2356572,27.11397],[142.2260258,27.1162158],[142.2268344,27.1237256],[142.2177958,27.1291228],[142.2196386,27.1326628],[142.2050903,27.1278147],[142.2069208,27.1340067],[142.2001264,27.1325775],[142.1940222,27.1436428],[142.1889853,27.1369686],[142.1931106,27.1335128],[142.1867481,27.1303872]]}},{"type":"Feature","properties":{"areaCode1":"360","areaCode2":""},"geometry":{"type":"LineString","coordinates":[[139.2340468,35.2865172],[139.3516978,35.3148193],[139.3664924,35.314447],[139.3637033,35.311498],[139.3910355,35.3165857],[139.3989242,35.3125933],[139.3971128,35.3161013],[139.4033261,35.3182092],[139.4148642,35.3149593],[139.4455421,35.3187824],[139.4736808,35.3131711],[139.4789892,35.3047402],[139.4901716,35.3076345],[139.5254546,35.3016033],[139.5344084,35.3086093],[139.5435316,35.3085533],[139.5522447,35.3028661],[139.5521702,35.2945202],[139.5726516,35.2915806],[139.5734234,35.2872044],[139.5647472,35.2844925],[139.5710254,35.2762409],[139.5673809,35.2672949],[139.5755086,35.2646481],[139.5797847,35.2563532],[139.5761386,35.2535292],[139.5859146,35.2514936],[139.5998351,35.2388874],[139.6042532,35.2229855],[139.6207828,35.2214553],[139.6227301,35.2157055],[139.6274456,35.2157153],[139.6230551,35.2076098],[139.6095105,35.2101831],[139.6108997,35.2058145],[139.6081325,35.2080545],[139.6036164,35.2026997],[139.6063253,35.1994154],[139.5988936,35.1957411],[139.6080968,35.1947188],[139.6201024,35.184117],[139.6139323,35.1830973],[139.6200694,35.1746732],[139.6168245,35.1653003],[139.6301252,35.1635924],[139.6106625,35.1634473],[139.6110901,35.1575781],[139.6183459,35.1594959],[139.6140548,35.1575418],[139.6193056,35.1545514],[139.6068135,35.1548219],[139.6173051,35.1475972],[139.6048646,35.1446716],[139.6194414,35.1387017],[139.6235656,35.1430731],[139.6214604,35.1391451],[139.6255449,35.1375017],[139.6379047,35.1421013],[139.64658,35.1377567],[139.6514758,35.1423325],[139.6570602,35.1373024],[139.6645254,35.1396124],[139.6618041,35.1446241],[139.6662346,35.1466007],[139.6698697,35.1393767],[139.6778602,35.1393038],[139.676286,35.1448986],[139.6819453,35.1510311],[139.6793753,35.1569244],[139.6622564,35.1605544],[139.655242,35.1748922],[139.6568813,35.1856311],[139.6867924,35.2076241],[139.725059,35.2113415],[139.7227634,35.2182786],[139.7152922,35.2173444],[139.7200574,35.2219994],[139.713306,35.2204403],[139.7133919,35.2238604],[139.7176609,35.228347],[139.7287695,35.2237229],[139.7294828,35.2328234],[139.7252437,35.2368925],[139.7220461,35.234383],[139.7166804,35.2461197],[139.7244396,35.2395653],[139.7332197,35.2408399],[139.7341814,35.2479797],[139.7470108,35.253491],[139.7326729,35.2658352],[139.6909949,35.2664842],[139.6845898,35.2735914],[139.6874066,35.2748364],[139.6773201,35.2800512],[139.6790651,35.2846529],[139.6719967,35.2866698],[139.6850789,35.2885891],[139.6774257,35.2922111],[139.6802042,35.2950468],[139.6739673,35.3005779],[139.6613383,35.3002145],[139.6654278,35.2925349],[139.6646138,35.2894879],[139.6569736,35.2926513],[139.6608038,35.2828824],[139.651544,35.2913676],[139.649067,35.288053],[139.6427412,35.2990683],[139.6349113,35.2951754],[139.6310987,35.2999534],[139.6420176,35.3033116],[139.6366781,35.3117211],[139.6449598,35.3086748],[139.6512094,35.3156867],[139.648942,35.3184036],[139.6612246,35.3222595],[139.6618788,35.3282098],[139.6407324,35.3303735],[139.6341291,35.3219224],[139.6219914,35.3314733],[139.6293427,35.3294398],[139.6374622,35.33312],[139.6338042,35.3359862],[139.6380195,35.340298],[139.6569533,35.3419349],[139.6509361,35.3664165],[139.6565136,35.36654],[139.6540581,35.3747677],[139.658273,35.3785439],[139.6505208,35.3730777],[139.643253,35.3789562],[139.6532329,35.3872618],[139.6456807,35.3905392],[139.6326128,35.3821902],[139.6285929,35.3841601],[139.6385375,35.390904],[139.6316736,35.395929],[139.6244275,35.3917134],[139.6260233,35.4016368],[139.6454816,35.4029793],[139.6419881,35.4069694],[139.6307865,35.4049814],[139.6293482,35.4131819],[139.6345876,35.4077979],[139.6525787,35.4130192],[139.6692292,35.4065167],[139.6691101,35.4025872],[139.6833339,35.4167804],[139.6780058,35.416191],[139.6751859,35.4235266],[139.6805412,35.4219603],[139.6792598,35.4275827],[139.6868653,35.4272748],[139.6906139,35.439224],[139.685384,35.4420417],[139.6753461,35.4315884],[139.6812932,35.441242],[139.6752968,35.4457131],[139.6689897,35.4393358],[139.6731211,35.4508967],[139.6602808,35.4412588],[139.6569771,35.4443398],[139.665802,35.4494843],[139.6571441,35.4513341],[139.6518558,35.4451252],[139.6462258,35.447602],[139.6469779,35.4569982],[139.6350633,35.4555013],[139.6388084,35.4628484],[139.632938,35.4644985],[139.6402936,35.4679011],[139.6403741,35.4742749],[139.6516789,35.4765059],[139.6483235,35.4803845],[139.6678511,35.4771528],[139.6659344,35.4828785],[139.6739597,35.4844998],[139.6677316,35.4686272],[139.6759255,35.4692148],[139.681772,35.4783564],[139.6928008,35.4814064],[139.6879755,35.4953051],[139.6909474,35.4881835],[139.6906153,35.492652],[139.6979372,35.4909681],[139.696301,35.4840444],[139.7180333,35.4936308],[139.7112064,35.5039602],[139.7162892,35.5061933],[139.7141587,35.502591],[139.719836,35.4942312],[139.7313681,35.4990636],[139.7303108,35.515296],[139.7338121,35.5006038],[139.7487711,35.5068442],[139.746461,35.5155571],[139.7378636,35.5147134],[139.7558761,35.5277865],[139.7517271,35.5332832],[139.7689778,35.5229157],[139.7669382,35.5187219],[139.7753384,35.5099528],[139.7788107,35.5086376],[139.7801899,35.5133114],[139.7965101,35.5066202],[139.7999134,35.5104958],[139.7906426,35.5078336],[139.7960786,35.5107088],[139.7915602,35.5133784],[139.7941111,35.5162955],[139.7996098,35.5132052],[139.7942131,35.5163954],[139.7964424,35.5185555],[139.774464,35.5322243],[139.7764964,35.53447]]}},{"type":"Feature","properties":{"areaCode1":"360","areaCode2":""},"geometry":{"type":"LineString","coordinates":[[139.6701529,35.463097],[139.6731093,35.460617],[139.6705751,35.4644993],[139.692397,35.4720121],[139.6948679,35.4637669],[139.6848581,35.4586267],[139.6980606,35.4616464],[139.7022479,35.4551207],[139.7071831,35.4566788],[139.6937313,35.4478624],[139.6701529,35.463097]]}},{"type":"Feature","properties":{"areaCode1":"360","areaCode2":""},"geometry":{"type":"LineString","coordinates":[[139.7002663,35.4786851],[139.7342372,35.4949436],[139.7418436,35.4770251],[139.7127074,35.4642539],[139.7002663,35.4786851]]}},{"type":"Feature","properties":{"areaCode1":"360","areaCode2":""},"geometry":{"type":"LineString","coordinates":[[139.7362833,35.4944537],[139.7611886,35.5057323],[139.7844277,35.5020295],[139.7783415,35.5044516],[139.7786764,35.4995529],[139.7821002,35.5009932],[139.7615611,35.4918904],[139.7589137,35.4953209],[139.75819,35.490588],[139.7456106,35.4850133],[139.7362833,35.4944537]]}},{"type":"Feature","properties":{"areaCode1":"360","areaCode2":"361"},"geometry":{"type":"LineString","coordinates":[[139.2329299,35.3198207],[139.2381044,35.3148133],[139.2376223,35.2888813],[139.2342582,35.2902535],[139.2340468,35.2865172]]}},{"type":"Feature","properties":{"areaCode1":"360","areaCode2":"361"},"geometry":{"type":"LineString","coordinates":[[139.2329299,35.3198207],[139.2492713,35.3298499],[139.2403275,35.3350585],[139.2387403,35.3464387],[139.2511912,35.3540871],[139.2670934,35.3562229],[139.2747987,35.3726376],[139.2918253,35.3733419],[139.2903851,35.381397],[139.3006168,35.3811106],[139.3027632,35.3882126],[139.3215956,35.3694149],[139.3196446,35.3832226],[139.3250376,35.378934],[139.3347707,35.3846113],[139.343879,35.380026],[139.3458773,35.3886377],[139.3469437,35.3789704],[139.3541906,35.3821321],[139.3549663,35.4038068],[139.3590141,35.3948049],[139.373469,35.3945005],[139.3692244,35.408341],[139.3752354,35.4372012],[139.3706538,35.4486011],[139.3800197,35.4655794],[139.3739677,35.4918238],[139.387656,35.4909566],[139.3923474,35.4964296],[139.4068472,35.4993105],[139.4205015,35.5154249],[139.4292395,35.507373],[139.4557663,35.5204677]]}},{"type":"Feature","properties":{"areaCode1":"361","areaCode2":""},"geometry":{"type":"LineString","coordinates":[[139.1115967,35.1413669],[139.1201762,35.1492409],[139.1312378,35.1509112],[139.1514451,35.1403301],[139.1618073,35.1415815],[139.1576822,35.1472778],[139.1416534,35.1521952],[139.145708,35.1523364],[139.1401633,35.1623807],[139.1453609,35.1684391],[139.1360042,35.1813712],[139.1402623,35.1888379],[139.1432806,35.2314427],[139.1504973,35.2385666],[139.1469731,35.2361987],[139.1466231,35.239645],[139.2065968,35.2765119],[139.2340468,35.2865172]]}},{"type":"Feature","properties":{"areaCode1":"361","areaCode2":"412"},"geometry":{"type":"LineString","coordinates":[[138.9157679,35.4043153],[138.9301698,35.4208706],[138.9274037,35.4376447],[138.9373697,35.4488675],[138.9587273,35.4620861],[138.9734635,35.466545],[138.9787693,35.4637417],[138.9888216,35.4736406],[139.0275494,35.4809678],[139.0437009,35.4989419],[139.0461148,35.5097364],[139.0600812,35.5074994],[139.08579,35.5120863],[139.110126,35.5322888],[139.1139844,35.5387299],[139.1119608,35.5497936],[139.1298548,35.5663736],[139.127738,35.5810847],[139.1214377,35.586988],[139.1331047,35.606701],[139.127797,35.6128991],[139.1344137,35.6165096],[139.1234906,35.6239516],[139.1275535,35.641081],[139.1171682,35.6545376],[139.1313414,35.6719946]]}},{"type":"Feature","properties":{"areaCode1":"361","areaCode2":"412"},"geometry":{"type":"LineString","coordinates":[[138.9157679,35.4043153],[138.9164029,35.4006136]]}},{"type":"Feature","properties":{"areaCode1":"361","areaCode2":"440"},"geometry":{"type":"LineString","coordinates":[[139.0138294,35.1823678],[139.021577,35.1820381],[139.0291242,35.1702986],[139.0293846,35.1499831],[139.0898437,35.1401947],[139.1115967,35.1413669]]}},{"type":"Feature","properties":{"areaCode1":"361","areaCode2":"441"},"geometry":{"type":"LineString","coordinates":[[138.9164029,35.4006136],[138.9432556,35.399188],[138.9718205,35.4051761],[139.0017971,35.3989352],[138.9986175,35.3840405],[139.0059159,35.3753846],[139.0068391,35.3613857],[139.0133533,35.3586699],[139.0086224,35.3470938],[139.0189752,35.3290602],[139.0096329,35.3136485],[139.0046122,35.289898],[138.9961919,35.2878144],[138.9754711,35.2637528],[138.9743953,35.2481439],[138.9821638,35.2178254],[138.9883527,35.2113465],[138.9876777,35.2008812],[139.0138294,35.1823678]]}},{"type":"Feature","properties":{"areaCode1":"370","areaCode2":""},"geometry":{"type":"LineString","coordinates":[[137.6349847,36.9797979],[137.6994277,36.9941353],[137.8139065,37.0300672],[137.8462397,37.0500106],[137.8365792,37.0394687],[137.8417327,37.0378936],[137.8454376,37.0454737],[137.9121944,37.0607829],[137.9402427,37.0753023],[137.9499818,37.0863213],[137.9720508,37.0937077],[137.9992884,37.1156582],[137.9953137,37.1101204],[138.0050816,37.1152324],[138.0259394,37.1160108],[138.0475672,37.1272069],[138.0527912,37.1326613],[138.0497445,37.1369611],[138.0565679,37.1365116],[138.0598207,37.1432888],[138.082888,37.1579522],[138.0870311,37.1692591],[138.0877819,37.1654619],[138.0961272,37.1728597],[138.1516329,37.161131],[138.2314563,37.1740558],[138.2469158,37.1840147],[138.2566444,37.208307],[138.2464442,37.1865257],[138.2493965,37.1825125],[138.2552548,37.1844814],[138.2496122,37.1876653],[138.2521412,37.1909104],[138.2558656,37.1874735],[138.2548943,37.1917993],[138.2650045,37.1985035],[138.2644046,37.1921516],[138.2704118,37.1955245],[138.2671901,37.1989373],[138.2761197,37.1983266],[138.2896229,37.2070515],[138.2871292,37.2098344],[138.2916741,37.2088634],[138.3189231,37.2271139],[138.4180978,37.3065863]]}},{"type":"Feature","properties":{"areaCode1":"370","areaCode2":"371"},"geometry":{"type":"LineString","coordinates":[[138.4180978,37.3065863],[138.4240159,37.3027835],[138.4183004,37.2943415],[138.4322509,37.3029499],[138.4390642,37.2937074],[138.4482523,37.2970216],[138.4901039,37.2880741],[138.5101749,37.2734313],[138.5254983,37.2755627],[138.5422991,37.2614296],[138.5344944,37.2620983],[138.5199605,37.2525165],[138.5133849,37.2417109],[138.5155202,37.2383354],[138.5049238,37.2286862],[138.5250291,37.2194706],[138.5257486,37.2078123],[138.5365158,37.198419],[138.5518525,37.2039526],[138.5566245,37.1963232],[138.5541061,37.1898246],[138.5688887,37.1789941],[138.5624454,37.155663],[138.5421313,37.1390785],[138.5273896,37.1367326],[138.5253357,37.1284902],[138.5293308,37.1237759],[138.5245322,37.1067829],[138.5340584,37.1000354],[138.5347495,37.0916119],[138.5445012,37.0857091],[138.5359525,37.0718234],[138.5413544,37.0663434],[138.5365094,37.0602649],[138.5403495,37.0447384],[138.5246678,37.0303779]]}},{"type":"Feature","properties":{"areaCode1":"370","areaCode2":"380"},"geometry":{"type":"LineString","coordinates":[[137.6349847,36.9797979],[137.6515364,36.9690204],[137.6665061,36.950239],[137.6877287,36.9431443],[137.7112984,36.9440876],[137.7204567,36.9266896],[137.7162822,36.9213907],[137.7178319,36.9076739],[137.7125719,36.9040806],[137.7135182,36.8914384],[137.7341295,36.8688321],[137.7344386,36.8313995],[137.7300814,36.8264259],[137.7493282,36.8095761],[137.7542937,36.7965891],[137.7495026,36.7801896],[137.7624448,36.7661551]]}},{"type":"Feature","properties":{"areaCode1":"370","areaCode2":"420"},"geometry":{"type":"LineString","coordinates":[[137.7624448,36.7661551],[137.7847869,36.7743446],[137.7932755,36.7866567],[137.8199826,36.7982217],[137.8227812,36.8059839],[137.8322729,36.8101352],[137.8315565,36.8194496],[137.8569556,36.8439393],[137.8578795,36.8527531],[137.8764571,36.8662068],[137.8777725,36.8733282],[137.8686569,36.8773085],[137.8615526,36.8910652],[137.8716163,36.9011077],[137.8620813,36.9076819],[137.8676625,36.9157455],[137.89326,36.9099597],[137.9206102,36.9200258],[137.9484899,36.9127833],[137.9578658,36.9027966],[137.9625661,36.9022197],[137.969575,36.9108127],[137.9914018,36.9107486],[138.013738,36.9040207],[138.0156832,36.8930963],[138.0311602,36.8912787],[138.032496,36.8809676],[138.0208661,36.8633755],[138.0136753,36.8604327],[138.0202299,36.8423919],[138.0034615,36.8264136],[138.0288787,36.8171139],[138.0337973,36.8088333],[138.0515198,36.8076417],[138.0541522,36.8000772],[138.0707034,36.8052997],[138.0815764,36.8300729],[138.1123941,36.849494],[138.1690178,36.8450725],[138.1775002,36.8517845],[138.2033854,36.8571388],[138.2137883,36.8711499],[138.2172049,36.8664046],[138.2350076,36.8637179],[138.2547082,36.8700213],[138.2716461,36.8554618],[138.2718375,36.8426252],[138.2876124,36.8457065],[138.2961094,36.8557832],[138.2885278,36.8689501],[138.2993681,36.8867212],[138.2902893,36.8968112],[138.2963257,36.9108201],[138.3175698,36.9251851],[138.3298901,36.9268467],[138.3432044,36.9207967],[138.35756,36.9335826],[138.3693738,36.9638714],[138.3822744,36.9764211],[138.3786994,36.9805041],[138.3889578,36.9864307],[138.3946816,36.9971754],[138.4313789,37.0060773],[138.455132,37.0196147],[138.4907343,37.0199237],[138.4974383,37.0264454],[138.5246678,37.0303779]]}},{"type":"Feature","properties":{"areaCode1":"371","areaCode2":""},"geometry":{"type":"LineString","coordinates":[[138.4180978,37.3065863],[138.4364627,37.3247213],[138.4466121,37.3242877],[138.460806,37.3364641],[138.4878886,37.347636],[138.4880856,37.3521174],[138.5061006,37.3532719],[138.5180524,37.3584385],[138.5194293,37.363726],[138.5181771,37.3605263],[138.5247318,37.3624335],[138.5359659,37.3699489],[138.5429731,37.3832569],[138.5305454,37.3652813],[138.538162,37.366281],[138.5430144,37.3762163],[138.5437871,37.3684803],[138.5459889,37.3755491],[138.5515931,37.3756313],[138.5640065,37.3886904],[138.5895365,37.4241425],[138.5859391,37.4419898],[138.5895709,37.4242738],[138.5980869,37.4398026],[138.5909956,37.4394675],[138.5981236,37.439862],[138.6063973,37.451392],[138.6174738,37.4726461],[138.6173869,37.4841307],[138.6298,37.4869124],[138.6547714,37.5199554],[138.6809974,37.5427853],[138.7127085,37.5583542],[138.7330713,37.5917371],[138.7470308,37.6040248],[138.7600099,37.6303362],[138.7601242,37.6401875],[138.7669018,37.6441539],[138.7613528,37.6426719],[138.7646857,37.6463065],[138.7597446,37.6483836],[138.7705971,37.6532629],[138.7855498,37.70724]]}},{"type":"Feature","properties":{"areaCode1":"371","areaCode2":"372"},"geometry":{"type":"LineString","coordinates":[[138.7855498,37.70724],[138.8009827,37.7096066],[138.811213,37.7015047],[138.805611,37.6779786],[138.790299,37.6765394],[138.7872557,37.6553138],[138.796931,37.6533461],[138.7911601,37.6512771],[138.8081009,37.6366864],[138.822924,37.64526],[138.8235159,37.6357353],[138.8331636,37.6238295],[138.8290064,37.6206403],[138.8375097,37.6181945],[138.824888,37.6070381],[138.8274749,37.6014156],[138.8311485,37.6038612],[138.8310937,37.5936707],[138.8515972,37.6113773],[138.8855115,37.6230698],[138.9327092,37.6310109],[138.9350818,37.6355859],[138.9272379,37.6406631],[138.9207404,37.6554389],[138.9363901,37.6481864],[138.9504013,37.652665],[138.9576214,37.6755386],[138.9669228,37.68074],[138.9927484,37.6797727],[138.9893256,37.6824472],[138.991252,37.6927952],[139.0018329,37.7042338],[139.0169191,37.7106127],[139.0250277,37.7057199],[139.0249916,37.6946422],[139.0325869,37.6934655],[139.033233,37.7028544],[139.0476933,37.7198733],[139.0616826,37.7282457],[139.0652828,37.7204919],[139.068657,37.7306569],[139.0758809,37.7277388],[139.0822437,37.7321393],[139.0815818,37.7270613],[139.0877513,37.7281563],[139.0930724,37.7322938],[139.0910355,37.7369999],[139.0938853,37.7321977],[139.0950289,37.7368954],[139.0998403,37.7336585],[139.0980222,37.729621],[139.1080426,37.725526],[139.0932824,37.7094069],[139.1063275,37.6984177],[139.0983002,37.6796169],[139.0998982,37.6696142],[139.108984,37.6633684],[139.1044831,37.6567489],[139.1109356,37.6515095],[139.1328316,37.6579984],[139.1308626,37.6492004],[139.1400445,37.6364397],[139.1390751,37.6300889],[139.1503578,37.6262575],[139.1543747,37.6086415],[139.1674649,37.6041938],[139.1701882,37.5989741],[139.1822069,37.6006786],[139.1955241,37.6142747],[139.2189273,37.6020388],[139.223382,37.5845626],[139.2309976,37.5777276],[139.2339807,37.5549558],[139.2478274,37.5381585],[139.2587381,37.5356971],[139.2556394,37.5264434],[139.2596813,37.5121879],[139.2740431,37.5158081],[139.2775495,37.5070706],[139.2879415,37.5068374],[139.2983726,37.4849744],[139.2834789,37.4839261],[139.2769677,37.4758684],[139.2595281,37.4678423],[139.2512196,37.4524401]]}},{"type":"Feature","properties":{"areaCode1":"371","areaCode2":"420"},"geometry":{"type":"LineString","coordinates":[[138.5246678,37.0303779],[138.536511,37.0209267],[138.5658889,37.0212606],[138.5758658,36.9962883],[138.5866639,36.9882468],[138.5829242,36.928688],[138.592085,36.9253494],[138.5887642,36.9139721],[138.5964117,36.9070139],[138.6128671,36.908549],[138.6210149,36.904082],[138.6177723,36.8920407],[138.6254246,36.8824465],[138.6355465,36.8834257],[138.6350141,36.8798604],[138.6573563,36.8680461],[138.6815229,36.8654244],[138.6932026,36.8548169],[138.690207,36.8326641],[138.6795873,36.8210507],[138.6958464,36.8079406],[138.6866971,36.7903403],[138.668992,36.7788161],[138.6727023,36.7704127],[138.6880901,36.7657472],[138.6959316,36.7385127]]}},{"type":"Feature","properties":{"areaCode1":"372","areaCode2":""},"geometry":{"type":"LineString","coordinates":[[138.784246,37.7148563],[138.7855498,37.70724]]}},{"type":"Feature","properties":{"areaCode1":"372","areaCode2":""},"geometry":{"type":"LineString","coordinates":[[138.784246,37.7148563],[138.7956839,37.7363477],[138.7923939,37.7441818],[138.796265,37.7405494],[138.7934661,37.7432156],[138.7996516,37.7484198],[138.8154644,37.7871233],[138.8340292,37.8073311],[138.8308702,37.8107978],[138.8383901,37.8124155],[138.8764055,37.8439604],[138.9176437,37.8652034],[138.9234384,37.872711],[138.9552078,37.883735],[139.0014407,37.90874],[139.0124915,37.9191738],[139.0204307,37.9200698],[139.0216897,37.9243887],[139.0231566,37.9216221],[139.0380013,37.9309274],[139.0367509,37.9345236],[139.0398433,37.9320287],[139.0410373,37.9368641],[139.0611957,37.9447419],[139.0687543,37.9588687],[139.0621817,37.9456825],[139.0682497,37.9437958],[139.0691486,37.9487815],[139.0750221,37.9486033],[139.0696764,37.9529686],[139.1242563,37.9602151],[139.1671437,37.9727653],[139.1694867,37.9781066],[139.1682148,37.973298],[139.1745449,37.9743182],[139.1722015,37.9784236],[139.1753614,37.974471],[139.2019776,37.9829413],[139.2148466,37.9931374],[139.2313385,38.0198622],[139.2148346,37.9937509],[139.2283595,37.9756082],[139.2229916,37.9688346],[139.2303517,37.970188],[139.2318808,37.9653857],[139.2339563,37.9717188],[139.2434794,37.9706736],[139.2347198,37.9777377],[139.2397525,37.9814887],[139.2306104,37.9807153],[139.2255365,37.991975],[139.2308157,37.9952238],[139.2254821,38.0012098],[139.2413155,38.0068569],[139.2362391,38.0128466],[139.2474488,38.0047917],[139.246649,38.0096927],[139.2415485,38.0096452],[139.2495785,38.0067135],[139.2811548,38.0252781],[139.3145466,38.0497235],[139.3675651,38.0995764],[139.4300064,38.1812928],[139.4235057,38.1859472],[139.4292012,38.1834791],[139.428104,38.1885127],[139.4321944,38.1899574],[139.4205294,38.1861381],[139.4278854,38.1919087],[139.4269466,38.1986283],[139.4502305,38.2390851],[139.4413256,38.2470266],[139.4494636,38.2762254],[139.4465513,38.2944321],[139.4511911,38.30928],[139.4502138,38.3611384],[139.4601608,38.3810269],[139.4558022,38.3936694],[139.4672179,38.4105869],[139.4674573,38.4190366],[139.4822141,38.4327407],[139.4830299,38.4454474],[139.4969645,38.4569062],[139.5059758,38.4817131],[139.5117168,38.4847714],[139.5092374,38.4885464],[139.5204191,38.5000527],[139.5178435,38.5048808],[139.5241616,38.5070322],[139.5482254,38.5399316],[139.5478108,38.5529477]]}},{"type":"Feature","properties":{"areaCode1":"372","areaCode2":""},"geometry":{"type":"LineString","coordinates":[[139.2138459,38.4383827],[139.2263262,38.4372849],[139.2452983,38.4505213],[139.2602795,38.4727843],[139.2569161,38.4765237],[139.2642945,38.4888837],[139.2545056,38.4909387],[139.2372516,38.4757904],[139.2385877,38.4710515],[139.2317543,38.4638187],[139.2245068,38.4650265],[139.2265612,38.4623629],[139.2211318,38.4592882],[139.2252843,38.4489168],[139.2175209,38.4476766],[139.2188562,38.4414602],[139.2138459,38.4383827]]}},{"type":"Feature","properties":{"areaCode1":"375","areaCode2":""},"geometry":{"type":"LineString","coordinates":[[138.2037421,37.8228163],[138.2084588,37.8162146],[138.2176053,37.8171641],[138.2124563,37.8135037],[138.2162396,37.8097857],[138.2355649,37.8084893],[138.244443,37.8023815],[138.2641399,37.8061648],[138.2736725,37.8116154],[138.2732534,37.8155781],[138.2767307,37.8098701],[138.286821,37.8110442],[138.2793425,37.8139273],[138.3053828,37.8270265],[138.3131556,37.822723],[138.3070044,37.8269306],[138.3444373,37.8249917],[138.3815244,37.8433128],[138.4003232,37.8606785],[138.4208972,37.8678419],[138.4100338,37.8676425],[138.418911,37.8689742],[138.4274099,37.8799363],[138.4704738,37.8967873],[138.4899379,37.9196339],[138.5000894,37.9202992],[138.5028645,37.9439111],[138.5211747,37.9785267],[138.5466949,38.0075663],[138.5533383,38.0309175],[138.5745596,38.0626797],[138.5693442,38.0737368],[138.5725957,38.0786473],[138.5629499,38.0880751],[138.5532474,38.0812184],[138.535586,38.0817919],[138.5329493,38.0747221],[138.4920176,38.0698671],[138.4801837,38.0623289],[138.4444124,38.0750953],[138.4469603,38.0786637],[138.4365346,38.0821249],[138.4344585,38.092439],[138.4402162,38.089514],[138.4343455,38.0938047],[138.4381658,38.1033573],[138.4351655,38.1149826],[138.45107,38.1403081],[138.4500748,38.1461194],[138.4924994,38.2037375],[138.4924407,38.2213554],[138.5098459,38.2654884],[138.5079363,38.2952478],[138.5122399,38.3146462],[138.519633,38.3218587],[138.5180054,38.3143223],[138.5220291,38.3238811],[138.5170406,38.3250311],[138.514919,38.3320906],[138.4850715,38.3318831],[138.4733337,38.3222037],[138.4582047,38.3218318],[138.463717,38.3140643],[138.4530973,38.3085015],[138.4493612,38.2962593],[138.4408718,38.2894168],[138.4439654,38.2779791],[138.4370176,38.2700007],[138.4372672,38.2620401],[138.428661,38.254323],[138.4172481,38.2543363],[138.4088136,38.2485739],[138.4019344,38.2545683],[138.3971297,38.2499597],[138.39911,38.2450424],[138.3867549,38.231818],[138.374492,38.2281336],[138.3638086,38.2128828],[138.3395812,38.1981173],[138.3244132,38.1986343],[138.3263141,38.1941131],[138.3134483,38.1780904],[138.3117999,38.1688837],[138.2971448,38.157226],[138.3021063,38.1519591],[138.2911051,38.1424507],[138.2900456,38.1338694],[138.2683608,38.1206658],[138.2729647,38.1167158],[138.2609335,38.1046191],[138.260827,38.0970304],[138.2484272,38.0960114],[138.2400811,38.0816366],[138.2395861,38.0869646],[138.2386502,38.080176],[138.2481186,38.0770599],[138.2329538,38.0619063],[138.2380897,38.0472896],[138.232975,38.0420672],[138.2384224,38.0279531],[138.2212549,38.0221566],[138.2224859,38.0105982],[138.2325803,38.0093493],[138.2344429,38.0041305],[138.2347412,37.9841894],[138.229144,37.9846697],[138.2271826,37.9797189],[138.2372401,37.9706324],[138.2356174,37.9745117],[138.2548766,37.9646879],[138.2584929,37.9754813],[138.2660185,37.9767186],[138.2585618,37.9759547],[138.2621711,37.9848695],[138.2728149,37.992424],[138.2740806,38.0021604],[138.2980363,38.0071658],[138.3277841,37.991853],[138.3412346,37.9779679],[138.3436529,37.965123],[138.3364526,37.9570934],[138.3330969,37.9589035],[138.32932,37.9497922],[138.307372,37.9410693],[138.2846252,37.919459],[138.2783736,37.9073526],[138.2893673,37.8972336],[138.2898556,37.8854593],[138.2692094,37.8478384],[138.2598121,37.8416674],[138.2508033,37.8439893],[138.2465271,37.8377956],[138.2166102,37.8376259],[138.2037421,37.8228163]]}},{"type":"Feature","properties":{"areaCode1":"380","areaCode2":""},"geometry":{"type":"LineString","coordinates":[[137.1801302,36.7579587],[137.2341546,36.7643665],[137.2291169,36.7669391],[137.3010667,36.7556666],[137.2993423,36.7591789],[137.3335184,36.7626279],[137.3476331,36.781019],[137.3929835,36.8073747],[137.3920557,36.823669],[137.4112048,36.8477761],[137.4089176,36.8601478],[137.4187373,36.8741032],[137.4148071,36.8906174],[137.41862,36.8932796],[137.4145601,36.8896515],[137.4089163,36.89725],[137.4288871,36.9257144],[137.42581,36.9250211],[137.4926669,36.9548572],[137.5745829,36.964133],[137.5876069,36.9748145],[137.6349847,36.9797979]]}},{"type":"Feature","properties":{"areaCode1":"380","areaCode2":"381"},"geometry":{"type":"LineString","coordinates":[[137.0281773,36.5053665],[137.0345948,36.5139509],[137.0326302,36.5334507],[137.0374736,36.5447143],[137.0396609,36.5802224],[137.0456232,36.5844776],[137.0496463,36.6006476],[137.053996,36.6004615],[137.0537808,36.6220998],[137.0653703,36.6383959],[137.0516589,36.6460531],[137.0639742,36.6568512],[137.0665717,36.6518889],[137.0811656,36.649492],[137.071657,36.6554498],[137.0767481,36.6545431],[137.0808487,36.6650709],[137.0836187,36.6584497],[137.0873629,36.6591],[137.099931,36.68371],[137.1077357,36.6807494],[137.111288,36.6854183],[137.121648,36.6860314],[137.1253321,36.6967727],[137.1185688,36.7090974],[137.1267155,36.7137724],[137.1245989,36.7177719],[137.1321939,36.7253002],[137.1458839,36.7244799],[137.1530956,36.7416574],[137.1780187,36.7468341],[137.1801302,36.7579587]]}},{"type":"Feature","properties":{"areaCode1":"380","areaCode2":"381"},"geometry":{"type":"LineString","coordinates":[[137.0281773,36.5053665],[137.0313042,36.4999837],[137.0413245,36.5059131],[137.0502237,36.5030728],[137.0643037,36.4523709],[137.0546837,36.4376126],[137.0622231,36.4260073],[137.0561111,36.4119915],[137.0583863,36.3977734],[137.0469635,36.3732284],[137.0506651,36.3697454],[137.0584473,36.3719751]]}},{"type":"Feature","properties":{"areaCode1":"380","areaCode2":"420"},"geometry":{"type":"LineString","coordinates":[[137.5873472,36.3898005],[137.5924075,36.389675],[137.6053612,36.4025383],[137.608079,36.4194164],[137.6174026,36.4186009],[137.6365449,36.4284121],[137.6399122,36.4458298],[137.6452934,36.4545303],[137.6554101,36.4591723],[137.6520007,36.4882003],[137.6668208,36.4938158],[137.6687456,36.5094613],[137.6773547,36.514386],[137.6942962,36.5106824],[137.7054404,36.5178205],[137.7027518,36.5246957],[137.7105533,36.5357421],[137.6845976,36.5378073],[137.6877378,36.5620745],[137.7243077,36.5864906],[137.7510363,36.5884987],[137.7529369,36.5947667],[137.7442454,36.6175092],[137.7546217,36.6391192],[137.7534541,36.6577681],[137.7618639,36.666007],[137.7597384,36.6859323],[137.754222,36.6874598],[137.7567046,36.6955626],[137.7500251,36.7047454],[137.7507535,36.726584],[137.7592943,36.7407407],[137.7517723,36.7511082],[137.7624448,36.7661551]]}},{"type":"Feature","properties":{"areaCode1":"380","areaCode2":"430"},"geometry":{"type":"LineString","coordinates":[[137.0584473,36.3719751],[137.0765932,36.3836439],[137.0948827,36.3839667],[137.0919441,36.3965403],[137.1019258,36.3991931],[137.1115103,36.4153828],[137.1220003,36.4171501],[137.1322676,36.4345631],[137.1433896,36.4384697],[137.1441918,36.4455211],[137.1528327,36.4476547],[137.1596966,36.4564442],[137.1749394,36.4500623],[137.1779988,36.4541997],[137.1916753,36.4552134],[137.1931257,36.4480117],[137.2048707,36.4367739],[137.2056298,36.4276042],[137.213981,36.4307497],[137.2138696,36.4387928],[137.2320644,36.4445025],[137.2470856,36.4617169],[137.2563786,36.4511413],[137.2790284,36.4650646],[137.2985125,36.4582299],[137.30661,36.4638768],[137.3170117,36.4608032],[137.3138746,36.4416679],[137.3050068,36.4358354],[137.3134512,36.4250317],[137.3383971,36.4338539],[137.3512066,36.4329025],[137.3585899,36.4368436],[137.3614978,36.4500514],[137.3899359,36.4599216],[137.3962059,36.4504647],[137.3952216,36.4363975],[137.4097239,36.4246808],[137.4607116,36.4122261],[137.4741078,36.4254091],[137.5042387,36.42571],[137.5114976,36.4236933],[137.5150459,36.4113456],[137.5409025,36.3914418],[137.5595053,36.3874516],[137.5767436,36.3929807],[137.5873472,36.3898005]]}},{"type":"Feature","properties":{"areaCode1":"381","areaCode2":""},"geometry":{"type":"LineString","coordinates":[[136.785866,36.3277363],[136.7861744,36.3273268]]}},{"type":"Feature","properties":{"areaCode1":"381","areaCode2":""},"geometry":{"type":"LineString","coordinates":[[136.9845277,36.8751185],[136.9933771,36.8793784],[137.0181498,36.9109971],[137.0254905,36.9142031],[137.0325853,36.9237744],[137.0275783,36.9404012],[137.0516967,36.9591743]]}},{"type":"Feature","properties":{"areaCode1":"381","areaCode2":""},"geometry":{"type":"LineString","coordinates":[[136.9845277,36.8751185],[136.9883998,36.8630697],[136.9932514,36.8632157],[136.9889106,36.8625692],[136.9911137,36.8562247],[136.9930812,36.8623304],[136.9919262,36.8526765],[137.0166973,36.8294342],[137.0448469,36.8140954],[137.0568202,36.8016042],[137.0579085,36.806502],[137.059072,36.8019439],[137.0630018,36.8050027],[137.0692972,36.8017055],[137.0641326,36.7975959],[137.0841175,36.7875537],[137.0791963,36.788273],[137.0828057,36.7841025],[137.1142954,36.7820428],[137.1078501,36.7793229],[137.1136046,36.7745654],[137.0939201,36.7756362],[137.0973564,36.7714233],[137.0926291,36.7729399],[137.0926052,36.7697427],[137.1121014,36.7678919],[137.1090472,36.7631113],[137.1139447,36.7651635],[137.1331586,36.7568879],[137.1344193,36.7606285],[137.1183191,36.7665062],[137.1175547,36.7760452],[137.1219188,36.7794667],[137.1189302,36.7779483],[137.1189292,36.7842196],[137.1199889,36.7802099],[137.1411177,36.7727621],[137.136602,36.7733749],[137.1379357,36.769454],[137.1801302,36.7579587]]}},{"type":"Feature","properties":{"areaCode1":"381","areaCode2":"390"},"geometry":{"type":"LineString","coordinates":[[136.8431359,36.7823146],[136.8540535,36.7946606],[136.8479912,36.809845],[136.8600181,36.8290768],[136.8564417,36.8397915],[136.8672295,36.8509186],[136.8611109,36.8546247],[136.8623887,36.8603267],[136.8773492,36.8685867],[136.8856094,36.8851926],[136.8790105,36.8927349],[136.8789763,36.906271],[136.8955815,36.9247197],[136.9156122,36.9308078],[136.9309536,36.9506026],[136.9479675,36.955364],[136.9737469,36.9443118],[136.9824157,36.952741],[136.9869482,36.9672968],[137.0050874,36.9611311],[137.0376708,36.9671192],[137.0516967,36.9591743]]}},{"type":"Feature","properties":{"areaCode1":"381","areaCode2":"390"},"geometry":{"type":"LineString","coordinates":[[136.8431359,36.7823146],[136.8526945,36.7701487],[136.8451212,36.7556781]]}},{"type":"Feature","properties":{"areaCode1":"381","areaCode2":"391"},"geometry":{"type":"LineString","coordinates":[[136.7683556,36.4235097],[136.7701781,36.4146783],[136.7788567,36.4143714],[136.795143,36.4012639],[136.8001345,36.3702997],[136.80819,36.3586886],[136.7869828,36.3480205],[136.785866,36.3277363]]}},{"type":"Feature","properties":{"areaCode1":"381","areaCode2":"391"},"geometry":{"type":"LineString","coordinates":[[136.7683556,36.4235097],[136.7696159,36.4308603],[136.7781765,36.4308825],[136.7967251,36.4446881],[136.7882024,36.4526853],[136.7983627,36.4616486],[136.7955505,36.4748856],[136.8028178,36.485007],[136.7939501,36.4969811],[136.7951062,36.5108078],[136.817219,36.5521387],[136.8024441,36.5687717],[136.7910082,36.569622],[136.7953186,36.5848411],[136.7883125,36.5930236],[136.7909067,36.6038991],[136.7831488,36.6168318],[136.7848199,36.6285037],[136.7999034,36.6364045],[136.8005687,36.646572],[136.8073037,36.6477059],[136.8104055,36.6580891],[136.8237836,36.6697116],[136.8225704,36.6809966],[136.8100257,36.6865863],[136.8155816,36.700507],[136.7892154,36.7190264],[136.7961015,36.7295773],[136.8198614,36.7306498],[136.8219609,36.7403001],[136.8393142,36.7452023],[136.8451212,36.7556781]]}},{"type":"Feature","properties":{"areaCode1":"381","areaCode2":"391"},"geometry":{"type":"LineString","coordinates":[[136.7861744,36.3273268],[136.7904202,36.3220757],[136.7922871,36.299211]]}},{"type":"Feature","properties":{"areaCode1":"381","areaCode2":"430"},"geometry":{"type":"LineString","coordinates":[[136.7922871,36.299211],[136.8041768,36.3061911],[136.8261846,36.3025483],[136.8323676,36.3068114],[136.8424966,36.3327159],[136.8371519,36.3472156],[136.8440633,36.3511117],[136.8520641,36.3474287],[136.8651003,36.3496604],[136.8712209,36.367549],[136.8763042,36.3579448],[136.8695781,36.3507162],[136.8757411,36.3501057],[136.8747569,36.3427929],[136.8900905,36.3455585],[136.9074742,36.3608416],[136.9548969,36.3393504],[136.9614088,36.3229471],[136.9732887,36.3098524],[136.9577347,36.2779368],[136.9753058,36.274364],[136.9862161,36.2862746],[137.0026808,36.2869257],[137.0125956,36.2930998],[137.0108095,36.2980287],[137.0212512,36.3091765],[137.0197412,36.3182809],[137.037571,36.3174387],[137.0515149,36.3281328],[137.0525333,36.3385398],[137.0587355,36.3425003],[137.0489044,36.3454948],[137.0621665,36.3661409],[137.0584473,36.3719751]]}},{"type":"Feature","properties":{"areaCode1":"390","areaCode2":""},"geometry":{"type":"LineString","coordinates":[[136.6694396,37.1498761],[136.676692,37.1655172],[136.6727881,37.1703688],[136.6769604,37.1764346],[136.6758673,37.1892718],[136.6823345,37.1949787],[136.6775383,37.1996002],[136.6824763,37.2019541],[136.6797399,37.2070147],[136.6940273,37.2151173],[136.6956909,37.2235982],[136.7016257,37.223584],[136.7050646,37.2310855],[136.6996218,37.2424437],[136.7208752,37.255896],[136.7338791,37.2794996],[136.7343036,37.2897496],[136.7247705,37.2929402],[136.7276402,37.3051868],[136.723324,37.3068756],[136.7220959,37.323867],[136.7386507,37.3378198],[136.7375211,37.3480849],[136.7454837,37.3425693],[136.7541331,37.3466753],[136.756867,37.3526751],[136.7505275,37.3572196],[136.7564659,37.3649234],[136.7824003,37.3681793],[136.7910593,37.3777119],[136.8017134,37.3761767],[136.8115224,37.3866006],[136.8260093,37.3877428],[136.8431263,37.4006523],[136.8683836,37.4070534],[136.8919343,37.4010708],[136.898647,37.4071181],[136.9048693,37.4022854],[136.898993,37.4019494],[136.9039403,37.4015809],[136.9032972,37.3974739],[136.9259366,37.3953048],[137.0088631,37.4305016],[137.0298676,37.4329571],[137.0455126,37.4444771],[137.0460615,37.4504857],[137.058049,37.4496163],[137.0730334,37.4555976],[137.09341,37.4718841],[137.0901042,37.4768852],[137.0939169,37.4791057],[137.1054747,37.4800044],[137.1105641,37.4867241],[137.1444597,37.4989994],[137.1722411,37.5031112],[137.180287,37.4995677],[137.2014475,37.5081894],[137.2102786,37.5061474],[137.2203264,37.5163749],[137.2334697,37.5165057],[137.2389146,37.5234699],[137.2369478,37.5204752],[137.244288,37.519458],[137.2464547,37.5260369],[137.2753021,37.5334252],[137.2824183,37.5270355],[137.2882022,37.5310546],[137.2976458,37.526058],[137.3277953,37.5292996],[137.3287519,37.5193777],[137.3460792,37.5153566],[137.3433978,37.5107249],[137.3517459,37.5013596],[137.3402133,37.4827158],[137.3574366,37.4649929],[137.3605057,37.4507029],[137.348941,37.443317],[137.3110453,37.4365834],[137.2993075,37.4428518],[137.2830386,37.4416204],[137.2642556,37.4347666],[137.265587,37.4291386],[137.259559,37.4328342],[137.2533526,37.4280822],[137.2442836,37.4091204],[137.2464549,37.3966754],[137.2376222,37.3900121],[137.237615,37.3791593],[137.2488578,37.354065],[137.2662334,37.3580037],[137.2616576,37.3451591],[137.252474,37.3403529],[137.2652131,37.3410149],[137.2676936,37.3367026],[137.2615907,37.3300469],[137.2643481,37.3254101],[137.2511504,37.3175844],[137.2469712,37.3074944],[137.2388313,37.3028333],[137.2394413,37.3067311],[137.2301985,37.3116263],[137.2352108,37.3057051],[137.2291172,37.3035596],[137.2365268,37.3016214],[137.2283332,37.3009201],[137.2351215,37.2985617],[137.2340416,37.2947046],[137.2287815,37.2973584],[137.2212407,37.2936114],[137.2221187,37.2969223],[137.2150329,37.2980542],[137.2090838,37.2953288],[137.2156233,37.293727],[137.2120368,37.2936267],[137.2044774,37.2955072],[137.20813,37.3019573],[137.1951471,37.2979017],[137.170847,37.2996554],[137.1639888,37.3047821],[137.1648346,37.298853],[137.1560138,37.2971283],[137.1580141,37.3024899],[137.1511388,37.3066673],[137.1546894,37.300316],[137.1501271,37.2963147],[137.1545313,37.2951784],[137.1438454,37.2988618],[137.0982338,37.2784861],[137.0903005,37.2620676],[137.0942849,37.2563612],[137.076221,37.2454334],[137.0679299,37.2315701],[137.0694763,37.2178743],[137.0578063,37.2079333],[137.0507018,37.2107931],[137.0255837,37.2047093],[137.0322504,37.2025223],[137.028692,37.1992106],[137.0337604,37.1955565],[137.0252404,37.1875801],[137.0173876,37.1914254],[137.0108484,37.1832218],[136.9827709,37.205274],[136.9812503,37.2008434],[136.9710859,37.2009837],[136.9668964,37.2092201],[136.9653178,37.2034851],[136.9572265,37.2085547],[136.9541228,37.2197915],[136.9460278,37.2163171],[136.9664942,37.2331468],[136.9621417,37.2364773],[136.9478747,37.2333413],[136.943215,37.2243476],[136.9414256,37.2290354],[136.9378581,37.2258399],[136.9339298,37.2327832],[136.927611,37.2297335],[136.9243053,37.2338266],[136.9233479,37.2295187],[136.9340247,37.2234774],[136.9323366,37.2205439],[136.9194113,37.2206089],[136.9160006,37.2277607],[136.9063381,37.2181972],[136.9163735,37.2180978],[136.9151739,37.2131227],[136.9230381,37.2145329],[136.9301373,37.2062338],[136.9257264,37.1986222],[136.9244424,37.2057511],[136.9153322,37.2000377],[136.906348,37.2032425],[136.9128839,37.1944029],[136.8836287,37.1634046],[136.8797968,37.1482244],[136.8732193,37.1457294],[136.879715,37.1353049],[136.8861485,37.1443635],[136.9006852,37.1360774],[136.8928816,37.1107513],[136.8831665,37.1150659],[136.8804512,37.1096146],[136.8738708,37.114003],[136.8674416,37.1112274],[136.8654008,37.0975097],[136.8719498,37.0872235],[136.8623434,37.0835559],[136.8591636,37.0762651],[136.8878491,37.0683248],[136.8899107,37.0743727],[136.9017335,37.0737174],[136.9065016,37.0888623],[136.9154857,37.0917924],[136.9436505,37.0837951],[136.9352683,37.0788672],[136.9366834,37.0711416],[136.9625038,37.0672687],[136.9556694,37.0572161],[136.9662367,37.0502541],[136.9756073,37.0477207],[136.9761918,37.0531589],[136.98576,37.0479611],[136.9892913,37.0528134],[136.9865882,37.0511923],[136.9939579,37.0513066],[136.9884827,37.0563713],[136.9970735,37.0608344],[137.0011239,37.0622689],[136.995212,37.0598423],[137.000142,37.055096],[137.0051546,37.057095],[137.0074406,37.0628669],[137.0006836,37.0647444],[137.0070192,37.0765975],[137.0116453,37.0732987],[137.0115691,37.086954],[137.0218239,37.1015255],[137.0302939,37.1069399],[137.0348609,37.1033668],[137.0576534,37.1088686],[137.0566469,37.1037602],[137.0494516,37.1011535],[137.0544513,37.0750033],[137.0488645,37.0592396],[137.0496483,37.0404673],[137.0473867,37.0426741],[137.0455871,37.0377003],[137.0520877,37.0215991],[137.0462281,37.0109227],[137.0538736,36.9949717],[137.0486875,36.9867303],[137.0503076,36.9762293],[137.0566257,36.967914],[137.0516967,36.9591743]]}},{"type":"Feature","properties":{"areaCode1":"390","areaCode2":""},"geometry":{"type":"LineString","coordinates":[[136.6694396,37.1498761],[136.676972,37.1377155],[136.6999523,37.1388114],[136.7017939,37.1413437],[136.6962446,37.1401843],[136.7006567,37.1494823],[136.7163859,37.1460372],[136.727367,37.1352576],[136.7247184,37.1152852],[136.7296068,37.0981107],[136.7213165,37.0864091],[136.7279473,37.0827581],[136.7233523,37.0841889],[136.7179063,37.0784319],[136.7223173,37.0627061],[136.7190913,37.0589408],[136.7221295,37.0605601],[136.7216139,37.0556597],[136.7305064,37.0478647],[136.7338285,37.0495336],[136.7331617,37.0415064],[136.7425485,37.0346206],[136.7402363,37.0299102],[136.7465886,37.0301514],[136.742998,37.0124166],[136.7528727,37.0096097],[136.7529308,37.0043588],[136.7560735,37.0072754],[136.7545908,37.0040979],[136.7651222,37.0034002],[136.7616441,37.001686],[136.7702053,36.9957707],[136.7654881,36.9874583],[136.770662,36.9781201],[136.7674141,36.9598566],[136.7609472,36.9513405],[136.7564991,36.9533184],[136.7619366,36.9442664],[136.7493022,36.929366],[136.7549374,36.9203375],[136.7535096,36.9236546],[136.7578622,36.9245873],[136.7556408,36.9210952],[136.7596047,36.9238329],[136.7652588,36.9197735],[136.7676744,36.9028511],[136.7502253,36.8425564],[136.7242841,36.7898593]]}},{"type":"Feature","properties":{"areaCode1":"390","areaCode2":""},"geometry":{"type":"LineString","coordinates":[[136.9015427,37.1477627],[136.9064941,37.1540107],[136.9080546,37.1492117],[136.9106522,37.1548602],[136.9162823,37.1531818],[136.9266816,37.1441963],[136.9222553,37.1367505],[136.9247941,37.1301736],[136.9316639,37.1335839],[136.9330353,37.1406357],[136.9389494,37.1398532],[136.9403928,37.1461979],[136.9488586,37.1386768],[136.9522384,37.1444708],[136.9615369,37.1425276],[136.9635803,37.1469044],[136.9770253,37.1399994],[136.9668729,37.1483237],[136.9674839,37.1552921],[136.9784292,37.1468146],[136.9865142,37.1509502],[136.9889308,37.1423196],[137.0046977,37.1351971],[137.0086933,37.1430113],[137.0220548,37.1423525],[137.0256074,37.1588812],[137.0377493,37.1681043],[137.0465009,37.1632886],[137.0446281,37.1600325],[137.0508196,37.1574054],[137.0542723,37.1487417],[137.0479163,37.1483397],[137.0405514,37.1387859],[137.0502714,37.1292638],[137.0458563,37.1196753],[137.0271846,37.116673],[137.0217155,37.1112096],[137.0121457,37.1124692],[137.0116081,37.1178793],[137.0077,37.1152604],[137.007154,37.1207948],[137.0033092,37.1204563],[137.0047817,37.1120671],[136.9954656,37.1184371],[136.9801286,37.1067637],[136.9755844,37.0968722],[136.9634646,37.1041891],[136.9457455,37.0910125],[136.9403579,37.1143201],[136.9312506,37.1226323],[136.9207694,37.1244468],[136.9169619,37.1325774],[136.9062187,37.1335551],[136.9019458,37.1414279],[136.9063269,37.145539],[136.9015427,37.1477627]]}},{"type":"Feature","properties":{"areaCode1":"390","areaCode2":"391"},"geometry":{"type":"LineString","coordinates":[[136.7242841,36.7898593],[136.7486134,36.7917038],[136.7488359,36.7845646],[136.7549773,36.783196],[136.7767837,36.7868097],[136.7814982,36.7793311],[136.7901774,36.7791569],[136.7896766,36.7748338],[136.8050816,36.7745727],[136.8164452,36.7673935],[136.8265583,36.7768638],[136.8185827,36.7834716],[136.8319319,36.7812179],[136.8340331,36.7626849],[136.8451212,36.7556781]]}},{"type":"Feature","properties":{"areaCode1":"391","areaCode2":""},"geometry":{"type":"LineString","coordinates":[[136.2428991,36.2968741],[136.2438603,36.2952993]]}},{"type":"Feature","properties":{"areaCode1":"391","areaCode2":""},"geometry":{"type":"LineString","coordinates":[[136.2428991,36.2968741],[136.2752048,36.3187642],[136.2993468,36.3523569],[136.3135349,36.3518715],[136.3465198,36.3654051],[136.4259091,36.4292473],[136.4783743,36.4864426],[136.4774898,36.4901088],[136.4804015,36.4882339],[136.5148628,36.5226163],[136.5852768,36.5984673],[136.5808819,36.6074716],[136.586135,36.6009747],[136.5881578,36.6073804],[136.5849635,36.6078437],[136.5921955,36.6154181],[136.6000758,36.6153044],[136.6004351,36.6206085],[136.6089274,36.62407],[136.6035582,36.6280562],[136.6116081,36.6400008],[136.6202971,36.6402488],[136.6374743,36.6580485],[136.6761337,36.7103486],[136.7242841,36.7898593]]}},{"type":"Feature","properties":{"areaCode1":"391","areaCode2":""},"geometry":{"type":"LineString","coordinates":[[136.5868015,36.1330346],[136.586929,36.1329119]]}},{"type":"Feature","properties":{"areaCode1":"391","areaCode2":""},"geometry":{"type":"LineString","coordinates":[[136.7656557,36.1076214],[136.7661956,36.1083327]]}},{"type":"Feature","properties":{"areaCode1":"391","areaCode2":""},"geometry":{"type":"LineString","coordinates":[[136.785866,36.3277363],[136.7861744,36.3273268]]}},{"type":"Feature","properties":{"areaCode1":"391","areaCode2":""},"geometry":{"type":"LineString","coordinates":[[136.7862273,36.166123],[136.7866751,36.1663233]]}},{"type":"Feature","properties":{"areaCode1":"391","areaCode2":""},"geometry":{"type":"LineString","coordinates":[[136.7972845,36.1717944],[136.797882,36.1723547]]}},{"type":"Feature","properties":{"areaCode1":"391","areaCode2":"400"},"geometry":{"type":"LineString","coordinates":[[136.2438603,36.2952993],[136.2585944,36.2893209],[136.2562674,36.2796567],[136.2642205,36.278327],[136.2614691,36.272932],[136.2683782,36.2698934],[136.2668124,36.2651014],[136.2828368,36.2659176],[136.3012051,36.2582179],[136.3084204,36.2468179],[136.3152976,36.2458848],[136.3169709,36.2347573],[136.3322839,36.2297801],[136.3279172,36.2088015],[136.3360947,36.1942884],[136.3356666,36.1848703],[136.3441182,36.1729797],[136.3580444,36.1651003],[136.3688955,36.1698347],[136.3900942,36.1674038],[136.4093062,36.1722268],[136.4142853,36.1566237],[136.4243487,36.1544804],[136.4406053,36.1372551],[136.4486395,36.1407389],[136.4566398,36.1362659],[136.4641953,36.1376167],[136.4877899,36.1590971],[136.4968846,36.1496963],[136.5107165,36.1461244],[136.5215277,36.1513772],[136.5327616,36.1474897],[136.551856,36.1549097],[136.5868015,36.1330346]]}},{"type":"Feature","properties":{"areaCode1":"391","areaCode2":"400"},"geometry":{"type":"LineString","coordinates":[[136.586929,36.1329119],[136.6025873,36.1287664],[136.6148903,36.1081592],[136.6513447,36.0922324],[136.6622905,36.0676291],[136.6922614,36.0717406],[136.7150808,36.082027],[136.7375464,36.0802197],[136.7542844,36.0862902]]}},{"type":"Feature","properties":{"areaCode1":"391","areaCode2":"430"},"geometry":{"type":"LineString","coordinates":[[136.7539692,36.0900158],[136.7561781,36.0991119],[136.7656557,36.1076214]]}},{"type":"Feature","properties":{"areaCode1":"391","areaCode2":"430"},"geometry":{"type":"LineString","coordinates":[[136.7539692,36.0900158],[136.7542844,36.0862902]]}},{"type":"Feature","properties":{"areaCode1":"391","areaCode2":"430"},"geometry":{"type":"LineString","coordinates":[[136.765992,36.1608761],[136.7862273,36.166123]]}},{"type":"Feature","properties":{"areaCode1":"391","areaCode2":"430"},"geometry":{"type":"LineString","coordinates":[[136.765992,36.1608761],[136.7733726,36.1574433],[136.7758314,36.1439139],[136.780785,36.1415447],[136.7661956,36.1083327]]}},{"type":"Feature","properties":{"areaCode1":"391","areaCode2":"430"},"geometry":{"type":"LineString","coordinates":[[136.7866751,36.1663233],[136.7972845,36.1717944]]}},{"type":"Feature","properties":{"areaCode1":"391","areaCode2":"430"},"geometry":{"type":"LineString","coordinates":[[136.7922871,36.299211],[136.8145787,36.266402],[136.833672,36.2658276],[136.8442867,36.2592409],[136.8518233,36.2471021],[136.8316447,36.2175965],[136.8209936,36.2107418],[136.8226025,36.2014977],[136.8020587,36.1870591],[136.797882,36.1723547]]}},{"type":"Feature","properties":{"areaCode1":"400","areaCode2":""},"geometry":{"type":"LineString","coordinates":[[135.9576896,35.9817683],[135.9652952,35.9919616],[135.9638139,35.9973197],[135.9855233,36.0088574],[136.010595,36.0332817],[136.0115961,36.0444784],[136.0082459,36.0435077],[136.0163085,36.04899],[136.0213721,36.0714337],[136.0257775,36.0720927],[136.0306355,36.0864314],[136.0277821,36.0958448],[136.0485074,36.109656],[136.0545916,36.1291266],[136.0724437,36.1354308],[136.0932528,36.1530439],[136.0953855,36.1577079],[136.0903942,36.1605279],[136.1142579,36.1926103],[136.1124655,36.2053773],[136.1144237,36.1926868],[136.128832,36.1915994],[136.1342537,36.2047452],[136.1262737,36.1984307],[136.1185559,36.2005142],[136.1320281,36.213943],[136.1273691,36.2178003],[136.1349969,36.2221838],[136.1250522,36.2374225],[136.1309611,36.2421051],[136.1222455,36.2491436],[136.1453744,36.251623],[136.1486162,36.255538],[136.1604388,36.2497953],[136.1749093,36.2536452],[136.2438603,36.2952993]]}},{"type":"Feature","properties":{"areaCode1":"400","areaCode2":""},"geometry":{"type":"LineString","coordinates":[[135.9576896,35.9817683],[135.9695563,35.9623013],[135.9848488,35.9485728],[135.9855784,35.9515402],[135.9920278,35.9356833],[135.9881774,35.9423125],[135.9973692,35.9348122],[135.9936542,35.8875921],[136.0487261,35.8384016],[136.0708672,35.8242723],[136.1001338,35.7785865],[136.0983102,35.7652384]]}},{"type":"Feature","properties":{"areaCode1":"400","areaCode2":""},"geometry":{"type":"LineString","coordinates":[[136.5868015,36.1330346],[136.586929,36.1329119]]}},{"type":"Feature","properties":{"areaCode1":"400","areaCode2":"401"},"geometry":{"type":"LineString","coordinates":[[136.0983102,35.7652384],[136.1141152,35.7641037],[136.118548,35.7517493],[136.1326218,35.7373332],[136.1319934,35.7226912],[136.1486931,35.7108471],[136.1453031,35.7025807],[136.1503483,35.6977154]]}},{"type":"Feature","properties":{"areaCode1":"400","areaCode2":"430"},"geometry":{"type":"LineString","coordinates":[[136.7542844,36.0862902],[136.7642568,36.0676824]]}},{"type":"Feature","properties":{"areaCode1":"400","areaCode2":"432"},"geometry":{"type":"LineString","coordinates":[[136.2807421,35.6586309],[136.2989073,35.6776833],[136.2920145,35.6838827],[136.291822,35.6905233],[136.3094635,35.7035158],[136.3117518,35.7119553],[136.3239531,35.716747],[136.320449,35.7225442],[136.3270029,35.731434],[136.3251984,35.7436484],[136.3183862,35.7510585],[136.3279478,35.7751019],[136.3465276,35.7760469],[136.3570887,35.7868316],[136.3766584,35.795178],[136.4309342,35.7749919],[136.4458047,35.7729083],[136.4589322,35.7790672],[136.4725986,35.7726956],[136.4857144,35.7764544],[136.5059308,35.7502933],[136.5137088,35.7622483],[136.5133069,35.7753303],[136.522815,35.7881655],[136.5449477,35.7787747],[136.5707454,35.7774238],[136.5859866,35.7843347],[136.5896521,35.7955474],[136.5991496,35.7985299],[136.6114513,35.7887963],[136.6220568,35.7867999],[136.6276471,35.7908415],[136.6266277,35.7968385],[136.6378538,35.7973046],[136.6451952,35.8068317],[136.6576654,35.7834826],[136.6769593,35.7932531],[136.6897788,35.7892827],[136.6971207,35.7940627],[136.7100479,35.7920433],[136.7233838,35.8081943],[136.7410966,35.8010688],[136.7639096,35.8106072],[136.7743855,35.8066734],[136.7760213,35.7988331],[136.7893168,35.7994359],[136.7985286,35.8177423],[136.8019598,35.8436745],[136.8251161,35.8454065],[136.8323454,35.8592668],[136.8189982,35.8816556],[136.8237686,35.8927664],[136.8137026,35.9109227],[136.7839224,35.9257391],[136.7932442,35.9459815],[136.7528654,35.9564599],[136.7488459,35.9636019],[136.7536071,35.9683735],[136.7522508,35.9886052],[136.7267451,35.9959378],[136.7357261,36.0323147],[136.7327926,36.0488819],[136.7446393,36.0600994],[136.7642568,36.0676824]]}},{"type":"Feature","properties":{"areaCode1":"400","areaCode2":"500"},"geometry":{"type":"LineString","coordinates":[[136.1503483,35.6977154],[136.1567539,35.7003687],[136.1648333,35.6963112],[136.1679281,35.7034146],[136.1910922,35.7024639],[136.1982986,35.6897162],[136.2083486,35.6875878],[136.2126083,35.6817011],[136.234407,35.6824621],[136.2446498,35.6737882],[136.2506623,35.6762451],[136.2693599,35.6687278],[136.2807421,35.6586309]]}},{"type":"Feature","properties":{"areaCode1":"401","areaCode2":""},"geometry":{"type":"LineString","coordinates":[[135.4681874,35.5317591],[135.4747837,35.5294444],[135.4834613,35.5343541],[135.4778637,35.5256843],[135.4808772,35.5219414],[135.4873715,35.5226414],[135.4905616,35.5305658],[135.492594,35.5229582],[135.5020398,35.5241056],[135.5028144,35.533277],[135.5098923,35.5346284],[135.5039049,35.5399249],[135.4942517,35.5385644],[135.5021571,35.5423763],[135.4990399,35.5537524],[135.5036788,35.5494897],[135.5163113,35.5513046],[135.5141378,35.5357499],[135.5173288,35.5343344],[135.5130991,35.5316111],[135.5172355,35.5263744],[135.5089897,35.5135271],[135.5087202,35.5030088],[135.5144279,35.4960073],[135.5331816,35.4894855],[135.5507899,35.4929393],[135.5519222,35.4972756],[135.5560655,35.4905673],[135.5636832,35.4902262],[135.5777755,35.4947401],[135.5738728,35.497156],[135.5771521,35.4998626],[135.5923503,35.5026332],[135.6088458,35.518376],[135.6190777,35.5194644],[135.6198233,35.526884],[135.6319223,35.5378057],[135.6608817,35.5477434],[135.6633719,35.5430691],[135.6571584,35.5432687],[135.6662529,35.5387048],[135.6594229,35.5351142],[135.6667235,35.5329216],[135.6694969,35.5246056],[135.6558447,35.5312354],[135.6363692,35.52009],[135.6309534,35.5221787],[135.6336763,35.5177991],[135.6417679,35.5193732],[135.6372343,35.5130821],[135.6422478,35.5079777],[135.6268908,35.4886913],[135.5922042,35.4945802],[135.5810125,35.4900533],[135.592337,35.4904444],[135.6039663,35.4833447],[135.6207826,35.4861509],[135.6473093,35.4782357],[135.6543276,35.480423],[135.6624339,35.4937148],[135.6815705,35.4872559],[135.6919561,35.4877757],[135.7006827,35.4945965],[135.7021674,35.4894914],[135.7176798,35.4837519],[135.72063,35.4920453],[135.7359795,35.4932819],[135.7407132,35.4983008],[135.7340388,35.5008074],[135.7438128,35.5063281],[135.7483977,35.5178694],[135.7491915,35.5138073],[135.7508013,35.5316285],[135.7623114,35.5304746],[135.7650376,35.533995],[135.7586692,35.5387772],[135.7481418,35.5330946],[135.7390943,35.5360475],[135.73318,35.5241322],[135.7179382,35.5197544],[135.7167821,35.5407438],[135.688621,35.5462413],[135.7146444,35.5698654],[135.7358964,35.5713507],[135.7447263,35.5643918],[135.7498791,35.5666077],[135.750023,35.5551466],[135.757061,35.5432663],[135.7700172,35.5438796],[135.7712527,35.5475002],[135.7641702,35.5509299],[135.7659333,35.5573063],[135.7868686,35.5415055],[135.793333,35.5415474],[135.7860116,35.5345299],[135.7984386,35.5249588],[135.80475,35.5330569],[135.8070869,35.5276196],[135.8151692,35.5293616],[135.81268,35.5376594],[135.8220908,35.5335177],[135.8333888,35.5356027],[135.8310561,35.5422635],[135.8266053,35.541438],[135.8260412,35.5519024],[135.8119528,35.5586605],[135.8122587,35.5639394],[135.8044214,35.5644993],[135.8013695,35.5713602],[135.8076559,35.569791],[135.8112306,35.5774157],[135.8154463,35.5714404],[135.8223399,35.573089],[135.8279387,35.5640131],[135.8397808,35.5631941],[135.8424888,35.5709518],[135.8493117,35.5715381],[135.8481362,35.5775187],[135.8574721,35.5819473],[135.8542318,35.5871554],[135.857512,35.5895225],[135.852126,35.5926854],[135.8556273,35.6003276],[135.8445157,35.6016187],[135.8430351,35.6075363],[135.831835,35.6031208],[135.8265687,35.6096956],[135.8385303,35.6159154],[135.8388565,35.6208725],[135.8238342,35.6240889],[135.8235682,35.631347],[135.8330786,35.6309462],[135.8225574,35.6375073],[135.8146898,35.6321897],[135.8146357,35.6422446],[135.8228242,35.6441621],[135.8276947,35.6388482],[135.8462111,35.6354543],[135.8436869,35.6263804],[135.8592469,35.623741],[135.8568072,35.6149307],[135.8676169,35.6081407],[135.8851118,35.6178457],[135.8935971,35.6117282],[135.895622,35.6220319],[135.9069314,35.6252907],[135.9122753,35.6100714],[135.9262213,35.6101737],[135.9388149,35.6143231],[135.9513339,35.6278979],[135.9499224,35.6338752],[135.9548653,35.6342003],[135.9623468,35.6224528],[135.9742636,35.6247127],[135.9860601,35.6425441],[135.9746222,35.6546521],[135.963135,35.6570626],[135.9689137,35.669232],[135.9652962,35.674339],[135.9722971,35.6766937],[135.9772002,35.6854073],[135.9759969,35.6960323],[135.9691337,35.7040399],[135.9706736,35.7120889],[135.9605763,35.7051995],[135.9658852,35.7067047],[135.9662352,35.7010725],[135.9558277,35.7029245],[135.9595838,35.7162223],[135.9542386,35.7219642],[135.9679244,35.7355894],[135.9811003,35.7331047],[135.9848434,35.7390114],[135.9809353,35.7377204],[135.9936394,35.7488878],[136.0011552,35.7498811],[136.0053717,35.7560858],[136.0095878,35.7541895],[136.0183955,35.7642036],[136.0317838,35.7517797],[136.037723,35.7391297],[136.0220242,35.7488034],[136.0383524,35.7267484],[136.0376905,35.7098176],[136.0443465,35.7054562],[136.0406774,35.6992895],[136.0442151,35.6911801],[136.0329386,35.6927285],[136.0255429,35.680329],[136.0419186,35.6705626],[136.0458442,35.6576828],[136.0722126,35.6606816],[136.0579797,35.6643807],[136.0742935,35.6673969],[136.0742947,35.6780596],[136.0633778,35.6795057],[136.086113,35.6847103],[136.0784802,35.7034026],[136.0923668,35.7109715],[136.0909563,35.7169359],[136.0986566,35.7257673],[136.0964811,35.7356387],[136.0856869,35.7392265],[136.0999255,35.7466765],[136.0983102,35.7652384]]}},{"type":"Feature","properties":{"areaCode1":"401","areaCode2":""},"geometry":{"type":"LineString","coordinates":[[135.4681874,35.5317591],[135.4865996,35.5579363]]}},{"type":"Feature","properties":{"areaCode1":"401","areaCode2":"500"},"geometry":{"type":"LineString","coordinates":[[135.7687853,35.3560145],[135.7789588,35.3733661],[135.7908861,35.379025],[135.7908936,35.3866389],[135.8075292,35.3853617],[135.8136578,35.4133009],[135.8532026,35.411537],[135.8543389,35.4007784],[135.8646911,35.3944],[135.8905701,35.403175],[135.8929815,35.4198475],[135.9027112,35.4294331],[135.9141622,35.4321061],[135.9097823,35.4470456],[135.9145865,35.4518614],[135.9159435,35.4709047],[135.9216623,35.4759508],[135.9244093,35.4895655],[135.9300257,35.4923372],[135.9396471,35.5205427],[135.9470224,35.5204755],[135.9523701,35.5062214],[135.9726006,35.5001897],[135.9811591,35.4865567],[135.9895069,35.4926819],[136.004343,35.4909711],[136.011446,35.4970497],[136.0151388,35.5116483],[136.0203066,35.5120256],[136.0288422,35.5234281],[136.0265325,35.5294967],[136.0463769,35.5301756],[136.0486174,35.5345126],[136.0694365,35.5262667],[136.0829071,35.5405776],[136.1064545,35.5289887],[136.1094479,35.5449604],[136.1054357,35.5555501],[136.110441,35.5597229],[136.1079391,35.5682968],[136.1138383,35.5828984],[136.1212024,35.5762043],[136.1623165,35.5714931],[136.1698301,35.5659434],[136.1663843,35.5824806],[136.1768078,35.598448],[136.159866,35.6252277],[136.1501626,35.659381],[136.1344749,35.6694463],[136.1489049,35.6884204],[136.1503483,35.6977154]]}},{"type":"Feature","properties":{"areaCode1":"401","areaCode2":"510"},"geometry":{"type":"LineString","coordinates":[[135.4493393,35.5237297],[135.4762246,35.5054927],[135.4725759,35.5011764],[135.4762068,35.4894475],[135.4704356,35.4891391],[135.4583814,35.4681794],[135.4709437,35.4539633],[135.4861206,35.448573],[135.4882109,35.4391383],[135.4979435,35.4374236],[135.5007896,35.4330077],[135.4952762,35.4261497],[135.502049,35.4200314],[135.5107962,35.4245605],[135.5257935,35.4204191],[135.5300315,35.4086466],[135.5251484,35.4024603],[135.5316959,35.3929666],[135.5261551,35.3860025],[135.5275879,35.3801133],[135.534502,35.3774391]]}},{"type":"Feature","properties":{"areaCode1":"401","areaCode2":"510"},"geometry":{"type":"LineString","coordinates":[[135.4493393,35.5237297],[135.4604846,35.5484569],[135.4865996,35.5579363]]}},{"type":"Feature","properties":{"areaCode1":"401","areaCode2":"511"},"geometry":{"type":"LineString","coordinates":[[135.534502,35.3774391],[135.5643851,35.3776947],[135.579331,35.3750116],[135.5881024,35.3682575],[135.5957302,35.3729216],[135.6111455,35.3668008],[135.6149952,35.37106],[135.636438,35.3637186],[135.6420564,35.3669064],[135.6751928,35.3502719],[135.7008837,35.3436778],[135.7183852,35.3554167],[135.7314791,35.3505522],[135.740753,35.354045],[135.7402352,35.3584094],[135.7596397,35.3530895],[135.7687853,35.3560145]]}},{"type":"Feature","properties":{"areaCode1":"411","areaCode2":"412"},"geometry":{"type":"LineString","coordinates":[[138.5818447,35.4786814],[138.5818882,35.4457283]]}},{"type":"Feature","properties":{"areaCode1":"411","areaCode2":"412"},"geometry":{"type":"LineString","coordinates":[[138.5818447,35.4786814],[138.5958889,35.4834081],[138.5945462,35.4955517],[138.6024108,35.5048909],[138.6206675,35.5021687],[138.6366008,35.5133037],[138.6767547,35.5197208],[138.6960285,35.5346327],[138.7590118,35.5536552],[138.7688316,35.5608147],[138.7916319,35.5607677],[138.7887089,35.5803333],[138.7849462,35.5855294],[138.7725903,35.586696],[138.7741282,35.5930574],[138.7669888,35.6053429],[138.7752499,35.6050666],[138.7857105,35.6177635],[138.8147853,35.6221216],[138.8226026,35.6305246],[138.8298776,35.6289235],[138.8315246,35.6350499],[138.845368,35.6411313],[138.8508816,35.6496568],[138.847,35.6727123],[138.8599243,35.6887417],[138.8550894,35.7146478],[138.8599595,35.7302959],[138.845462,35.748902],[138.828075,35.7550664],[138.8163067,35.7756111],[138.8461532,35.7759025],[138.8679669,35.7829144],[138.8698989,35.7945831],[138.8656144,35.7952428],[138.8634286,35.8057697],[138.8550966,35.8083786],[138.8599305,35.8164514],[138.8512253,35.8239011],[138.8653612,35.8412169],[138.8626615,35.8587611]]}},{"type":"Feature","properties":{"areaCode1":"411","areaCode2":"421"},"geometry":{"type":"LineString","coordinates":[[138.1851742,35.7910799],[138.190382,35.8031282],[138.2056929,35.8157343],[138.2047001,35.828139],[138.2268216,35.8574513],[138.2386686,35.8828901],[138.2514558,35.8850104],[138.2836408,35.8593157],[138.3264665,35.903294],[138.3422252,35.9260165],[138.3450467,35.9413331],[138.3599153,35.9507131],[138.3617551,35.9623151],[138.3704604,35.9713806],[138.381434,35.9714206],[138.4446779,35.9502129],[138.4543548,35.9384798],[138.4443719,35.9178071],[138.454585,35.8998584],[138.4602086,35.9036093],[138.4716022,35.8961967],[138.4901323,35.8963748],[138.4955496,35.9036389],[138.4947015,35.9113414],[138.5027579,35.9121951],[138.5105719,35.9223389],[138.5290577,35.9145359],[138.5553991,35.919137],[138.5765102,35.911422],[138.5910174,35.9197687],[138.602699,35.9097628],[138.6122559,35.9091534],[138.6049884,35.8937511],[138.6108736,35.8736103],[138.6342341,35.8700531],[138.6574612,35.8758761],[138.6761765,35.8698014],[138.6858456,35.8938656],[138.7080602,35.9097528],[138.7290113,35.9092206]]}},{"type":"Feature","properties":{"areaCode1":"411","areaCode2":"421"},"geometry":{"type":"LineString","coordinates":[[138.1851742,35.7910799],[138.1983209,35.7815574]]}},{"type":"Feature","properties":{"areaCode1":"411","areaCode2":"422"},"geometry":{"type":"LineString","coordinates":[[138.1800886,35.7142288],[138.2220033,35.7504277],[138.2369003,35.7579868],[138.2059336,35.7826971],[138.1983209,35.7815574]]}},{"type":"Feature","properties":{"areaCode1":"411","areaCode2":"422"},"geometry":{"type":"LineString","coordinates":[[138.1800886,35.7142288],[138.1936044,35.6969288],[138.1933408,35.6721533],[138.2055732,35.6641788],[138.2186707,35.6445493]]}},{"type":"Feature","properties":{"areaCode1":"411","areaCode2":"441"},"geometry":{"type":"LineString","coordinates":[[138.5120932,35.3135553],[138.5217245,35.283815],[138.5142428,35.2622308],[138.532275,35.2233908],[138.52738,35.2168036],[138.5331364,35.2006881],[138.5224214,35.1991578]]}},{"type":"Feature","properties":{"areaCode1":"411","areaCode2":"441"},"geometry":{"type":"LineString","coordinates":[[138.5120932,35.3135553],[138.5350862,35.3305647],[138.5281711,35.3790469],[138.5358477,35.3898803],[138.5317664,35.4093334],[138.5530348,35.4230861],[138.5589198,35.4341689],[138.5818882,35.4457283]]}},{"type":"Feature","properties":{"areaCode1":"411","areaCode2":"442"},"geometry":{"type":"LineString","coordinates":[[138.2186707,35.6445493],[138.228782,35.6458971],[138.2323154,35.6400973],[138.2282676,35.6270951],[138.2368837,35.6211095],[138.2351387,35.6073798],[138.2432936,35.5974551],[138.2404745,35.5761554],[138.2456684,35.5615059],[138.2595581,35.5528978],[138.2573483,35.5308487],[138.2689974,35.5142339],[138.2601774,35.5057339],[138.2552052,35.4689081],[138.244004,35.4586084],[138.2592576,35.4320795],[138.2581172,35.4074245],[138.2464999,35.3998917],[138.2460406,35.3912445],[138.2370078,35.3845262],[138.2320171,35.3712248],[138.2511457,35.3637868],[138.2571398,35.3389743],[138.2487374,35.3316024],[138.2547002,35.3199668],[138.2852672,35.3042749],[138.2959009,35.3163184],[138.3258439,35.327612],[138.3356378,35.3264956],[138.3484364,35.3156539],[138.3584931,35.3175712],[138.3724787,35.2994109],[138.3667645,35.2903204],[138.3670319,35.2701882],[138.3861523,35.2462435],[138.3944999,35.2070302],[138.3986971,35.2002699],[138.4075743,35.2029302],[138.4183632,35.199335],[138.4309418,35.1803869],[138.4778987,35.1780836],[138.4914922,35.1683844],[138.5137256,35.190565],[138.515357,35.1981969],[138.5224214,35.1991578]]}},{"type":"Feature","properties":{"areaCode1":"412","areaCode2":"441"},"geometry":{"type":"LineString","coordinates":[[138.5818882,35.4457283],[138.5973449,35.4327042],[138.609136,35.3931764],[138.6635994,35.3982267],[138.671183,35.39283],[138.6805356,35.3576783],[138.7991046,35.3766436],[138.8217488,35.3740878],[138.8512073,35.3905414],[138.8628326,35.3901489],[138.8742625,35.3791735],[138.8789112,35.3858428],[138.9164029,35.4006136]]}},{"type":"Feature","properties":{"areaCode1":"420","areaCode2":"421"},"geometry":{"type":"LineString","coordinates":[[137.6456071,36.3412607],[137.6813332,36.3384231],[137.6875709,36.3556965],[137.7090105,36.3767463],[137.7063217,36.3870603],[137.7153173,36.4000447],[137.7122161,36.416885],[137.7270047,36.4252649],[137.7471259,36.4182907],[137.7538767,36.4107124],[137.7539539,36.4030269],[137.7681471,36.3924874],[137.7762877,36.3976907],[137.7906104,36.3920967],[137.8102162,36.394867],[137.8253147,36.3911625],[137.8310661,36.3809775],[137.8534275,36.3937863],[137.8673724,36.3865663],[137.8882287,36.3639119],[137.9118787,36.3681516],[137.9018602,36.3923485],[137.9072104,36.3944399],[137.9127268,36.3894919],[137.9156035,36.392573],[137.9097733,36.402746],[137.9167555,36.4116302],[137.9250227,36.4122099],[137.9137391,36.4218643],[137.9193833,36.425171],[137.9053264,36.4393609],[137.9293795,36.450879],[137.9370193,36.4670493],[137.9263413,36.4711553],[137.9370399,36.478162],[137.9395875,36.4881356],[137.9511736,36.4879664],[137.9494108,36.4823198],[137.9593549,36.4679196],[137.9771226,36.4607015],[138.0053082,36.4801596],[138.0333716,36.4849082],[138.0461372,36.4949032],[138.0745744,36.4907507],[138.073536,36.482578],[138.0870421,36.4777549],[138.0853237,36.4734586],[138.1059509,36.4687075],[138.1060389,36.4591977],[138.1179527,36.4490242],[138.1216085,36.4368309],[138.1398596,36.4340159],[138.1687796,36.415217],[138.2161523,36.4293953],[138.2486905,36.433313],[138.2497819,36.4441391],[138.2400508,36.4589083],[138.2288981,36.4640149],[138.2307651,36.4794854],[138.2017662,36.5009843],[138.2002185,36.5116743],[138.2208918,36.507159],[138.2294861,36.5141632],[138.239368,36.5094893],[138.2467553,36.5100021],[138.249855,36.5156968],[138.266487,36.5132315],[138.2777001,36.5357018],[138.2938774,36.5322987],[138.3111725,36.5503384],[138.3339614,36.5373515],[138.351954,36.5412826],[138.3563451,36.5492862],[138.3793749,36.5545904],[138.3915536,36.5536285],[138.4123886,36.5414863]]}},{"type":"Feature","properties":{"areaCode1":"420","areaCode2":"430"},"geometry":{"type":"LineString","coordinates":[[137.5860999,36.3766791],[137.5937313,36.3688403],[137.6179982,36.3651259],[137.6354705,36.3425499],[137.6456071,36.3412607]]}},{"type":"Feature","properties":{"areaCode1":"420","areaCode2":"430"},"geometry":{"type":"LineString","coordinates":[[137.5860999,36.3766791],[137.5873472,36.3898005]]}},{"type":"Feature","properties":{"areaCode1":"421","areaCode2":"422"},"geometry":{"type":"LineString","coordinates":[[137.5994941,36.0259361],[137.6071924,36.0253458],[137.6129385,36.0184203],[137.6334933,36.0267973],[137.6655405,36.0108095],[137.6816547,36.0168114],[137.7028333,36.0097223],[137.7379194,36.046847],[137.7355144,36.0691231],[137.7500508,36.0835756],[137.7594125,36.0853175],[137.7819399,36.0731933],[137.7967188,36.0780283],[137.7979786,36.0684553],[137.8044308,36.0644161],[137.8026033,36.0576478],[137.8158089,36.053625],[137.8080772,36.0157926],[137.8049426,35.9797682],[137.8088232,35.9737896],[137.7953431,35.9598782],[137.8011836,35.9219079],[137.80672,35.9145143],[137.8044874,35.8984444],[137.811241,35.8937324],[137.8161324,35.8785619],[137.8065179,35.8697974],[137.8043953,35.8503858],[137.8108417,35.8462886],[137.8059,35.8342794],[137.8162158,35.8287422],[137.8240974,35.8131236],[137.8474198,35.83484],[137.8462826,35.8567783],[137.8541259,35.8595724],[137.8574896,35.8760019],[137.8472119,35.8902669],[137.8580859,35.9164832],[137.8508814,35.9243629],[137.8348072,35.9282418],[137.828882,35.938009],[137.8297481,35.9465651],[137.8494496,35.9614398],[137.8512687,35.9680052],[137.8620097,35.9714548],[137.8795409,36.0006684],[137.9044841,36.01813],[137.8966616,36.024545],[137.9003522,36.0297886],[137.9272925,36.0423728],[137.9276019,36.04926],[137.9381278,36.0531133],[137.9388836,36.0616792],[137.9499872,36.0637042],[137.9506428,36.0544439],[137.9797086,36.0442501],[138.0044944,36.0542081],[137.992026,36.0140943],[138.0147502,36.0095924],[138.0243116,36.0143149],[138.037326,36.0122971],[138.0367882,36.0013593],[138.0453396,36.0001146],[138.0488217,35.9713574],[138.0440831,35.9635944],[138.0348686,35.9614485],[138.044,35.9533977],[138.0568808,35.9463222],[138.0740144,35.9503158],[138.0796292,35.960503],[138.0869175,35.9602519],[138.0922834,35.9676141],[138.1017184,35.9676905],[138.1131532,35.9748536],[138.150584,35.9541223],[138.146652,35.9413214],[138.1608436,35.9334075],[138.1652614,35.9200126],[138.1737086,35.9137234],[138.1693322,35.904772],[138.1742113,35.8905226],[138.1808824,35.8891506],[138.1776541,35.8780695],[138.1836657,35.8734365],[138.1770515,35.867637],[138.1878296,35.8630873],[138.1888915,35.8578134],[138.1766812,35.8440843],[138.1806751,35.8327246],[138.1755267,35.8232418],[138.1740039,35.7936935],[138.1774956,35.7861852],[138.1983209,35.7815574]]}},{"type":"Feature","properties":{"areaCode1":"421","areaCode2":"430"},"geometry":{"type":"LineString","coordinates":[[137.55018,36.1125981],[137.5570848,36.1180579],[137.5605513,36.1302417],[137.5547214,36.140199],[137.5679596,36.1476687],[137.5705155,36.1556162],[137.5908425,36.1637996],[137.5950636,36.1720482],[137.5909335,36.1859329],[137.5950888,36.1907398],[137.57857,36.1975387],[137.5730576,36.2186548],[137.5830254,36.2203965],[137.5831971,36.2269101],[137.5896793,36.2286034],[137.6147394,36.264777],[137.6478206,36.2890517],[137.6468587,36.2964523],[137.6530568,36.3046746],[137.6488319,36.3091071],[137.6524339,36.3220093],[137.6456071,36.3412607]]}},{"type":"Feature","properties":{"areaCode1":"421","areaCode2":"430"},"geometry":{"type":"LineString","coordinates":[[137.55018,36.1125981],[137.5734275,36.0876826],[137.5968144,36.075841],[137.6139501,36.0763872],[137.6137233,36.0596169],[137.5978594,36.0424074],[137.5994941,36.0259361]]}},{"type":"Feature","properties":{"areaCode1":"422","areaCode2":"430"},"geometry":{"type":"LineString","coordinates":[[137.3245518,35.8120209],[137.3323212,35.8093348],[137.3367234,35.7986006],[137.3525426,35.8015334],[137.3602859,35.7959684]]}},{"type":"Feature","properties":{"areaCode1":"422","areaCode2":"430"},"geometry":{"type":"LineString","coordinates":[[137.3245518,35.8120209],[137.3333173,35.8419651],[137.361127,35.8462078],[137.3675853,35.860667],[137.36437,35.8788725],[137.3808162,35.8924222],[137.4348991,35.9054889],[137.4583298,35.8893945],[137.4765204,35.8941687],[137.4819321,35.9005279],[137.4842146,35.9161026],[137.5035561,35.9398878],[137.524519,35.9424636],[137.5325574,35.9616172],[137.5419827,35.9666281],[137.543458,35.9828708],[137.5757159,35.9954928],[137.5902959,36.0065411],[137.5994941,36.0259361]]}},{"type":"Feature","properties":{"areaCode1":"422","areaCode2":"431"},"geometry":{"type":"LineString","coordinates":[[137.3602859,35.7959684],[137.380961,35.8013129],[137.3917926,35.7985826],[137.3969585,35.7853515],[137.391131,35.7806751],[137.3932615,35.7777271],[137.4235432,35.7751574],[137.4344027,35.7710468],[137.4401793,35.7585533],[137.4526296,35.7634244],[137.4647521,35.7563716],[137.466558,35.7411688],[137.4852124,35.7247041],[137.4857193,35.7060283],[137.497634,35.6981389],[137.4971964,35.6884819],[137.5353739,35.6658051],[137.5454475,35.6510823],[137.5384436,35.6385503],[137.5265986,35.6342595],[137.5276913,35.6287053],[137.5226524,35.6194026],[137.5168263,35.6182812],[137.5138088,35.6080228],[137.5376032,35.5844515],[137.5505202,35.5877062],[137.5713035,35.5841609],[137.5641185,35.5686129],[137.5720613,35.5612484],[137.5739468,35.5447245],[137.6023811,35.5307231],[137.6078094,35.5332954],[137.6315875,35.5099139],[137.6244297,35.4938267],[137.6317502,35.470044],[137.6181757,35.4677693],[137.5930112,35.4470298],[137.6155376,35.4305945],[137.6214937,35.4123848],[137.6320459,35.4107037],[137.6349753,35.4013468],[137.6181136,35.3917232],[137.5906736,35.3936112],[137.5752278,35.4000087],[137.5773633,35.3904362],[137.5864153,35.3895573],[137.5985433,35.3790282],[137.6039146,35.3332343],[137.5905954,35.3305959],[137.5833679,35.3189957],[137.5714663,35.3183487],[137.5650704,35.3108257],[137.5569876,35.3098746],[137.5563845,35.2955373],[137.5619843,35.2893171]]}},{"type":"Feature","properties":{"areaCode1":"422","areaCode2":"442"},"geometry":{"type":"LineString","coordinates":[[138.0187749,35.301072],[138.0277108,35.3115634],[138.0261828,35.3204067],[138.0392067,35.3261409],[138.0383917,35.3336989],[138.0518298,35.336207],[138.0556654,35.3440417],[138.0703326,35.3474186],[138.0842314,35.3380045],[138.0959891,35.339642],[138.0969001,35.3542253],[138.1181184,35.3661954],[138.1416376,35.3700737],[138.15313,35.3972359],[138.1445026,35.4060392],[138.1347788,35.4078231],[138.139803,35.4226547],[138.1203531,35.4301],[138.1239626,35.4356608],[138.1197851,35.4533939],[138.1569131,35.4599808],[138.1583992,35.4868175],[138.164662,35.4937173],[138.1395194,35.5011781],[138.1463392,35.5185053],[138.1382936,35.522154],[138.1594359,35.544959],[138.1542139,35.5534804],[138.1413934,35.5550763],[138.1620504,35.5812949],[138.1708559,35.5824179],[138.184324,35.5730882],[138.1894906,35.5767809],[138.1953637,35.5946799],[138.2060734,35.608179],[138.2033715,35.6321157],[138.2186707,35.6445493]]}},{"type":"Feature","properties":{"areaCode1":"422","areaCode2":"443"},"geometry":{"type":"LineString","coordinates":[[137.8368043,35.2156763],[137.8381157,35.2124666]]}},{"type":"Feature","properties":{"areaCode1":"422","areaCode2":"443"},"geometry":{"type":"LineString","coordinates":[[137.8368043,35.2156763],[137.859194,35.2233174],[137.8735486,35.2194794],[137.8848917,35.2362496],[137.8840204,35.2499441],[137.8955098,35.2580057],[137.9184075,35.2542535],[137.9292526,35.2754702],[137.9440214,35.2762052],[137.9518903,35.2830815],[137.9669834,35.2828476],[137.9736587,35.2932407],[137.9823576,35.2923934],[137.9920932,35.301704],[138.0056771,35.3043951],[138.0187749,35.301072]]}},{"type":"Feature","properties":{"areaCode1":"422","areaCode2":"450"},"geometry":{"type":"LineString","coordinates":[[137.5786552,35.1984691],[137.5914838,35.1993391],[137.6148597,35.2104604],[137.6445789,35.2089913],[137.6447648,35.2137721],[137.6536895,35.2177432],[137.6539834,35.2267763],[137.6681435,35.2273491],[137.6815371,35.2352349],[137.6872235,35.230726],[137.704383,35.2339374],[137.711883,35.2288224],[137.72164,35.2308504],[137.723183,35.2216257],[137.7436714,35.2188024],[137.7595676,35.2221024],[137.7680967,35.2184052],[137.7660933,35.2099971],[137.7739497,35.2032507],[137.7953202,35.2040688],[137.8229638,35.2158802],[137.8381157,35.2124666]]}},{"type":"Feature","properties":{"areaCode1":"422","areaCode2":"451"},"geometry":{"type":"LineString","coordinates":[[137.5459967,35.2517857],[137.5476125,35.2589748],[137.5578959,35.2652301],[137.5557598,35.2745459],[137.5707523,35.2827271],[137.5669918,35.2899296],[137.5619843,35.2893171]]}},{"type":"Feature","properties":{"areaCode1":"422","areaCode2":"451"},"geometry":{"type":"LineString","coordinates":[[137.5459967,35.2517857],[137.5525581,35.2403482],[137.5787258,35.2194351],[137.5786552,35.1984691]]}},{"type":"Feature","properties":{"areaCode1":"430","areaCode2":""},"geometry":{"type":"LineString","coordinates":[[136.7656557,36.1076214],[136.7661956,36.1083327]]}},{"type":"Feature","properties":{"areaCode1":"430","areaCode2":""},"geometry":{"type":"LineString","coordinates":[[136.7862273,36.166123],[136.7866751,36.1663233]]}},{"type":"Feature","properties":{"areaCode1":"430","areaCode2":""},"geometry":{"type":"LineString","coordinates":[[136.7972845,36.1717944],[136.797882,36.1723547]]}},{"type":"Feature","properties":{"areaCode1":"430","areaCode2":"431"},"geometry":{"type":"LineString","coordinates":[[137.0911435,35.6314345],[137.0961899,35.6249429],[137.1315478,35.6199987],[137.1422425,35.6262332],[137.1428147,35.6319271],[137.1697119,35.6369821],[137.1795249,35.6504249],[137.1882405,35.6479513],[137.1903138,35.6537287],[137.1975655,35.6555709],[137.1931844,35.6679551],[137.2050147,35.6774784],[137.2187117,35.6817409],[137.2431853,35.6746736],[137.2495289,35.689507],[137.267665,35.698277],[137.2738502,35.6915914],[137.2846791,35.6912053],[137.3001992,35.6950959],[137.3050519,35.7033795],[137.3304684,35.7105751],[137.3303578,35.7366398],[137.3247917,35.7478384],[137.3602859,35.7959684]]}},{"type":"Feature","properties":{"areaCode1":"430","areaCode2":"432"},"geometry":{"type":"LineString","coordinates":[[136.7642568,36.0676824],[136.7681187,36.0577079],[136.7771937,36.0526804],[136.7959311,36.0510481],[136.8018508,36.0429887],[136.7971555,36.0315386],[136.8068993,36.0284619],[136.8149959,36.0119652],[136.8296125,36.0114582],[136.8378011,36.0014359],[136.8453964,36.0084482],[136.8819099,36.0181883],[136.8945344,36.027722],[136.9029635,36.0235998],[136.9066679,36.0130456],[136.9307058,36.0058559],[136.9372485,35.9889959],[136.9417329,35.9905048],[136.9446743,35.9834548],[136.9593796,35.978525],[136.971532,35.9568233],[136.9684697,35.9484916],[136.9719941,35.9245127],[136.9776749,35.9191961],[136.9838708,35.9177164],[136.9917069,35.9280135],[136.9982161,35.9287954],[136.9977,35.9391641],[137.0082094,35.951023],[137.01667,35.9525969],[137.0192395,35.9593738],[137.0393319,35.9536999],[137.0497545,35.9604747],[137.0689,35.9394839],[137.0652202,35.9329878],[137.0695938,35.9173351],[137.0839491,35.9076954],[137.0846132,35.8975115],[137.0925835,35.9028332],[137.0899005,35.9180437],[137.0936516,35.9281453],[137.100043,35.9272973],[137.1078754,35.9148315],[137.1225829,35.9099385],[137.1363112,35.884535],[137.1469476,35.8825403],[137.146997,35.8776614],[137.1640409,35.8622326],[137.1649267,35.8470371],[137.1352506,35.8499431],[137.1224434,35.8349324],[137.1287189,35.8195574],[137.1287733,35.7899884],[137.1327652,35.7866921],[137.1275238,35.7766845],[137.1315877,35.7691504],[137.131961,35.7410495],[137.1231571,35.7408423],[137.1240649,35.735957],[137.1115966,35.7350567],[137.0969682,35.7264175],[137.0736974,35.7255309],[137.0665688,35.7131287],[137.0676324,35.7015484],[137.0498846,35.6987439],[137.065496,35.6851061],[137.0790096,35.684403],[137.0824363,35.6772333],[137.1013272,35.6788307],[137.0962171,35.6576275],[137.0859052,35.6496786],[137.0956063,35.6405645],[137.0911435,35.6314345]]}},{"type":"Feature","properties":{"areaCode1":"431","areaCode2":"432"},"geometry":{"type":"LineString","coordinates":[[136.9471759,35.4997233],[136.9525576,35.4867158],[136.9639843,35.4840477],[136.953894,35.4734949],[136.9630143,35.4684188],[136.9628827,35.4625946],[136.9551516,35.4321951],[136.9485218,35.4294412],[136.9521463,35.426962],[136.9506987,35.4158729],[136.961117,35.4145821]]}},{"type":"Feature","properties":{"areaCode1":"431","areaCode2":"432"},"geometry":{"type":"LineString","coordinates":[[136.9471759,35.4997233],[136.9522537,35.5080239],[136.9923681,35.5081177],[136.9925206,35.5172233],[137.0004623,35.5173633],[137.0107532,35.5337657],[137.0288425,35.5395819],[137.0362612,35.5533885],[137.0440492,35.5496235],[137.0511972,35.5590066],[137.0707327,35.5699291],[137.0727683,35.5731404],[137.0638755,35.5754841],[137.0653678,35.5797029],[137.0529969,35.5934182],[137.0612424,35.6233245],[137.0710988,35.623607],[137.0861957,35.6332634],[137.0911435,35.6314345]]}},{"type":"Feature","properties":{"areaCode1":"431","areaCode2":"451"},"geometry":{"type":"LineString","coordinates":[[136.961117,35.4145821],[136.9656451,35.4214582],[136.9932156,35.4241958],[136.9863795,35.4199383],[136.9782647,35.4031761],[136.988963,35.4011644],[137.0022365,35.3813739],[137.0149063,35.3815801],[137.0200137,35.3757209],[137.0283379,35.3760646],[137.0339817,35.368046],[137.0469526,35.3661313],[137.0471849,35.336778],[137.0613574,35.3391222],[137.0682177,35.3356819],[137.0729788,35.3264569],[137.0635221,35.3181969],[137.0667696,35.3089716],[137.0818407,35.3051208],[137.0813107,35.2921908],[137.0960334,35.2905542],[137.1023337,35.3016475],[137.1317144,35.2936099],[137.1456012,35.2798261],[137.1652268,35.2834147],[137.1771093,35.2692417],[137.1728946,35.2649028],[137.1865006,35.25307],[137.2070096,35.2530614],[137.2122559,35.2599473],[137.2210126,35.2603717],[137.2239973,35.2562009],[137.2571971,35.2724131],[137.2626638,35.2852019],[137.2750866,35.2904919],[137.3080811,35.2911557],[137.3311744,35.2767632],[137.3446299,35.2737176],[137.3399502,35.2645451],[137.3440991,35.2578579],[137.3725516,35.2634198],[137.3831802,35.2602087],[137.387023,35.2408843],[137.4007444,35.2417551],[137.4084183,35.2348012],[137.417078,35.2403226],[137.4298144,35.2228812],[137.4533655,35.2405076],[137.4607358,35.2401826],[137.4764989,35.253364],[137.4969856,35.2591259],[137.4969856,35.2641706],[137.5048022,35.2629448],[137.5161414,35.2749826],[137.5206751,35.2734765],[137.5189353,35.2833273],[137.5437806,35.2805868],[137.5617618,35.2832059],[137.5619843,35.2893171]]}},{"type":"Feature","properties":{"areaCode1":"432","areaCode2":"451"},"geometry":{"type":"LineString","coordinates":[[136.6710333,35.1744943],[136.6724532,35.1892477],[136.6831327,35.1998302],[136.6784335,35.2429715],[136.7257333,35.2956144],[136.7681154,35.3669018],[136.7944557,35.3683346],[136.7928868,35.3634577],[136.8007537,35.3609335],[136.834039,35.3559446],[136.8649318,35.3726054],[136.9242006,35.3800512],[136.9609822,35.3990519],[136.961117,35.4145821]]}},{"type":"Feature","properties":{"areaCode1":"432","areaCode2":"451"},"geometry":{"type":"LineString","coordinates":[[136.6710333,35.1744943],[136.6727777,35.1347771]]}},{"type":"Feature","properties":{"areaCode1":"432","areaCode2":"460"},"geometry":{"type":"LineString","coordinates":[[136.4150699,35.2185141],[136.4309013,35.2294044],[136.4345394,35.2204483],[136.4422183,35.2170702],[136.4662541,35.2380535],[136.4702727,35.2326938],[136.4730308,35.2374321],[136.4811085,35.2349757],[136.4824469,35.2398055],[136.5059849,35.2350607],[136.516011,35.2538937],[136.5341749,35.257089],[136.536464,35.2475712],[136.5413926,35.2457493],[136.5408546,35.2374126],[136.5504449,35.2330551],[136.5473712,35.2203162],[136.5569879,35.2206259],[136.5598396,35.2065784],[136.5760557,35.2022523],[136.5774048,35.1967456],[136.5851893,35.1944595],[136.587719,35.1844634],[136.5926985,35.1865946],[136.5972404,35.1770909],[136.6023012,35.1780393],[136.6155521,35.1499285],[136.6237652,35.1458302],[136.6340713,35.1498327],[136.6452182,35.1445724],[136.6463816,35.1658132],[136.6554702,35.1613071],[136.6696299,35.1337291],[136.6727777,35.1347771]]}},{"type":"Feature","properties":{"areaCode1":"432","areaCode2":"460"},"geometry":{"type":"LineString","coordinates":[[136.4151305,35.2177436],[136.4150699,35.2185141]]}},{"type":"Feature","properties":{"areaCode1":"432","areaCode2":"500"},"geometry":{"type":"LineString","coordinates":[[136.2762171,35.6524781],[136.2807421,35.6586309]]}},{"type":"Feature","properties":{"areaCode1":"432","areaCode2":"500"},"geometry":{"type":"LineString","coordinates":[[136.2762171,35.6524781],[136.2825009,35.6454164],[136.2791642,35.6366856],[136.2887008,35.6204654],[136.2983981,35.6174765],[136.3157648,35.6234245],[136.3237115,35.6164442],[136.3149817,35.6059295],[136.32031,35.6015534],[136.3244494,35.5841801],[136.3162312,35.5569237],[136.3175034,35.5473974],[136.3224432,35.5443561],[136.3295641,35.5509177],[136.3373201,35.5502545],[136.3409279,35.5372834],[136.3459768,35.5361281],[136.3566621,35.5399145],[136.3626403,35.5587464],[136.3732898,35.5596169],[136.3825231,35.5351622],[136.3994026,35.5312718],[136.399057,35.5213427],[136.4053314,35.5147235],[136.3923296,35.5039619],[136.3867187,35.4888097],[136.3980054,35.4809286],[136.4016195,35.470017],[136.4205386,35.465962],[136.4262227,35.448401],[136.4118081,35.4185981],[136.4443513,35.3891846],[136.436484,35.3788229],[136.411974,35.3700649],[136.4105595,35.3525435],[136.4214231,35.3539168],[136.4223251,35.3483896],[136.4114272,35.3290141],[136.4122642,35.3155627],[136.4068478,35.3052644],[136.3910316,35.2899694],[136.3959608,35.2802294],[136.3935414,35.261913],[136.3969622,35.2577313],[136.3772666,35.2432675],[136.4151305,35.2177436]]}},{"type":"Feature","properties":{"areaCode1":"440","areaCode2":""},"geometry":{"type":"LineString","coordinates":[[138.7390981,34.7252256],[138.7474694,34.7280825],[138.7497164,34.736365],[138.7549647,34.7326508],[138.7554828,34.7393828],[138.761615,34.7392789],[138.7549869,34.7468939],[138.7764125,34.7562117],[138.7740503,34.7684258],[138.7633531,34.7701542],[138.7709511,34.7740928],[138.7653397,34.7760483],[138.7677633,34.7821206],[138.7525,34.8005431],[138.7625053,34.8023714],[138.7599161,34.8050117],[138.7658978,34.8079594],[138.7648397,34.8119011],[138.7557344,34.8118864],[138.7511622,34.8207006],[138.7605958,34.8295314],[138.7689869,34.8227436],[138.759803,34.8428647],[138.7724003,34.8471481],[138.775885,34.8535589],[138.7528627,34.868214],[138.758337,34.8709367],[138.756625,34.8855132],[138.7667683,34.8962106],[138.7735325,34.8951389],[138.7817075,34.9058438],[138.7897774,34.9080292],[138.7778496,34.9274362],[138.776025,34.9391829]]}},{"type":"Feature","properties":{"areaCode1":"440","areaCode2":""},"geometry":{"type":"LineString","coordinates":[[138.7390981,34.7252256],[138.7431553,34.7176492],[138.739493,34.7049733],[138.7435923,34.7002359],[138.7391214,34.6901173],[138.7425655,34.6872682],[138.7568908,34.6916311],[138.7773801,34.6755768],[138.7777948,34.6670854],[138.7903834,34.6686027],[138.7907789,34.6597521],[138.7840922,34.6624033],[138.7793816,34.6548859],[138.7731601,34.65551],[138.7714703,34.6488775],[138.776655,34.640039],[138.7898197,34.6385421],[138.7946968,34.6222117],[138.8099104,34.6280806],[138.8140099,34.6160776],[138.8209158,34.6119006],[138.8245864,34.6154138],[138.8256876,34.6058183],[138.8392309,34.6058724],[138.8434076,34.6008607],[138.846354,34.602053],[138.8423583,34.6087737],[138.8478145,34.6042421],[138.8490357,34.6134],[138.8598834,34.6123802],[138.8656571,34.6198291],[138.8722108,34.6175977],[138.8780059,34.6245919],[138.8859189,34.62289],[138.8862373,34.6271978],[138.8896788,34.6242488],[138.8911884,34.634878],[138.9077297,34.6312421],[138.9180357,34.6448053],[138.9183333,34.6526533],[138.941588,34.6621173],[138.9361512,34.6668621],[138.9457904,34.6650316],[138.9545416,34.6692093],[138.9482489,34.6738098],[138.9582277,34.676835],[138.964132,34.6728723],[138.9549087,34.6655363],[138.9582244,34.6647191],[138.9580422,34.6527713],[138.9655442,34.6526387],[138.9673627,34.6568952],[138.976931,34.652984],[138.9811876,34.6616408],[138.9874657,34.6581966],[138.9857784,34.6690942],[138.9780392,34.6676609],[138.9788435,34.6717071],[138.9727393,34.6742776],[138.9814239,34.6812593],[138.9733564,34.6909569],[138.9791231,34.7088778],[138.992829,34.7177828],[138.9885331,34.7232952],[138.9983308,34.7296542],[139.0011348,34.7361052],[138.9967541,34.7429791],[139.0063412,34.7526698],[139.0206116,34.7540328],[139.0276944,34.7672144],[139.0482703,34.7681614],[139.0471416,34.7737149],[139.0415499,34.7738728],[139.0582925,34.7848208],[139.0619767,34.80078],[139.0783336,34.8195232],[139.0768476,34.841446],[139.0828128,34.8537067],[139.0869989,34.8583111],[139.0980481,34.8575942],[139.1024964,34.8696422],[139.1301469,34.8776206],[139.1407631,34.8908831],[139.1317992,34.8984436],[139.1480781,34.9303672],[139.1432897,34.9407167],[139.1467567,34.9551567],[139.1328789,34.9520411],[139.1285142,34.9689086],[139.1040206,34.9738094],[139.1089658,34.9715728],[139.1056894,34.9697531],[139.0937675,34.9778878],[139.0957907,34.9863443],[139.0829325,35.0009636],[139.0862753,35.0078911],[139.1000497,35.00902],[139.1004814,35.0449147],[139.0935809,35.0499555],[139.0861322,35.0447504],[139.0741028,35.0467831],[139.0693748,35.0537277],[139.0796675,35.06932],[139.0742211,35.0786639],[139.0820397,35.0858517],[139.0815129,35.0942487],[139.0783139,35.0889283],[139.0747557,35.0917961],[139.0767967,35.0977281],[139.1092428,35.1302922],[139.1115967,35.1413669]]}},{"type":"Feature","properties":{"areaCode1":"440","areaCode2":"441"},"geometry":{"type":"LineString","coordinates":[[138.776025,34.9391829],[138.8160675,34.9487564],[138.8375133,34.9434331],[138.837025,34.9734403],[138.8759411,34.9889453],[138.8900444,35.0037903],[138.9077889,35.0079003],[138.9026817,35.0135519],[138.9118917,35.0248044],[138.9027842,35.0317578],[138.9117272,35.0373114],[138.9062319,35.0593872],[138.9219814,35.0705253],[138.9223344,35.0787419],[138.9354589,35.0850864],[138.9338883,35.0911153],[138.9454161,35.0898344],[138.9537564,35.1096553],[138.9786919,35.1371831],[138.9902947,35.1430672],[138.9906728,35.1507558],[138.9972583,35.1517183],[139.0138294,35.1823678]]}},{"type":"Feature","properties":{"areaCode1":"441","areaCode2":""},"geometry":{"type":"LineString","coordinates":[[138.6385373,35.1164915],[138.6980215,35.1344477],[138.6855961,35.1449667],[138.7005994,35.1429367],[138.6955841,35.1399942],[138.6998891,35.135332],[138.7384626,35.1341764],[138.7768577,35.1260048],[138.8139236,35.1138353],[138.8395675,35.0996612],[138.8511128,35.0865247],[138.8509207,35.079972],[138.8515318,35.0848348],[138.8572012,35.0838024],[138.8516763,35.0787201],[138.8742482,35.0687494],[138.8860368,35.0461808],[138.8917511,35.0516817],[138.9070973,35.0489507],[138.8974224,35.0438472],[138.8990482,35.0385407],[138.8921138,35.0320639],[138.898568,35.0238866],[138.8913738,35.0170181],[138.8850275,35.0190039],[138.8849464,35.0253715],[138.878553,35.0195264],[138.8776898,35.0278867],[138.8707475,35.0211714],[138.8449736,35.0141883],[138.8289798,35.0236169],[138.8109116,35.0191851],[138.7876353,35.0236172],[138.787209,35.0301487],[138.7782156,35.0131386],[138.7799017,35.0013206],[138.7688294,34.982535],[138.7755581,34.9792586],[138.7771997,34.9710209],[138.7643983,34.9723592],[138.7672497,34.9777131],[138.7621753,34.972035],[138.7658342,34.9522689],[138.776025,34.9391829]]}},{"type":"Feature","properties":{"areaCode1":"441","areaCode2":"442"},"geometry":{"type":"LineString","coordinates":[[138.5182806,35.1846039],[138.5224214,35.1991578]]}},{"type":"Feature","properties":{"areaCode1":"441","areaCode2":"442"},"geometry":{"type":"LineString","coordinates":[[138.5182806,35.1846039],[138.5259092,35.1758175],[138.5257017,35.166075],[138.5361286,35.1608156],[138.5385819,35.1516825],[138.5584769,35.1593144],[138.5638547,35.1511586],[138.5687803,35.1522681],[138.5807453,35.1436008],[138.5997894,35.143525],[138.6112394,35.1290122],[138.6299308,35.1336753],[138.6385373,35.1164915]]}},{"type":"Feature","properties":{"areaCode1":"442","areaCode2":""},"geometry":{"type":"LineString","coordinates":[[138.1930065,34.6471661],[138.1964014,34.6671142],[138.2171471,34.702502],[138.2139628,34.6991014],[138.2172928,34.7161686],[138.2403942,34.7371254],[138.2667753,34.7500755],[138.2651647,34.7541981],[138.2717714,34.7569673],[138.2675393,34.7490522],[138.305748,34.7774747],[138.2948501,34.7762547],[138.2886958,34.7812368],[138.2943066,34.7842374],[138.2953353,34.7792506],[138.3018703,34.7788103],[138.3376516,34.8283693],[138.3316587,34.8539515],[138.3297472,34.8463692],[138.3239581,34.8487021],[138.3292396,34.8485793],[138.3253594,34.8524938],[138.3293514,34.8680854],[138.3249805,34.8675946],[138.3243964,34.8725909],[138.3338204,34.8678697],[138.3312875,34.8739401],[138.3484714,34.8954385],[138.3558215,34.9137354],[138.3712393,34.9196235],[138.3672225,34.9244375],[138.371942,34.9206199],[138.3957243,34.9287252],[138.4146545,34.9427619],[138.4625705,34.9569726],[138.5074734,34.9775624],[138.5266516,34.9949409],[138.5333827,35.0138022],[138.5157889,35.020912],[138.5177192,35.0079523],[138.5127622,35.0150958],[138.5040527,35.0154129],[138.502596,35.0069668],[138.5067708,35.0034901],[138.5010951,35.002263],[138.5095741,34.9976348],[138.5047753,34.9938492],[138.509906,34.9972574],[138.5115324,34.9927593],[138.503735,34.9856771],[138.4959751,34.9925404],[138.5081556,34.9898674],[138.4974766,34.9962182],[138.4975492,35.0102051],[138.4934394,35.0108751],[138.4969163,35.0109256],[138.4956943,35.0167806],[138.490885,35.022339],[138.4972206,35.0173463],[138.4981733,35.0324377],[138.4929899,35.0299648],[138.4974922,35.0345118],[138.5024776,35.0313061],[138.5011045,35.0363902],[138.5057333,35.0312448],[138.5084543,35.0334713],[138.5045049,35.042058],[138.5084362,35.0444246],[138.5112579,35.0354127],[138.5110938,35.0432134],[138.5158137,35.0380284],[138.5236909,35.0426694],[138.5190625,35.0476614],[138.5400346,35.0639279],[138.5515319,35.0925575],[138.5588892,35.0989937],[138.5552845,35.0972071],[138.5561287,35.1010345],[138.5781906,35.1116108],[138.6385373,35.1164915]]}},{"type":"Feature","properties":{"areaCode1":"442","areaCode2":""},"geometry":{"type":"LineString","coordinates":[[138.1930065,34.6471661],[138.1958165,34.6349096],[138.2030249,34.6316575],[138.1989553,34.6311406],[138.2068806,34.6203482]]}},{"type":"Feature","properties":{"areaCode1":"442","areaCode2":"443"},"geometry":{"type":"LineString","coordinates":[[137.9984125,35.1557025],[138.0072461,35.1772883],[138.0159486,35.1897197],[138.0285881,35.1962708],[138.0274728,35.2016183],[138.0363639,35.2109497],[138.0329075,35.2207142],[138.0360656,35.2282478],[138.0123264,35.2417411],[138.0158358,35.2523967],[138.0130964,35.2588608],[138.0004614,35.2613736],[138.0143322,35.2736914],[138.0122353,35.2886779],[138.0187749,35.301072]]}},{"type":"Feature","properties":{"areaCode1":"442","areaCode2":"443"},"geometry":{"type":"LineString","coordinates":[[137.9984125,35.1557025],[138.0017147,35.1528969],[137.9993222,35.1461728],[138.0063692,35.1429286],[138.0113064,35.1278056],[138.0285969,35.1292056],[138.0587022,35.1051361],[138.0497911,35.0981542],[138.0445378,35.0876947],[138.0451714,35.07264],[138.03837,35.06729],[138.0473444,35.0390092],[138.0134636,35.0230639],[138.0257236,35.0173756],[138.0358344,34.9988767],[138.0114897,34.9811108],[138.016335,34.9479064],[138.0120622,34.9404428],[138.0367103,34.9316133],[138.0469331,34.9120678],[138.0577881,34.9067283],[138.0564742,34.8947886],[138.0454344,34.8813358],[138.0475964,34.8594308],[138.0701364,34.8572286],[138.0704314,34.8435914],[138.0934494,34.8393942],[138.0989622,34.8316942],[138.0963897,34.8256169],[138.1021581,34.818815],[138.1007325,34.8103836],[138.1085003,34.8122761],[138.1225553,34.7929425],[138.1300131,34.80059],[138.1289192,34.80736],[138.1336158,34.8068203],[138.1427433,34.7768317],[138.1319167,34.7507983],[138.1419017,34.7411978],[138.1399986,34.7259108],[138.1455747,34.7149769],[138.1454756,34.6977817],[138.163335,34.6908611],[138.1733919,34.6817278],[138.1703881,34.6736025],[138.1834669,34.6666331],[138.1826236,34.6582122],[138.1685172,34.6438014],[138.1698,34.6234175],[138.1852089,34.6253736],[138.1944747,34.6189656],[138.2068806,34.6203482]]}},{"type":"Feature","properties":{"areaCode1":"443","areaCode2":""},"geometry":{"type":"LineString","coordinates":[[137.4849639,34.6741051],[137.5820833,34.6798956],[137.5986831,34.6750551],[137.6723834,34.6707255],[137.7436057,34.6590531],[137.7772839,34.6475804],[137.800201,34.6462467],[137.8996205,34.6660385],[137.9075013,34.6599981],[137.8995515,34.6671785],[137.9106784,34.6670335],[137.9073269,34.6616345],[137.9248947,34.6680914],[137.9735707,34.6650495],[138.0856859,34.6405504],[138.1917887,34.600793],[138.2263584,34.5949888],[138.2329191,34.5992049],[138.2313569,34.6084448],[138.2221955,34.614542],[138.2250695,34.6071934],[138.2203753,34.6076599],[138.2172776,34.6097751],[138.2200836,34.6144479],[138.2068806,34.6203482]]}},{"type":"Feature","properties":{"areaCode1":"443","areaCode2":"450"},"geometry":{"type":"LineString","coordinates":[[137.4741069,34.7499406],[137.4767175,34.7747856],[137.4929422,34.7868661],[137.4942817,34.8022328],[137.4868533,34.8114069],[137.5012575,34.8226578],[137.4999917,34.8313364],[137.5297931,34.8435858],[137.5422736,34.8420492],[137.5515894,34.8518644],[137.5872517,34.8495758],[137.595265,34.8591883],[137.5974506,34.8724472],[137.6162528,34.8753408],[137.6412517,34.8930833],[137.6405258,34.9049733],[137.6463831,34.9084161],[137.6469511,34.9187619],[137.6531403,34.9265922],[137.6509983,34.9333564],[137.65928,34.9443575],[137.6692933,34.9483058],[137.6757467,34.9454169],[137.6895097,34.9567367],[137.6946317,34.9702578],[137.70701,34.9717853],[137.6998369,34.9843642],[137.7081231,34.9943806],[137.7012611,35.0017678],[137.7049194,35.0147561],[137.7164694,35.0273761],[137.7171683,35.0350839],[137.7287525,35.0403369],[137.7402761,35.0565125],[137.7755322,35.0776147],[137.7733614,35.0904953],[137.7782683,35.0996231],[137.7926444,35.0953658],[137.8011792,35.1059553],[137.7989519,35.12553],[137.7921903,35.1286053],[137.7928411,35.1347644],[137.8058617,35.1311244],[137.8149422,35.1405756],[137.8146508,35.1523831],[137.8218608,35.1480075],[137.8291294,35.1522614],[137.8212908,35.1584403],[137.8254719,35.1682003],[137.8175297,35.1749858],[137.8104419,35.1748139],[137.8032336,35.1835186],[137.8163763,35.1879947],[137.8219726,35.2037321],[137.8310632,35.2053005],[137.8277863,35.2113244],[137.8381157,35.2124666]]}},{"type":"Feature","properties":{"areaCode1":"443","areaCode2":"450"},"geometry":{"type":"LineString","coordinates":[[137.4741069,34.7499406],[137.49179,34.7024597],[137.4849639,34.6741051]]}},{"type":"Feature","properties":{"areaCode1":"450","areaCode2":""},"geometry":{"type":"LineString","coordinates":[[137.0151354,34.5804447],[137.0203066,34.5892717],[137.0209382,34.5838348],[137.0272563,34.5904981],[137.0337431,34.6089983],[137.0683209,34.6612301],[137.091381,34.6579163],[137.0850768,34.6471767],[137.1064296,34.6427234],[137.1025583,34.6328084],[137.1055327,34.6371251],[137.1192641,34.6343105],[137.1408137,34.6455716],[137.1268302,34.6549457],[137.1627298,34.6549481],[137.1874443,34.6699235],[137.1976755,34.6686907],[137.2071838,34.6782714],[137.2252276,34.6764582],[137.2326736,34.6889781],[137.243472,34.6888619],[137.2326692,34.6991444],[137.2454821,34.7093835],[137.260678,34.6958348],[137.2669055,34.7086154],[137.2584655,34.7156739],[137.284827,34.7309468],[137.3009297,34.7280718],[137.300884,34.693777],[137.2904608,34.6937294],[137.2870169,34.6795603],[137.2941427,34.6837507],[137.3073189,34.6797567],[137.3158288,34.6885128],[137.3083077,34.6914877],[137.3114555,34.6962658],[137.3229742,34.6943794],[137.3250644,34.7023554],[137.3117934,34.6983595],[137.3084837,34.7021097],[137.308343,34.7249848],[137.3281091,34.7274455],[137.3329235,34.7189797],[137.3429266,34.7273469],[137.3517555,34.7274639],[137.3473101,34.7320756],[137.338832,34.7285468],[137.3203142,34.7328344],[137.3205734,34.7702314],[137.3257524,34.7709997],[137.3310396,34.7805119],[137.3256011,34.7855257],[137.3085714,34.7787699],[137.3033266,34.7929848],[137.3166667,34.7976636],[137.3011293,34.8101751],[137.2871435,34.8125262],[137.2947467,34.8103316],[137.2925914,34.8044727],[137.2807009,34.8044553],[137.2808488,34.8100493],[137.2754623,34.8098607],[137.2809622,34.8036701],[137.2745748,34.8058373],[137.2705522,34.8036409],[137.2730661,34.8015779],[137.2681441,34.8090474],[137.2668438,34.8035895],[137.2514018,34.8052649],[137.246464,34.8142404],[137.2426636,34.8148946],[137.2439116,34.8099678],[137.2160721,34.8231857],[137.223572,34.815553],[137.2144544,34.8158833],[137.2191294,34.812497],[137.2137446,34.8031094],[137.198568,34.8110736],[137.1983791,34.8068775],[137.1934393,34.8088486],[137.1935713,34.7982357],[137.1857744,34.791921],[137.1906151,34.7928429],[137.1866033,34.7877147],[137.1912766,34.7889192],[137.1869365,34.7823279],[137.1900353,34.7771328],[137.1779426,34.7656657],[137.1684401,34.7672768],[137.1674571,34.7719943],[137.1737319,34.7703141],[137.1782921,34.778511],[137.1683944,34.7876233]]}},{"type":"Feature","properties":{"areaCode1":"450","areaCode2":""},"geometry":{"type":"LineString","coordinates":[[137.0151354,34.5804447],[137.0383177,34.5782925],[137.0961387,34.5909462],[137.1172641,34.5871423],[137.142914,34.5900258],[137.1871292,34.6023693],[137.1866941,34.6087103],[137.1891947,34.6006073],[137.2071174,34.6106617],[137.3082228,34.6395815],[137.4849639,34.6741051]]}},{"type":"Feature","properties":{"areaCode1":"450","areaCode2":"451"},"geometry":{"type":"LineString","coordinates":[[137.1636942,34.8149583],[137.1710639,34.81195],[137.1683944,34.7876233]]}},{"type":"Feature","properties":{"areaCode1":"450","areaCode2":"451"},"geometry":{"type":"LineString","coordinates":[[137.1636942,34.8149583],[137.1784886,34.8262286],[137.1878106,34.8188772],[137.1906097,34.8246975],[137.1995997,34.8251708],[137.1916603,34.8330081],[137.1979956,34.8414989],[137.1928975,34.8484811],[137.2056042,34.8564722],[137.2075669,34.8653939],[137.2249714,34.8702625],[137.2314414,34.8647353],[137.2386814,34.8667917],[137.2554275,34.8604319],[137.2561844,34.8693961],[137.2684078,34.8853114],[137.283155,34.8807753],[137.2968425,34.8862875],[137.3034736,34.8777397],[137.3500256,34.8982817],[137.3609456,34.8857675],[137.3755225,34.8937319],[137.3911069,34.8840883],[137.3980333,34.8849564],[137.4045044,34.8940444],[137.4032439,34.9025825],[137.4202067,34.9094697],[137.4212522,34.9147331],[137.411165,34.9276572],[137.4106619,34.9465811],[137.4020344,34.9481461],[137.4079928,34.9583903],[137.3905383,34.9653025],[137.4055594,34.9787875],[137.3889808,34.9836028],[137.3885392,34.9896686],[137.3834792,34.98968],[137.3935075,34.9948611],[137.3983078,35.0084119],[137.4093686,35.0129708],[137.426185,35.0084414],[137.4258081,35.0235656],[137.43547,35.0301514],[137.4297753,35.0386694],[137.4292619,35.05212],[137.4452881,35.0635392],[137.4463467,35.0719353],[137.4427689,35.0811664],[137.4334486,35.0871739],[137.4292642,35.1039183],[137.4446975,35.1117422],[137.4484381,35.1255261],[137.4437269,35.1360847],[137.45733,35.1334492],[137.4735969,35.1461511],[137.4747764,35.1501581],[137.4619922,35.1600747],[137.4831803,35.1795325],[137.4821556,35.1852328],[137.4906008,35.1955892],[137.5028469,35.1971969],[137.4999689,35.1847319],[137.5126044,35.1852517],[137.518035,35.1779289],[137.5397989,35.1918094],[137.5469192,35.1869508],[137.5751976,35.1855497],[137.5811152,35.1902399],[137.5786552,35.1984691]]}},{"type":"Feature","properties":{"areaCode1":"451","areaCode2":""},"geometry":{"type":"LineString","coordinates":[[136.770624,35.0214379],[136.7857902,35.0195642],[136.7969297,35.0124564],[136.7938807,35.0144625],[136.7967667,35.0221197],[136.7807466,35.0335112],[136.786139,35.0356695],[136.8004626,35.0290126],[136.7969333,35.0514908],[136.8300826,35.0502498],[136.833607,35.0639285],[136.8236002,35.0682516],[136.8235862,35.0633543],[136.8186644,35.0645566],[136.8198005,35.0720751],[136.8236359,35.0722752],[136.8214013,35.0777386],[136.8275424,35.0824527],[136.8473369,35.083054],[136.8498457,35.0785168],[136.8425968,35.0592782],[136.8554796,35.0565876],[136.8599318,35.0683217],[136.8550773,35.0692587],[136.855089,35.0775802],[136.8626016,35.0697953],[136.8610172,35.0748563],[136.8675538,35.0789913],[136.8685367,35.0882067],[136.8792398,35.09175],[136.8848171,35.0887583],[136.8882138,35.0936619],[136.8920153,35.0925171],[136.890138,35.0862164],[136.8966005,35.0849837],[136.8902164,35.0824734],[136.8901411,35.0777644],[136.896083,35.0764903],[136.8832756,35.070423],[136.8863771,35.0658145],[136.8792194,35.0473949],[136.8892633,35.0422535],[136.8690934,35.0416537],[136.8520057,35.0163996],[136.8705828,35.0126202],[136.8696791,35.0081852],[136.8671351,35.00473],[136.8659267,35.0088733],[136.8494382,35.0109237],[136.8438393,35.0047367],[136.8545645,35.0026281],[136.8462379,34.9989675],[136.8377391,34.9867033],[136.8254578,34.9939731],[136.8368306,34.986492],[136.8339099,34.9822897],[136.8386743,34.9800516],[136.8361204,34.9763753],[136.8310884,34.978731],[136.8201334,34.9664366],[136.828892,34.9613709],[136.8205447,34.9074551],[136.8268911,34.8930718],[136.820766,34.8863337],[136.8296275,34.8728343],[136.8298566,34.8764867],[136.8327702,34.8744475],[136.8304194,34.8718646],[136.8379299,34.8843864],[136.841079,34.8778339],[136.8372186,34.8758698],[136.8552185,34.8655172],[136.8584413,34.8530538],[136.8556567,34.8543212],[136.8665392,34.839131],[136.8580877,34.7990997],[136.8402843,34.7639037],[136.8590999,34.738468],[136.8665692,34.7371176],[136.8713677,34.7302954],[136.9298437,34.7030779],[136.9366426,34.7039869],[136.9331611,34.7044045],[136.9356606,34.7081965],[136.9435108,34.7003711],[136.9645769,34.7011817],[136.9722085,34.6947195],[136.9748724,34.6977308],[136.9707349,34.6994508],[136.9778121,34.7017576],[136.9676869,34.7097889],[136.9728916,34.7174012],[136.9620728,34.7204705],[136.9700538,34.7248276],[136.9665905,34.7320684],[136.9500344,34.7388058],[136.9145001,34.7730443],[136.9214566,34.7932821],[136.9200638,34.8111452],[136.9253655,34.8139888],[136.926271,34.821175],[136.9380467,34.8208732],[136.9260813,34.821227],[136.9268719,34.8276252],[136.922072,34.8277161],[136.9229856,34.8319329],[136.9353958,34.8300431],[136.9262224,34.8514629],[136.9295731,34.8522902],[136.9298526,34.846859],[136.9348954,34.8484905],[136.9366024,34.8560993],[136.9280658,34.8585743],[136.9277031,34.8649472],[136.9397219,34.8614433],[136.9460131,34.8741627],[136.9342439,34.8746106],[136.9441608,34.8808886],[136.9578344,34.876133],[136.9587642,34.8710804],[136.9641931,34.8765211],[136.9571781,34.8811101],[136.9717013,34.9085076],[136.9683451,34.9146625],[136.973247,34.917426],[136.9775224,34.9418606],[136.9746079,34.9443598],[136.9779619,34.9435962],[136.9810358,34.9568499],[136.986386,34.9519808],[136.9795299,34.9358348],[136.9821491,34.9293897],[136.9768856,34.8977582],[136.9838343,34.893261],[136.9767988,34.8933037],[136.9706067,34.8774783],[136.9758843,34.8742119],[136.9680824,34.874897],[136.9552896,34.8548406],[136.9642133,34.8502633],[136.9542177,34.8483321],[136.9567435,34.83329],[136.9643935,34.8227756],[137.0015211,34.813199],[136.9967184,34.8143454],[137.0004849,34.8042133],[137.0202889,34.7894517],[137.0142191,34.7874922],[137.0328422,34.7760249],[137.0298944,34.7749684],[137.0762624,34.7870575],[137.088336,34.7750846],[137.1055714,34.7842366],[137.1028598,34.7867856],[137.1078285,34.7871337],[137.1067673,34.7912509],[137.1300175,34.7819254],[137.1361304,34.7890514],[137.1455411,34.7885077],[137.1525369,34.7813203],[137.1683944,34.7876233]]}},{"type":"Feature","properties":{"areaCode1":"451","areaCode2":""},"geometry":{"type":"LineString","coordinates":[[136.7984292,34.8757817],[136.8069655,34.8401897],[136.8141844,34.8401626],[136.812648,34.846749],[136.8244696,34.8487437],[136.8234726,34.8591731],[136.8190288,34.8612334],[136.8222011,34.8630711],[136.8114249,34.8748983],[136.7984292,34.8757817]]}},{"type":"Feature","properties":{"areaCode1":"451","areaCode2":""},"geometry":{"type":"LineString","coordinates":[[136.8002247,35.0036111],[136.8119922,34.9960272],[136.8154069,35.0004073],[136.8197576,34.997594],[136.8154486,35.0004655],[136.8216825,35.0080358],[136.8216764,35.0176353],[136.80171,35.0094637],[136.8002247,35.0036111]]}},{"type":"Feature","properties":{"areaCode1":"451","areaCode2":""},"geometry":{"type":"LineString","coordinates":[[136.8078443,35.0485095],[136.8123558,35.0256707],[136.8389713,35.0301967],[136.8309026,35.049372],[136.8078443,35.0485095]]}},{"type":"Feature","properties":{"areaCode1":"451","areaCode2":""},"geometry":{"type":"LineString","coordinates":[[136.8652538,35.0500065],[136.8694576,35.0680621],[136.8813124,35.0715614],[136.8764459,35.0536618],[136.8652538,35.0500065]]}},{"type":"Feature","properties":{"areaCode1":"451","areaCode2":"460"},"geometry":{"type":"LineString","coordinates":[[136.6727777,35.1347771],[136.6763933,35.1288672],[136.6950661,35.1247016],[136.7140717,35.1051669],[136.7312753,35.0972811],[136.7501392,35.0802481],[136.7534011,35.0530156],[136.7727075,35.02439],[136.770624,35.0214379]]}},{"type":"Feature","properties":{"areaCode1":"460","areaCode2":""},"geometry":{"type":"LineString","coordinates":[[136.5703987,34.8045358],[136.6184933,34.8549874],[136.6109401,34.8542059],[136.6172104,34.8550987],[136.6368014,34.8856944],[136.6328565,34.8838503],[136.6370471,34.8950536],[136.6469634,34.9034985],[136.6455538,34.9342424],[136.6668702,34.9370009],[136.6633326,34.9454654],[136.6484736,34.9468358],[136.6411106,34.9387464],[136.6338388,34.9489083],[136.6448689,34.9539699],[136.6379168,34.953149],[136.6378004,34.9596381],[136.6461425,34.9590883],[136.6508553,34.9740245],[136.6459892,34.9765223],[136.6560604,34.998286],[136.6759332,35.0092984],[136.682355,35.0098307],[136.6861992,35.0040322],[136.7000047,35.0072121],[136.6976801,35.0203392],[136.729986,35.0256117],[136.7495027,35.0365192],[136.7633208,35.0212182],[136.770624,35.0214379]]}},{"type":"Feature","properties":{"areaCode1":"460","areaCode2":""},"geometry":{"type":"LineString","coordinates":[[136.6501253,34.9773489],[136.652366,34.9929623],[136.6752986,35.0020327],[136.6721995,34.9965501],[136.6612856,34.9934733],[136.6775787,34.9870195],[136.6656214,34.9729398],[136.6501253,34.9773489]]}},{"type":"Feature","properties":{"areaCode1":"460","areaCode2":"461"},"geometry":{"type":"LineString","coordinates":[[136.2669744,34.8183119],[136.2774281,34.810615],[136.2937158,34.812935],[136.3122408,34.8068483],[136.3139878,34.8126489],[136.32228,34.8122589],[136.3265481,34.8221467],[136.3340644,34.8181492],[136.3647767,34.8229183],[136.3734828,34.8199381],[136.3889003,34.8358061],[136.4028128,34.8373653],[136.4076103,34.8433531],[136.4188033,34.8399594],[136.4221967,34.8445033],[136.4346558,34.8398642],[136.4358753,34.8223014],[136.4502331,34.8109383],[136.4614539,34.8154444],[136.4667644,34.8079406],[136.4714553,34.8121964],[136.4787497,34.8084281],[136.4772147,34.8027164],[136.4823539,34.8075189],[136.4913331,34.7988083],[136.4999289,34.8060375],[136.5114975,34.8055775],[136.51265,34.8118072],[136.5154783,34.8079797],[136.5246367,34.8132039],[136.5291747,34.8079603],[136.5413786,34.8077178],[136.5517725,34.8144753],[136.5703987,34.8045358]]}},{"type":"Feature","properties":{"areaCode1":"460","areaCode2":"461"},"geometry":{"type":"LineString","coordinates":[[136.2669744,34.8183119],[136.2773328,34.8214656],[136.2784603,34.8349261],[136.2898822,34.8409131],[136.28436,34.8556653],[136.2777103,34.8594636],[136.2837217,34.8702922]]}},{"type":"Feature","properties":{"areaCode1":"460","areaCode2":"500"},"geometry":{"type":"LineString","coordinates":[[136.4086533,35.1871828],[136.4180025,35.2037777],[136.4151305,35.2177436]]}},{"type":"Feature","properties":{"areaCode1":"460","areaCode2":"501"},"geometry":{"type":"LineString","coordinates":[[136.2837217,34.8702922],[136.3050194,34.8751822],[136.3190567,34.8895664],[136.3461333,34.8947067],[136.3660342,34.9048989],[136.3678122,34.9219008],[136.3752397,34.9245094],[136.3716914,34.9275958],[136.3726897,34.9422575],[136.3856708,34.9526486],[136.3951128,34.9516356],[136.4031461,34.9691525],[136.4158008,34.9805292],[136.4134675,34.9953764],[136.4213644,35.0000564],[136.4170969,35.0195178],[136.4244689,35.0294036],[136.4179386,35.0306592],[136.4177689,35.0494681],[136.4415564,35.0663042],[136.4352667,35.0824872],[136.4421089,35.0859739],[136.4380719,35.0916719],[136.4419108,35.1014397],[136.4399658,35.1166322],[136.4480547,35.1237189],[136.4355847,35.1307781],[136.4429478,35.1390572],[136.4442992,35.1492444],[136.4550383,35.1524806],[136.4524772,35.1659092],[136.4453347,35.1661828],[136.4446461,35.1711419],[136.4244608,35.1845103],[136.4086533,35.1871828]]}},{"type":"Feature","properties":{"areaCode1":"461","areaCode2":""},"geometry":{"type":"LineString","coordinates":[[136.5210264,34.6945345],[136.5241612,34.7091729],[136.5290052,34.7091808],[136.5240118,34.709422],[136.5274191,34.7102681],[136.5243308,34.7134119],[136.5312992,34.7467524],[136.5419519,34.7628679],[136.5387132,34.7640944],[136.5703987,34.8045358]]}},{"type":"Feature","properties":{"areaCode1":"461","areaCode2":""},"geometry":{"type":"LineString","coordinates":[[136.5210264,34.6945345],[136.5252824,34.6826516],[136.5298663,34.6841782],[136.5366148,34.6773027],[136.5414052,34.6832274],[136.546849,34.6802134],[136.5423554,34.6746691],[136.5493278,34.6708162],[136.5535917,34.6760488],[136.5507151,34.6806096],[136.5576576,34.6713843],[136.5484594,34.6662643],[136.5490935,34.6307545],[136.5447789,34.6215539],[136.5393737,34.6236103],[136.537557,34.6161491],[136.5315172,34.6161483],[136.5293557,34.6083336],[136.5416077,34.6110119],[136.5408591,34.6069831],[136.5425465,34.6105933],[136.5487653,34.6069305],[136.5544805,34.6148713],[136.5586866,34.6156141],[136.5549853,34.6122514],[136.5601276,34.6103822],[136.5613586,34.6165303],[136.5649149,34.6076789],[136.5733566,34.6099238],[136.5880869,34.6024379],[136.6303241,34.5979546],[136.6301531,34.5939581],[136.6478749,34.5889147],[136.660448,34.5663043]]}},{"type":"Feature","properties":{"areaCode1":"461","areaCode2":"462"},"geometry":{"type":"LineString","coordinates":[[136.1295053,34.3161744],[136.1582792,34.3134525],[136.1661411,34.3241978],[136.188435,34.3245922],[136.18624,34.340045],[136.1952486,34.3455831],[136.2529231,34.3550836],[136.2593894,34.3648169],[136.2711514,34.3685783],[136.2565692,34.3850341],[136.2730092,34.4067569],[136.3235067,34.4037453],[136.3295625,34.4076906],[136.3425281,34.4043561],[136.3595956,34.4076092],[136.3772164,34.4027797],[136.39844,34.4160447],[136.4189692,34.4192886],[136.4331106,34.4154472],[136.4526775,34.4204125],[136.4665908,34.4278011],[136.4645625,34.4329169],[136.4688822,34.4357233],[136.4986978,34.4392656],[136.4950783,34.4447994],[136.5073142,34.4488006],[136.5062786,34.4546078],[136.5110333,34.4517222],[136.5478397,34.4596597],[136.5502892,34.449645],[136.5788483,34.4516497],[136.5839642,34.4667017],[136.5791656,34.4805389],[136.5876686,34.4917064],[136.6022614,34.4991614],[136.6000639,34.5057719],[136.6129483,34.5075869],[136.6138319,34.5176258],[136.6442214,34.5192536],[136.6479339,34.5159339],[136.650528,34.5242251],[136.6513383,34.5185433],[136.6545242,34.5237025],[136.6612917,34.5210033],[136.6605022,34.5285136],[136.6454167,34.5363075],[136.6471516,34.5456087],[136.6586389,34.551605],[136.6558603,34.5567642],[136.660448,34.5663043]]}},{"type":"Feature","properties":{"areaCode1":"461","areaCode2":"501"},"geometry":{"type":"LineString","coordinates":[[136.0222889,34.7915553],[136.0387786,34.7940383],[136.0573339,34.8037408],[136.0625489,34.79976],[136.0906156,34.8122267],[136.0951869,34.8191042],[136.0860525,34.8375978],[136.1044725,34.8405814],[136.1070744,34.8525639],[136.1264106,34.8618519],[136.1239883,34.8724869],[136.1031667,34.8696939],[136.0856208,34.8772464],[136.0896003,34.8825],[136.0853461,34.8868619],[136.087475,34.8906219],[136.0980403,34.8892556],[136.1108478,34.9018558],[136.1150275,34.893145],[136.1312158,34.883105],[136.1368192,34.8883886],[136.1479333,34.8818656],[136.1785461,34.8871175],[136.1787425,34.8798156],[136.1884569,34.8777753],[136.1904736,34.8730847],[136.2275431,34.8610181],[136.2537667,34.8581539],[136.2771153,34.8742136],[136.2837217,34.8702922]]}},{"type":"Feature","properties":{"areaCode1":"461","areaCode2":"511"},"geometry":{"type":"LineString","coordinates":[[136.0199486,34.7864875],[136.0222889,34.7915553]]}},{"type":"Feature","properties":{"areaCode1":"461","areaCode2":"511"},"geometry":{"type":"LineString","coordinates":[[136.0199486,34.7864875],[136.0335775,34.7794394],[136.0286,34.7574569],[136.0381392,34.7564514],[136.0391028,34.7495233],[136.0554764,34.7385556]]}},{"type":"Feature","properties":{"areaCode1":"461","areaCode2":"540"},"geometry":{"type":"LineString","coordinates":[[136.03954,34.6612597],[136.0644089,34.6519261],[136.0777808,34.6587606],[136.0864594,34.6752564],[136.0749328,34.6978644],[136.0537064,34.7044883],[136.0710792,34.7147536],[136.0554764,34.7385556]]}},{"type":"Feature","properties":{"areaCode1":"461","areaCode2":"540"},"geometry":{"type":"LineString","coordinates":[[136.03954,34.6612597],[136.0504744,34.6522964],[136.0648464,34.6515644],[136.0733167,34.6360708],[136.0688583,34.6223036],[136.0465683,34.6005575],[136.0521414,34.5930583],[136.0465228,34.5852167],[136.0587158,34.5776553],[136.0603114,34.5694178],[136.0918,34.5568444],[136.1101497,34.5567136],[136.1142781,34.5458933],[136.1237331,34.5480989],[136.1380597,34.5609567],[136.1503558,34.5552044],[136.1554986,34.5597306],[136.1597739,34.5467117],[136.1710003,34.53745],[136.1675217,34.5199814],[136.1821167,34.5167511],[136.1897847,34.5239572],[136.2152069,34.5289553],[136.2197758,34.5158856],[136.2146672,34.5013119],[136.2297767,34.4932892],[136.2155597,34.4811531],[136.2062478,34.4486775],[136.1885219,34.450605],[136.1775097,34.4454347],[136.1584272,34.4490783],[136.1514367,34.4418533],[136.1296694,34.4455047],[136.1182939,34.4428831],[136.1112553,34.4357042],[136.0958981,34.4352217],[136.0886539,34.4286333],[136.090265,34.4160425],[136.0779983,34.4078525],[136.0691408,34.3942569],[136.0695931,34.3889017],[136.0820272,34.3835917],[136.0893606,34.3743444],[136.1021047,34.3363617],[136.1092308,34.3291069],[136.1215544,34.3261856],[136.1295053,34.3161744]]}},{"type":"Feature","properties":{"areaCode1":"462","areaCode2":""},"geometry":{"type":"LineString","coordinates":[[136.01189,33.7233007],[136.0229002,33.7354981],[136.0140701,33.7344682],[136.0230035,33.7380249],[136.0247626,33.7570288],[136.0459279,33.8056167],[136.0767538,33.857671],[136.0977292,33.8822663],[136.1075509,33.8905874],[136.1166573,33.8902802],[136.1190108,33.8993109],[136.1253616,33.896927],[136.1304733,33.8850668],[136.1387669,33.891587],[136.1341363,33.8990422],[136.1492809,33.8973217],[136.1508005,33.9001876],[136.1387132,33.9085378],[136.1520527,33.9125766],[136.1511543,33.918845],[136.154969,33.9200604],[136.1474007,33.9261408],[136.1503902,33.9313797],[136.1724009,33.9260453],[136.1663602,33.924621],[136.1697645,33.9133534],[136.1798155,33.9128147],[136.1853557,33.9181895],[136.1991788,33.9202016],[136.1942096,33.9254001],[136.1975445,33.935335],[136.1893443,33.9338785],[136.1820992,33.9396203],[136.20094,33.9448619],[136.2132141,33.9386555],[136.2076536,33.9357678],[136.213037,33.9309751],[136.2138178,33.935407],[136.2188417,33.9354308],[136.2147136,33.9376187],[136.2199383,33.9412392],[136.2173537,33.9475843],[136.231738,33.9462318],[136.2248789,33.9668277],[136.2165094,33.9653718],[136.2216238,33.9745271],[136.2027157,33.963174],[136.1917231,33.9710864],[136.2028661,33.9713776],[136.2154956,33.983301],[136.2107185,33.9995738],[136.2182647,33.9998608],[136.2267817,33.988734],[136.2515551,33.9851894],[136.2525973,33.9804893],[136.2362439,33.9816374],[136.2377165,33.9692713],[136.2490335,33.9726829],[136.253482,33.9643199],[136.2721507,33.9725558],[136.2695355,33.9823465],[136.2730739,33.9879079],[136.2602105,33.9884319],[136.2569238,33.9978568],[136.2657549,33.9933689],[136.26688,34.0014925],[136.2728818,34.0048155],[136.2568178,34.0051198],[136.2508653,34.0131643],[136.2420355,34.0147833],[136.2504648,34.0172147],[136.2634446,34.0106226],[136.2826703,34.0191919],[136.2816755,34.0223469],[136.2443626,34.0384483],[136.243089,34.0595137],[136.2526655,34.0617558],[136.2440439,34.0668513],[136.241839,34.0635699],[136.2108746,34.0630643],[136.2008408,34.0760001],[136.2067249,34.0773357],[136.2062089,34.0727667],[136.2081339,34.0776241],[136.2356473,34.0859301],[136.2282119,34.1005423],[136.2439827,34.1052262],[136.2411095,34.1081165],[136.2527084,34.1118644],[136.2682059,34.1291166],[136.2757327,34.1216183],[136.2699915,34.1217001],[136.2667011,34.1126936],[136.2480727,34.102957],[136.249563,34.0942253],[136.2572114,34.0875028],[136.259327,34.0988944],[136.2736316,34.1022267],[136.2647536,34.0975509],[136.2728031,34.0842663],[136.2670257,34.0816068],[136.2797599,34.0858002],[136.2801216,34.0942995],[136.2901319,34.0969713],[136.2943618,34.0951018],[136.2913112,34.0885377],[136.2978881,34.0868236],[136.3077675,34.1133874],[136.3156834,34.1155002],[136.2983197,34.1184845],[136.2957109,34.1121144],[136.2840098,34.1180811],[136.2833141,34.1226481],[136.2928267,34.1271026],[136.2888902,34.1326955],[136.2865185,34.1284758],[136.2809092,34.130086],[136.2770055,34.1364211],[136.2864242,34.1497494],[136.2792083,34.1528724],[136.2776131,34.1607378],[136.2829283,34.163198],[136.2888098,34.1568765],[136.2897966,34.1648638],[136.29937,34.1675278],[136.2956016,34.1711073],[136.3038019,34.1801393],[136.3191977,34.1801161],[136.3214054,34.1861901],[136.3311047,34.1804176],[136.3361351,34.1825362],[136.3323209,34.1883688],[136.3412363,34.1999871],[136.3302999,34.1932172],[136.3293511,34.1970265],[136.3218765,34.1962223],[136.3368472,34.1979176],[136.3389702,34.2046737],[136.3529054,34.2121596],[136.3601292,34.2078096],[136.3487511,34.2045114],[136.3495391,34.1945962],[136.3581369,34.1990683],[136.3640877,34.1892149],[136.3872816,34.209137],[136.3837597,34.2159764],[136.3907191,34.2192591],[136.3933217,34.2158099],[136.4001601,34.2189768],[136.4019527,34.2137956],[136.3972523,34.2171514],[136.3907852,34.2124392],[136.3984715,34.2028015],[136.4128877,34.2079051],[136.4163063,34.2136368],[136.4289571,34.2138724],[136.4296844,34.2197215],[136.4526271,34.2196416],[136.4602085,34.2245926],[136.4522497,34.2282892],[136.4553635,34.2427414],[136.4398978,34.2473965],[136.4491439,34.249654],[136.4563405,34.2458175],[136.4661538,34.2570843],[136.4698266,34.2566604],[136.4665477,34.251256],[136.4737,34.2485699],[136.4599094,34.2446136],[136.4601232,34.2381192],[136.4642574,34.2311458],[136.4832564,34.2277141],[136.4811296,34.2198736],[136.4979712,34.2256616],[136.4993631,34.2312609],[136.5082211,34.2292624],[136.5063994,34.2372688],[136.4940219,34.2386787],[136.4893028,34.2343315],[136.4888819,34.2414614],[136.4847102,34.2395573],[136.4882586,34.2460738],[136.491763,34.2422724],[136.5048304,34.2431118],[136.4999028,34.2522339],[136.4931375,34.2502742],[136.4898636,34.2542716],[136.5007717,34.2593387],[136.498099,34.2547726],[136.5097627,34.2486142],[136.5099669,34.2424327],[136.5192351,34.2407213],[136.5083606,34.2523459],[136.5070065,34.2738646],[136.5010304,34.2771242],[136.5059515,34.2791029],[136.5139851,34.278333],[136.5114221,34.271262],[136.5226773,34.2666483],[136.522391,34.274057],[136.5307414,34.2731695],[136.5268067,34.2599522],[136.5411469,34.2784474],[136.5427984,34.2659559],[136.5373498,34.2564124],[136.5482274,34.2498654],[136.5481999,34.2594666],[136.5539657,34.2589554],[136.558526,34.2673822],[136.5492488,34.2829211],[136.5599478,34.2752877],[136.5587518,34.2852602],[136.5812433,34.2879028],[136.5820584,34.2938761],[136.5893632,34.2886923],[136.5912915,34.2953644],[136.5971418,34.2909147],[136.5918042,34.2871551],[136.5985959,34.2851732],[136.592777,34.2834484],[136.595656,34.2813859],[136.5924389,34.2790852],[136.5888798,34.286452],[136.5801451,34.2791112],[136.5810258,34.2859053],[136.5711737,34.2756279],[136.5783419,34.2783879],[136.5903235,34.2716423],[136.5888031,34.2665856],[136.5795732,34.2751843],[136.5784319,34.2691627],[136.58592,34.2573364],[136.6051071,34.2584855],[136.6182205,34.2731628],[136.6358821,34.2763102],[136.6362784,34.2851958],[136.6601704,34.2889671],[136.6501104,34.2924343],[136.6549159,34.2930369],[136.6569267,34.2998759],[136.6643863,34.2998071],[136.664684,34.3061395],[136.6770669,34.3166833],[136.6713557,34.312349],[136.6716672,34.316802],[136.6640203,34.3176051],[136.6674869,34.3124531],[136.6600841,34.3091461],[136.6553206,34.3103716],[136.6609594,34.3140687],[136.6531999,34.3165577],[136.6479328,34.3105577],[136.6368789,34.3088126],[136.637663,34.3127557],[136.6494054,34.3158787],[136.6511274,34.3232702],[136.6600388,34.3199434],[136.6583899,34.3281929],[136.6726862,34.3242142],[136.6645504,34.3292303],[136.6707465,34.3317656],[136.6710426,34.3370588],[136.6562216,34.3403009],[136.6620192,34.3457549],[136.6727519,34.3439783],[136.672161,34.3393291],[136.676302,34.3386046],[136.6911524,34.3454115],[136.6782728,34.3374209],[136.6881737,34.3361004],[136.6826953,34.3330288],[136.6875111,34.3331303],[136.6809441,34.3275231],[136.6833333,34.3237],[136.6893227,34.3336208],[136.6953072,34.3350552],[136.6932177,34.3406516],[136.6971882,34.3432244],[136.6918244,34.3478281],[136.7077792,34.3489444],[136.7067113,34.3361953],[136.7131758,34.3472063],[136.7151927,34.3392631],[136.7185089,34.342308],[136.7214074,34.3377757],[136.7225189,34.343604],[136.7266354,34.3432889],[136.7219953,34.3341508],[136.7298944,34.3332105],[136.7153177,34.3310443],[136.7196582,34.3284811],[136.7168633,34.3223667],[136.7118062,34.331331],[136.711622,34.3269631],[136.7102825,34.3305893],[136.7040049,34.3290433],[136.7096242,34.3173772],[136.702265,34.3257247],[136.6975718,34.3229249],[136.7016754,34.3176954],[136.6941209,34.3192434],[136.6926529,34.3137706],[136.7003083,34.3125822],[136.688631,34.3062403],[136.6907456,34.2936115],[136.6826895,34.294178],[136.687708,34.2840155],[136.6989501,34.2928357],[136.7123643,34.2938756],[136.7133558,34.3007609],[136.7211022,34.3043509],[136.7654999,34.2909962],[136.7601614,34.2982135],[136.7520298,34.2987889],[136.7547542,34.3030899],[136.760397,34.3009803],[136.7593806,34.3070061],[136.7654054,34.305093],[136.7632587,34.3129965],[136.7587756,34.3129915],[136.7623837,34.3159353],[136.7689753,34.3093973],[136.7701317,34.313852],[136.7780376,34.3148587],[136.7720609,34.3086829],[136.7819975,34.3056766],[136.7726886,34.3027437],[136.7731383,34.295742],[136.7846299,34.2991872],[136.7777757,34.2919777],[136.798698,34.2900432],[136.8005764,34.2976436],[136.8116501,34.2980683],[136.8024865,34.3026759],[136.8043328,34.3059388],[136.7918864,34.3085981],[136.7980641,34.3092001],[136.7967376,34.3147442],[136.8029656,34.3158372],[136.7977169,34.3197346],[136.8074176,34.3282224],[136.8110252,34.3268467],[136.8069809,34.3275242],[136.8026142,34.3184101],[136.8091531,34.3136377],[136.8054887,34.3083657],[136.810527,34.3141228],[136.8110337,34.3099233],[136.8245176,34.3163544],[136.8254184,34.3096863],[136.8371535,34.3074234],[136.8415264,34.3142514],[136.847809,34.3143492],[136.8400884,34.3099559],[136.8504792,34.3077271],[136.8480369,34.3039106],[136.8394486,34.3078132],[136.8405735,34.301026],[136.8324884,34.3065424],[136.8268723,34.3009629],[136.8423264,34.2945683],[136.8512692,34.3017069],[136.8460548,34.2972042],[136.8507116,34.2941729],[136.847712,34.2912174],[136.8533989,34.2929656],[136.8508631,34.2896846],[136.856462,34.2878326],[136.8635476,34.2919786],[136.8664831,34.288483],[136.8550998,34.2850298],[136.8368738,34.2921736],[136.8336127,34.2915153],[136.8383181,34.2844592],[136.8278316,34.2852301],[136.8331808,34.2837095],[136.8300817,34.2754177],[136.8361554,34.2738846],[136.8330509,34.2704795],[136.8389473,34.2754726],[136.8379692,34.2711499],[136.8435304,34.2715004],[136.8446026,34.2815396],[136.8469888,34.2754859],[136.8593812,34.2799644],[136.8525346,34.2763091],[136.8620652,34.27597],[136.85749,34.2731872],[136.8626966,34.2705128],[136.8522099,34.2697602],[136.8593574,34.2654417],[136.8516042,34.2686121],[136.848849,34.2634645],[136.8493499,34.2734223],[136.8353013,34.2587656],[136.8355998,34.2668637],[136.8298431,34.2664998],[136.8303008,34.2587672],[136.8252839,34.2644929],[136.8298968,34.2689476],[136.8272935,34.2722389],[136.8215964,34.2695119],[136.8231393,34.2724663],[136.8177178,34.2738083],[136.8175748,34.2647768],[136.8119081,34.2630887],[136.810786,34.2736763],[136.8034088,34.2700954],[136.7928494,34.2779383],[136.7935345,34.2710108],[136.7881222,34.2751889],[136.7902074,34.2781478],[136.7773024,34.2745705],[136.7782888,34.2780413],[136.7689963,34.2792486],[136.7499509,34.2700267],[136.761713,34.2681413],[136.7653689,34.259796],[136.7818481,34.2608359],[136.818999,34.2506451],[136.8406595,34.2522645],[136.847713,34.2465198],[136.8520564,34.261124],[136.8726213,34.2649596],[136.8698206,34.2733842],[136.9003928,34.2760589],[136.9033815,34.2838428],[136.8980533,34.2777394],[136.8987157,34.2850982],[136.9021644,34.2843027],[136.8841562,34.2986713],[136.8926943,34.3155644],[136.8794253,34.3245448],[136.8777712,34.335258],[136.8816567,34.3453193],[136.8920636,34.3487781],[136.9093451,34.3651753],[136.897362,34.3653386],[136.8966938,34.3611575],[136.8917683,34.3657396],[136.888313,34.3623699],[136.8916344,34.3592682],[136.8879219,34.3616183],[136.8880337,34.3567757],[136.8839952,34.3612283],[136.8667974,34.3426916],[136.8659819,34.3511615],[136.8608532,34.3513357],[136.8699303,34.356585],[136.8642994,34.3644849],[136.8500816,34.3563306],[136.8532237,34.367298],[136.8466637,34.3702809],[136.8371986,34.3549662],[136.8265654,34.3526621],[136.8195426,34.3585509],[136.822773,34.3628432],[136.8123922,34.3675634],[136.8336077,34.3615131],[136.8468982,34.3726487],[136.857756,34.3637493],[136.8715273,34.3705378],[136.8664251,34.3750111],[136.8769753,34.3712153],[136.8697697,34.3869065],[136.8804898,34.3801553],[136.8841945,34.3854455],[136.8792871,34.3885121],[136.8887675,34.3916342],[136.8870221,34.3833637],[136.8963668,34.3894384],[136.8977543,34.3787164],[136.9030903,34.3800892],[136.8998425,34.3764038],[136.9127968,34.3759525],[136.9069615,34.3852349],[136.9149653,34.3872684],[136.9105636,34.388299],[136.9093864,34.3983909],[136.9177439,34.4032005],[136.9200068,34.4112216],[136.9286055,34.413571],[136.9189024,34.4261503],[136.9227688,34.4297602],[136.9195852,34.4388726],[136.9240903,34.441112],[136.9226825,34.4470981],[136.9193601,34.4452225],[136.9111228,34.4556902],[136.9079718,34.4514786],[136.8962278,34.4533537],[136.892887,34.4505828],[136.899632,34.4477766],[136.8913918,34.4480399],[136.8915612,34.4434274],[136.8827136,34.4399847],[136.8909599,34.4349099],[136.8757991,34.4287414],[136.8836353,34.4350073],[136.8757411,34.4388886],[136.8807696,34.440051],[136.8848052,34.4499024],[136.8753219,34.4505195],[136.876771,34.4563944],[136.8656429,34.4543782],[136.8724727,34.4573976],[136.8642382,34.4607452],[136.8723748,34.4618865],[136.8715469,34.4707259],[136.8773495,34.4743155],[136.8688952,34.4747354],[136.8665594,34.481105],[136.8473101,34.4805186],[136.8459963,34.4914818],[136.842013,34.4882515],[136.842282,34.4925515],[136.8377405,34.4888513],[136.8347619,34.491544],[136.8327772,34.5059694],[136.8229864,34.5042068],[136.8288473,34.4927646],[136.8239602,34.4901003],[136.8284006,34.4868827],[136.8161298,34.4844097],[136.8176207,34.4904541],[136.8129511,34.4918287],[136.8167013,34.496441],[136.8111324,34.4992579],[136.8100248,34.5080961],[136.7731255,34.5099403],[136.7535801,34.5247102],[136.7484738,34.5222686],[136.7522853,34.526979],[136.7476028,34.5256427],[136.7181714,34.5456373],[136.6942459,34.5470336],[136.6884123,34.5533203],[136.6663716,34.5585917],[136.660448,34.5663043]]}},{"type":"Feature","properties":{"areaCode1":"462","areaCode2":""},"geometry":{"type":"LineString","coordinates":[[136.8460017,34.5078054],[136.8752812,34.5091275],[136.8778274,34.5147471],[136.8942084,34.5231011],[136.9039787,34.5195664],[136.9009137,34.5247279],[136.9048827,34.5316992],[136.9022794,34.5278873],[136.8982103,34.5389224],[136.8846726,34.5302425],[136.8687549,34.5293146],[136.8656071,34.5268501],[136.8794868,34.5265769],[136.8724511,34.5251835],[136.869995,34.5177736],[136.8527991,34.5163679],[136.8460017,34.5078054]]}},{"type":"Feature","properties":{"areaCode1":"462","areaCode2":""},"geometry":{"type":"LineString","coordinates":[[136.8721079,34.4859563],[136.8881394,34.4767124],[136.8990458,34.4889689],[136.9067909,34.4892313],[136.9095063,34.5013058],[136.9039832,34.5032117],[136.8783059,34.4943432],[136.8721079,34.4859563]]}},{"type":"Feature","properties":{"areaCode1":"462","areaCode2":"540"},"geometry":{"type":"LineString","coordinates":[[135.8579211,33.8731528],[135.8621222,33.8765489],[135.8621858,33.8627214],[135.8748322,33.8615964]]}},{"type":"Feature","properties":{"areaCode1":"462","areaCode2":"540"},"geometry":{"type":"LineString","coordinates":[[135.8807608,33.9093722],[135.8949667,33.9063192],[135.8978736,33.9126089],[135.893945,33.9202792],[135.9090836,33.9184744]]}},{"type":"Feature","properties":{"areaCode1":"462","areaCode2":"540"},"geometry":{"type":"LineString","coordinates":[[136.0035631,34.0130986],[136.0036069,34.0098814]]}},{"type":"Feature","properties":{"areaCode1":"462","areaCode2":"540"},"geometry":{"type":"LineString","coordinates":[[136.0035631,34.0130986],[136.0149636,34.0245978],[136.0193742,34.0366817],[136.0317278,34.0318672],[136.0375019,34.0409242],[136.0389967,34.0365181],[136.0434592,34.0406828],[136.0441014,34.0358333],[136.0525219,34.0321256],[136.0547517,34.0356467],[136.0728439,34.0338306],[136.0965208,34.0224289],[136.1041394,34.0258672],[136.1013533,34.0391925],[136.0920322,34.0483353],[136.0971358,34.0576611],[136.0932878,34.0827564],[136.09775,34.0867439],[136.1186486,34.0823169],[136.1022639,34.0961397],[136.1078658,34.1031958],[136.0994044,34.1188525],[136.1084044,34.1267844],[136.1019492,34.1413294],[136.1146922,34.1608164],[136.1045047,34.173415],[136.1090078,34.1849956],[136.0926525,34.1901831],[136.0975761,34.2024717],[136.118245,34.2142803],[136.1172983,34.22311],[136.1096503,34.2242214],[136.1096878,34.2281028],[136.1303058,34.2428731],[136.1318494,34.2518964],[136.1180636,34.2605964],[136.1205481,34.2701717],[136.0978294,34.2888219],[136.0949036,34.3014511],[136.1116461,34.3050139],[136.1295053,34.3161744]]}},{"type":"Feature","properties":{"areaCode1":"462","areaCode2":"551"},"geometry":{"type":"LineString","coordinates":[[135.8531842,33.8594461],[135.8605875,33.8489583],[135.8557314,33.8366894],[135.8568861,33.8176608],[135.8825103,33.8015664],[135.8924011,33.8003456],[135.9069125,33.7671003],[135.916905,33.7666181],[135.9283711,33.7540203],[135.9386842,33.7568431],[135.9422278,33.7345558],[135.9747942,33.7228581],[135.9722719,33.7343681],[135.9808922,33.7367947],[136.01189,33.7233007]]}},{"type":"Feature","properties":{"areaCode1":"462","areaCode2":"551"},"geometry":{"type":"LineString","coordinates":[[135.8531842,33.8594461],[135.8579211,33.8731528]]}},{"type":"Feature","properties":{"areaCode1":"462","areaCode2":"551"},"geometry":{"type":"LineString","coordinates":[[135.8748322,33.8615964],[135.8786033,33.8719497],[135.8976331,33.8697458],[135.9016381,33.8819889],[135.8923417,33.89394],[135.8929075,33.8819567],[135.8853369,33.8838633],[135.8882767,33.8952533],[135.8808564,33.9023178],[135.8807608,33.9093722]]}},{"type":"Feature","properties":{"areaCode1":"462","areaCode2":"551"},"geometry":{"type":"LineString","coordinates":[[135.9090836,33.9184744],[135.9173272,33.9197653],[135.9222553,33.9141136],[135.9336147,33.9174631],[135.9321261,33.9228964],[135.9236858,33.9198172],[135.9173672,33.9235356],[135.9216022,33.9341944],[135.9313681,33.9334061],[135.9290964,33.9414222],[135.9441939,33.9395525],[135.9679106,33.9282717],[135.9774606,33.9473914],[135.9771694,33.9666114],[135.9871511,33.9682128],[135.9995278,33.9557433],[136.0119431,33.9668022],[136.0131625,33.9749072],[135.9953375,34.0007178],[136.0046414,34.0022642],[136.0069383,34.0077506],[136.0036069,34.0098814]]}},{"type":"Feature","properties":{"areaCode1":"500","areaCode2":"501"},"geometry":{"type":"LineString","coordinates":[[135.8607553,35.28296],[135.8874881,35.2835867],[135.9054792,35.2757436],[135.9100953,35.2642233],[135.9171375,35.2659803],[135.9190328,35.2606419],[135.9278933,35.2582747],[135.93717,35.2606167],[135.9565322,35.2776472],[135.9836922,35.2723078],[136.0162994,35.2312789],[136.0789128,35.2608747],[136.1121167,35.2164381],[136.1336364,35.2125675],[136.1412978,35.2066422],[136.1657189,35.2049694],[136.1919731,35.1899836],[136.1968422,35.1696633],[136.2045184,35.1615429],[136.2042617,35.1480492],[136.2143458,35.1447678],[136.216465,35.1480533],[136.2269844,35.1435111],[136.2322094,35.1517492],[136.2287931,35.1582611],[136.2332472,35.1596561],[136.2468347,35.1510028],[136.2480147,35.1560914],[136.2534625,35.1532028],[136.2587619,35.1592028],[136.2817014,35.1524525],[136.3035553,35.1577172],[136.3214681,35.1462244],[136.3189303,35.1386181],[136.3251675,35.1369256],[136.3336369,35.1434414],[136.3547236,35.1311039],[136.3592406,35.1364914],[136.3793853,35.140345],[136.3913519,35.1513119],[136.3758511,35.1696981],[136.3794631,35.1894486],[136.3875719,35.1907719],[136.3890847,35.1967958],[136.4086533,35.1871828]]}},{"type":"Feature","properties":{"areaCode1":"500","areaCode2":"511"},"geometry":{"type":"LineString","coordinates":[[135.7637325,35.3454161],[135.7808185,35.340562],[135.7911364,35.3235275],[135.80929,35.3164328],[135.8296233,35.2767353],[135.8400817,35.2755542],[135.8570844,35.2890406],[135.8607553,35.28296]]}},{"type":"Feature","properties":{"areaCode1":"500","areaCode2":"511"},"geometry":{"type":"LineString","coordinates":[[135.7637325,35.3454161],[135.7687853,35.3560145]]}},{"type":"Feature","properties":{"areaCode1":"501","areaCode2":"511"},"geometry":{"type":"LineString","coordinates":[[135.8147575,35.0451997],[135.8277394,35.0303786],[135.8273744,35.0221328],[135.8345178,35.0220806],[135.8354642,35.0123286],[135.8202392,35.0151944],[135.8242794,35.0087172],[135.8326817,35.0094253],[135.8365589,35.0012264],[135.8269047,34.9912039],[135.8492672,34.9917339],[135.8491178,34.9848125],[135.8566953,34.9824575],[135.8524378,34.9707889],[135.8787478,34.9470453],[135.8760283,34.9432297],[135.8799244,34.934525],[135.8686544,34.919525],[135.8711783,34.9099486],[135.8629336,34.9033872],[135.8666372,34.8921403],[135.8869314,34.8832058],[135.8850019,34.8755464],[135.8978914,34.8712675],[135.9074225,34.8740186],[135.9126556,34.8835164],[135.9232258,34.8836175],[135.9410069,34.8936833],[135.9409269,34.8638906],[135.9463506,34.8516308],[135.9613992,34.8546597],[135.9720544,34.8460489],[135.9698667,34.8377786],[136.0039933,34.8443414],[136.0055,34.8264078],[136.0162733,34.8289114],[136.0278578,34.8216647],[136.0285347,34.8159192],[136.0166956,34.81107],[136.0101592,34.7997242],[136.0222889,34.7915553]]}},{"type":"Feature","properties":{"areaCode1":"501","areaCode2":"511"},"geometry":{"type":"LineString","coordinates":[[135.8147575,35.0451997],[135.8348525,35.0555539],[135.8318919,35.0714556],[135.8398503,35.08586],[135.8350461,35.0913269],[135.8498661,35.1205892],[135.8522942,35.1342669],[135.8487678,35.1421847],[135.8567631,35.153615],[135.8560886,35.1595639],[135.8453133,35.1655444],[135.8419081,35.1898397],[135.8293081,35.2203464],[135.8380564,35.226105],[135.8345261,35.2411192],[135.8399236,35.2438511],[135.8446731,35.2619853],[135.8607553,35.28296]]}},{"type":"Feature","properties":{"areaCode1":"510","areaCode2":""},"geometry":{"type":"LineString","coordinates":[[134.8675047,35.6582324],[134.8824572,35.6590959],[134.8844304,35.6461735],[134.9314146,35.6483358],[134.9633672,35.6624283],[134.9654,35.6747887],[134.9721787,35.6757743],[134.9738674,35.6830547],[134.9789947,35.6819544],[134.9857134,35.6928003],[134.9932515,35.6898231],[135.0154168,35.6943171],[135.0149979,35.6901975],[135.0175551,35.6938467],[135.0255684,35.6895097],[135.0325567,35.7009397],[135.0425229,35.6996448],[135.0617115,35.7078759],[135.068092,35.7182427],[135.0853281,35.7258504],[135.0857585,35.7398735],[135.0929095,35.738086],[135.0944099,35.7429437],[135.1029894,35.7418114],[135.1104451,35.7470082],[135.1243537,35.7456867],[135.1385861,35.7576518],[135.1462572,35.7497835],[135.1546559,35.7553462],[135.1624804,35.7540046],[135.1658264,35.7594513],[135.183365,35.7605175],[135.186312,35.7663132],[135.2069143,35.763883],[135.2220104,35.7718669],[135.2191051,35.7762587],[135.2234165,35.779258],[135.2466886,35.7572364],[135.2551539,35.7589947],[135.2508633,35.7513597],[135.2569664,35.7444936],[135.2746006,35.7427408],[135.2733253,35.7311148],[135.2852292,35.7293578],[135.2888694,35.7243992],[135.2859794,35.7053192],[135.3065214,35.6992075],[135.3086414,35.6935931],[135.2984486,35.6794617],[135.3029,35.6622492],[135.2947283,35.6597747],[135.2877222,35.6646075],[135.2950111,35.6711183],[135.2873986,35.6758283],[135.2797927,35.6680621],[135.2753344,35.6720589],[135.2749828,35.6675392],[135.2660043,35.6655678],[135.2511344,35.6455352],[135.2446277,35.620446],[135.2140149,35.5979584],[135.1927424,35.5709935],[135.1865891,35.5579754],[135.1924874,35.5401918],[135.1997433,35.5369506],[135.2090949,35.5430846],[135.2103765,35.5515234],[135.204171,35.5595403],[135.2267114,35.5692511],[135.2280056,35.5855601],[135.2377592,35.5815657],[135.2524694,35.5994485],[135.2561524,35.5984979],[135.2562943,35.5882409],[135.2474663,35.5869165],[135.2479965,35.5799818],[135.2534122,35.5775777],[135.2506893,35.5708261],[135.2681482,35.5674626],[135.2748443,35.5601802],[135.2538183,35.5524556],[135.2493337,35.5552898],[135.2511589,35.560726],[135.2424658,35.5602107],[135.2365291,35.5501296],[135.2418166,35.5380668],[135.2691069,35.5334918],[135.2724056,35.5244059],[135.2896578,35.5159097],[135.3106581,35.5123032],[135.3233731,35.5258405],[135.3318184,35.5160178],[135.3320867,35.4951721],[135.3243209,35.4901603],[135.324823,35.4808398],[135.3167788,35.4795998],[135.3219594,35.4758011],[135.3151977,35.4714314],[135.3202073,35.4714071],[135.3162081,35.4588169],[135.3109142,35.4580708],[135.3167128,35.4511549],[135.3217283,35.4524417],[135.3210708,35.4580007],[135.3259177,35.456592],[135.3254488,35.4637894],[135.3310063,35.4686681],[135.3475053,35.4752649],[135.3489709,35.4816701],[135.340787,35.4798454],[135.3495528,35.4863942],[135.3474441,35.4944592],[135.3606009,35.4875235],[135.3795038,35.4904576],[135.3826843,35.4847297],[135.3726648,35.4813716],[135.3718452,35.4768707],[135.386072,35.4751724],[135.3918628,35.4828386],[135.3940741,35.4775803],[135.3982207,35.4788854],[135.3948849,35.4847068],[135.4008641,35.5004813],[135.3939213,35.4996323],[135.3905428,35.5076898],[135.3973926,35.5146945],[135.3950962,35.5168714],[135.3888267,35.5163821],[135.3800352,35.5023939],[135.372422,35.5062672],[135.3435005,35.5040977],[135.3421022,35.5074029],[135.3474004,35.5097989],[135.3439511,35.5156983],[135.3497457,35.5191889],[135.3386315,35.522865],[135.3447476,35.5211227],[135.3376654,35.5251739],[135.336277,35.5323925],[135.3424794,35.5518515],[135.3482001,35.5429376],[135.3793713,35.5620359],[135.390133,35.5565472],[135.3992315,35.5608229],[135.3985572,35.5666634],[135.4022429,35.5612324],[135.4131483,35.5702319],[135.4267866,35.5665132],[135.4262153,35.5803569],[135.4355722,35.5820367],[135.4341025,35.5908075],[135.4446556,35.5908569],[135.4508517,35.5994108],[135.4624739,35.6037897],[135.46312,35.5925897],[135.4577278,35.5957031],[135.4517608,35.5907667],[135.4561058,35.5847794],[135.4478663,35.5785286],[135.4511822,35.5687157],[135.4650847,35.5712049],[135.4685991,35.5662009],[135.4658509,35.5619528],[135.4731601,35.5634248],[135.4733126,35.5570365],[135.4865996,35.5579363]]}},{"type":"Feature","properties":{"areaCode1":"510","areaCode2":"511"},"geometry":{"type":"LineString","coordinates":[[135.2834086,35.1982286],[135.2938472,35.1983522],[135.2999864,35.2105158],[135.2930794,35.21898],[135.2993611,35.2206428],[135.2887481,35.2346153],[135.2992419,35.235165],[135.3029481,35.2439614],[135.3241753,35.2546086],[135.3186269,35.2738469],[135.3322533,35.2710369],[135.3515989,35.2894564],[135.3672522,35.2919956],[135.3789961,35.3023992],[135.3846128,35.3149422],[135.4142817,35.328555],[135.4285381,35.3423028],[135.4412714,35.3416028],[135.4553294,35.34854],[135.4578758,35.3446361],[135.4981033,35.3421528],[135.5058872,35.3495922],[135.5003162,35.3601397],[135.5324406,35.3700211],[135.534502,35.3774391]]}},{"type":"Feature","properties":{"areaCode1":"510","areaCode2":"511"},"geometry":{"type":"LineString","coordinates":[[135.2834086,35.1982286],[135.2893189,35.1724169]]}},{"type":"Feature","properties":{"areaCode1":"510","areaCode2":"530"},"geometry":{"type":"LineString","coordinates":[[134.8537267,35.5890797],[134.8625944,35.5870514],[134.8810517,35.5640336],[134.9145686,35.5453086],[134.9192919,35.5381211],[134.9151292,35.5277081],[134.9268986,35.5125275],[134.9542169,35.5161619],[134.9605478,35.5129281],[134.9717175,35.5241914],[134.979495,35.5240653],[134.9931325,35.5342042],[135.0300317,35.5402678],[135.0369467,35.5385686],[135.0361911,35.53061],[135.0434964,35.5183606],[135.0451133,35.5085433],[135.0321636,35.4971578],[135.0427039,35.4922686],[135.0350989,35.4766308],[135.0409561,35.4734683],[135.0518347,35.4425389],[135.0470969,35.4299228],[135.0491669,35.4077428],[135.0300344,35.4101003],[135.0192406,35.3941228],[134.9910806,35.3856353],[134.9854783,35.3962136],[134.9709467,35.3989511],[134.9595533,35.4089669],[134.9461486,35.4133097],[134.9324214,35.4061717],[134.9234081,35.3942825],[134.9272067,35.3797656],[134.9189772,35.36474],[134.9234486,35.3540042],[134.9170917,35.3407222],[134.9280503,35.3304392],[134.9216039,35.3151336],[134.9376144,35.3076106]]}},{"type":"Feature","properties":{"areaCode1":"510","areaCode2":"530"},"geometry":{"type":"LineString","coordinates":[[134.8537267,35.5890797],[134.8653569,35.5990128],[134.8663786,35.6134344],[134.8738772,35.6209286],[134.8712592,35.6364456],[134.8657897,35.6383361],[134.8675047,35.6582324]]}},{"type":"Feature","properties":{"areaCode1":"510","areaCode2":"531"},"geometry":{"type":"LineString","coordinates":[[134.9376144,35.3076106],[134.9600533,35.2979125],[134.9991167,35.2909383],[135.0117269,35.2811197],[135.0108514,35.2695819],[135.03747,35.2606886],[135.0567892,35.2646028],[135.0678747,35.2373511],[135.0828997,35.2463797],[135.0933461,35.25978],[135.0989044,35.25882],[135.1087703,35.2662803],[135.1286744,35.2607169],[135.1377639,35.2652497],[135.1575297,35.2610928],[135.1668583,35.2403447],[135.1547778,35.2265017],[135.1751314,35.2146008],[135.1823119,35.2159242],[135.1970578,35.2030175],[135.1991039,35.1935819],[135.1867131,35.1902239],[135.19014,35.1831861],[135.1868667,35.1731661],[135.2062131,35.1606847],[135.2280103,35.1653336],[135.2321894,35.1775042],[135.2738744,35.1772769],[135.2893189,35.1724169]]}},{"type":"Feature","properties":{"areaCode1":"511","areaCode2":"520"},"geometry":{"type":"LineString","coordinates":[[135.3712456,35.0452889],[135.3800961,35.0390036],[135.3820469,35.0276403],[135.37765,35.0203369],[135.3816933,35.0102475],[135.4032472,35.0066919],[135.4097672,35.0115256],[135.4210133,35.0021564],[135.4401842,35.0076933],[135.4930556,34.9890678],[135.4831628,34.9818683],[135.4909164,34.9680219],[135.4819364,34.9652297],[135.4873289,34.9571675],[135.4811375,34.9497394],[135.494355,34.9408547],[135.5041983,34.9463981],[135.5145936,34.9441197],[135.5172714,34.9334797],[135.5381458,34.9253997],[135.536065,34.9204689],[135.5413136,34.9152261],[135.5494703,34.9185542],[135.5724506,34.9164072],[135.5812581,34.9224517],[135.5810533,34.9370358],[135.5717997,34.9390636],[135.5628,34.9334181],[135.5647125,34.9423644],[135.5573272,34.9346858],[135.5631314,34.9536639],[135.5785778,34.955885],[135.5712311,34.9639156],[135.5727306,34.9712378],[135.5825519,34.9767561],[135.5923647,34.9660403],[135.6132636,34.9711953],[135.6187056,34.9581364],[135.6131486,34.9417036],[135.5993217,34.9282917],[135.6151994,34.9276247],[135.6237503,34.9349081],[135.6328064,34.9347056],[135.64947,34.9251333],[135.6535142,34.9172897],[135.6482486,34.9168544],[135.6485022,34.9095475],[135.67577,34.8993014],[135.6826944,34.8878422],[135.6821794,34.8726403],[135.6911178,34.8688894],[135.6948489,34.8608861],[135.6906514,34.8565192],[135.6949144,34.8482822],[135.7077214,34.8492725],[135.7241678,34.8232836],[135.7324933,34.8224189],[135.7460247,34.8036425],[135.7407756,34.7884686],[135.7286347,34.7779981]]}},{"type":"Feature","properties":{"areaCode1":"511","areaCode2":"531"},"geometry":{"type":"LineString","coordinates":[[135.2783761,35.1510231],[135.2919664,35.1604944],[135.2893189,35.1724169]]}},{"type":"Feature","properties":{"areaCode1":"511","areaCode2":"531"},"geometry":{"type":"LineString","coordinates":[[135.2783761,35.1510231],[135.2823475,35.1450228],[135.2937456,35.1415697],[135.3404583,35.1500928],[135.3374211,35.144015],[135.34247,35.1358739],[135.38981,35.1287653],[135.3859656,35.1199858],[135.3933439,35.1107944],[135.3880261,35.0971253],[135.3973192,35.09585],[135.4043467,35.08885],[135.3996864,35.0761633],[135.3766136,35.0660244],[135.3773817,35.0610206],[135.3687289,35.0548897],[135.3712456,35.0452889]]}},{"type":"Feature","properties":{"areaCode1":"511","areaCode2":"540"},"geometry":{"type":"LineString","coordinates":[[135.7286347,34.7779981],[135.7332017,34.7548792],[135.7569564,34.7361158],[135.7555136,34.7275319],[135.7991553,34.7231103],[135.8120853,34.7175894],[135.8102844,34.7144897],[135.8318156,34.7134153],[135.8490156,34.7059722],[135.8637406,34.7063533],[135.8761375,34.7138775],[135.8851589,34.7136203],[135.8901711,34.7083156],[135.8973864,34.7308719],[135.9244172,34.7576725],[135.9290086,34.7566822],[135.9231319,34.7447942],[135.9255692,34.7403394],[135.9428958,34.7374919],[135.954775,34.7482978],[135.9586494,34.7402617],[135.9761092,34.7411408],[135.9837989,34.7342325],[135.986255,34.715195],[135.9921497,34.7121531],[136.0093225,34.7166142],[136.0138661,34.7077989],[136.0287647,34.7063136],[136.0288939,34.7132461],[136.0394742,34.7201556],[136.0430039,34.73611],[136.0554764,34.7385556]]}},{"type":"Feature","properties":{"areaCode1":"520","areaCode2":""},"geometry":{"type":"LineString","coordinates":[[135.3729001,34.6520762],[135.3789389,34.6431892],[135.3927501,34.6413909],[135.4045234,34.6537181],[135.3796253,34.6609181],[135.3729001,34.6520762]]}},{"type":"Feature","properties":{"areaCode1":"520","areaCode2":""},"geometry":{"type":"LineString","coordinates":[[135.3868494,34.6626797],[135.3882522,34.6688597],[135.4026235,34.6731854],[135.4109497,34.6656441],[135.409776,34.6590407],[135.3868494,34.6626797]]}},{"type":"Feature","properties":{"areaCode1":"520","areaCode2":""},"geometry":{"type":"LineString","coordinates":[[135.3964857,34.6286754],[135.4122831,34.6372021],[135.414803,34.634823],[135.407471,34.6294259],[135.4221536,34.6219007],[135.4418621,34.6283957],[135.4393005,34.6412128],[135.4164662,34.6448177],[135.3977029,34.6387548],[135.3964857,34.6286754]]}},{"type":"Feature","properties":{"areaCode1":"520","areaCode2":""},"geometry":{"type":"LineString","coordinates":[[135.4067681,34.6738368],[135.4166667,34.6732101],[135.4172816,34.6637121],[135.4262682,34.667823],[135.4164574,34.6614296],[135.4143139,34.6516674],[135.4204619,34.6602002],[135.4192058,34.6533632],[135.4233829,34.6574623],[135.4280072,34.6548879],[135.4261167,34.6499202],[135.437594,34.6508709],[135.4406224,34.6494542],[135.4354092,34.6480485],[135.4507892,34.6453333],[135.447096,34.6412632],[135.4535743,34.6292246],[135.4481453,34.6307079],[135.4471606,34.614704],[135.4412992,34.6261759],[135.4309877,34.6225784],[135.432961,34.6130249],[135.4266175,34.6130268],[135.4234251,34.6189842],[135.4234055,34.6107714],[135.4375547,34.6081708]]}},{"type":"Feature","properties":{"areaCode1":"520","areaCode2":""},"geometry":{"type":"LineString","coordinates":[[135.4067681,34.6738368],[135.4222597,34.679633],[135.4072975,34.6971008]]}},{"type":"Feature","properties":{"areaCode1":"520","areaCode2":"521"},"geometry":{"type":"LineString","coordinates":[[135.4375547,34.6081708],[135.4944403,34.5946272],[135.5022264,34.5861706],[135.5263683,34.5963997],[135.5305247,34.5909183],[135.5314986,34.5983086],[135.5383467,34.5994481],[135.5434628,34.5994242],[135.5435783,34.5951953],[135.56716,34.5955356],[135.5693828,34.5869997],[135.5718719,34.5940444],[135.6011561,34.5834869],[135.6144667,34.5879528],[135.6276364,34.5775356],[135.6219556,34.5695319],[135.6224967,34.5515972],[135.6365533,34.5574369],[135.6361642,34.5507858],[135.6531867,34.54699]]}},{"type":"Feature","properties":{"areaCode1":"520","areaCode2":"531"},"geometry":{"type":"LineString","coordinates":[[135.3302039,35.0352236],[135.3380869,35.0436039],[135.3488244,35.0459364],[135.3500281,35.0511914],[135.3712456,35.0452889]]}},{"type":"Feature","properties":{"areaCode1":"520","areaCode2":"531"},"geometry":{"type":"LineString","coordinates":[[135.3302039,35.0352236],[135.3398028,35.0258772],[135.3546975,35.0247903],[135.3525628,34.9903889],[135.3595328,34.9825156],[135.3495925,34.9789783],[135.3464814,34.9644961],[135.3542481,34.9626172],[135.3603847,34.9544697],[135.3826322,34.9559914],[135.3923519,34.9413658],[135.41069,34.942675],[135.4091003,34.9454944],[135.4102847,34.9399619],[135.417455,34.9417742],[135.4184847,34.9338944],[135.4416569,34.939395],[135.4525417,34.9297878],[135.4683819,34.9271706],[135.4635961,34.9183056],[135.4393028,34.9205044],[135.4186514,34.9089481],[135.4272044,34.9060458],[135.4307419,34.8924306],[135.4458178,34.8972122],[135.4313583,34.8564153],[135.4168783,34.8522247],[135.42433,34.8371228],[135.4159906,34.8176928],[135.4236914,34.8020744],[135.4286369,34.8031811],[135.4427875,34.7911744],[135.4446967,34.7685292],[135.4504089,34.7663225],[135.4519206,34.7581836],[135.4562889,34.7603475],[135.4599372,34.751],[135.460295,34.7331356],[135.4477086,34.73362],[135.4461703,34.7183397],[135.4072975,34.6971008]]}},{"type":"Feature","properties":{"areaCode1":"520","areaCode2":"540"},"geometry":{"type":"LineString","coordinates":[[135.6501214,34.6078328],[135.6532169,34.6032608],[135.6756939,34.6017389],[135.6817589,34.5847783],[135.6715447,34.5799111],[135.6729939,34.5706297],[135.6569228,34.5622797],[135.6531867,34.54699]]}},{"type":"Feature","properties":{"areaCode1":"520","areaCode2":"540"},"geometry":{"type":"LineString","coordinates":[[135.6501214,34.6078328],[135.6590975,34.6148178],[135.6643214,34.651295],[135.6787047,34.6777594],[135.6730186,34.7016361],[135.7041356,34.7237811],[135.6967933,34.743695],[135.6979789,34.7496614],[135.7066578,34.7485489],[135.7102164,34.7538714],[135.7100422,34.7715144],[135.7065933,34.7724511],[135.7097494,34.7803719],[135.7207175,34.7744608],[135.7286347,34.7779981]]}},{"type":"Feature","properties":{"areaCode1":"521","areaCode2":""},"geometry":{"type":"LineString","coordinates":[[135.0918837,34.3143738],[135.1100038,34.3218501],[135.1200964,34.3233626],[135.1226603,34.3199239],[135.1205518,34.3237333],[135.1305566,34.3261737],[135.1301391,34.3204803],[135.1414638,34.3204071],[135.1401542,34.3176985],[135.1529409,34.3311473],[135.1638177,34.3315126],[135.1800858,34.3407806],[135.1833783,34.3387791],[135.1767034,34.3375723],[135.1870173,34.3366561],[135.217351,34.3442771],[135.2410231,34.3694554],[135.2392301,34.3664159],[135.2430857,34.3666886],[135.2488315,34.3769988],[135.2593271,34.3831615],[135.2569362,34.3810316],[135.2637904,34.3810791],[135.282425,34.3988816],[135.2878885,34.3959191],[135.2848396,34.3997191],[135.2883511,34.3972569],[135.2857449,34.4015709],[135.2929547,34.407099],[135.2945284,34.4150672],[135.3103099,34.4230385],[135.3064405,34.419472],[135.3095419,34.4170689],[135.3196543,34.4209363],[135.3137664,34.4266473],[135.3184201,34.431002],[135.3227971,34.4244009],[135.3254572,34.4267473],[135.3283926,34.4298757],[135.3210842,34.4331378],[135.3248998,34.4369373],[135.3309444,34.4338102],[135.3371552,34.4457639],[135.3467426,34.4482563],[135.3513643,34.4627795],[135.3534442,34.4508442],[135.3608049,34.4615469],[135.3529112,34.4624338],[135.3626598,34.4723363],[135.3620922,34.4665806],[135.3666606,34.4712631],[135.3701693,34.4677531],[135.372224,34.4716734],[135.367784,34.4710643],[135.3652168,34.4800656],[135.3770642,34.4752224],[135.371798,34.4812843],[135.3773721,34.4865116],[135.3697076,34.4901184],[135.3708434,34.5027519],[135.3786469,34.5108852],[135.3671614,34.5170446],[135.3789913,34.5329378],[135.3860199,34.5174651],[135.3817431,34.5116809],[135.3890634,34.5132342],[135.3862161,34.5083636],[135.3900893,34.5054832],[135.3926939,34.5122167],[135.4004945,34.5108191],[135.3973127,34.513937],[135.4020412,34.5185662],[135.4052713,34.5103525],[135.4099151,34.5136203],[135.4064753,34.5169858],[135.4103643,34.5229125],[135.4186317,34.5192651],[135.4320277,34.5311934],[135.4437109,34.5511311],[135.444786,34.5572208],[135.4365017,34.5597647],[135.4092391,34.5578181],[135.4020961,34.5999623],[135.4157482,34.5937587],[135.4208171,34.5696791],[135.4294295,34.5707042],[135.4261899,34.5896237],[135.4343927,34.5826624],[135.4415094,34.5829493],[135.444966,34.5670095],[135.4523682,34.5647974],[135.4513997,34.5749817],[135.457614,34.5757167],[135.4517522,34.5771397],[135.4501121,34.5837346],[135.4657785,34.5827919],[135.4492949,34.5870455],[135.4623315,34.5873769],[135.4605968,34.5948611],[135.4590563,34.5900584],[135.4377037,34.5886559],[135.4255494,34.5933448],[135.4235909,34.6050302],[135.4454009,34.5981835],[135.4465658,34.6018612],[135.4369738,34.60471],[135.4375547,34.6081708]]}},{"type":"Feature","properties":{"areaCode1":"521","areaCode2":""},"geometry":{"type":"LineString","coordinates":[[135.0918837,34.3143738],[135.0928267,34.3120118]]}},{"type":"Feature","properties":{"areaCode1":"521","areaCode2":""},"geometry":{"type":"LineString","coordinates":[[135.2011645,34.4280918],[135.2090128,34.4200823],[135.2061709,34.4231067],[135.2216259,34.4334872],[135.2267502,34.4285878],[135.2294251,34.4308797],[135.2191228,34.4222237],[135.2276872,34.4134758],[135.2651325,34.4377991],[135.2518327,34.4441473],[135.2552174,34.4462146],[135.2330575,34.431595],[135.2542139,34.4511402],[135.2415826,34.4552244],[135.2011645,34.4280918]]}},{"type":"Feature","properties":{"areaCode1":"521","areaCode2":""},"geometry":{"type":"LineString","coordinates":[[135.3270729,34.4484261],[135.3407867,34.4669292],[135.3390123,34.4755937],[135.3459687,34.454686],[135.3330089,34.4447267],[135.3270729,34.4484261]]}},{"type":"Feature","properties":{"areaCode1":"521","areaCode2":""},"geometry":{"type":"LineString","coordinates":[[135.3991659,34.5364896],[135.4073856,34.5350382],[135.4045986,34.5301364],[135.4216922,34.524909],[135.4406486,34.5482456],[135.4409587,34.5542586],[135.4306629,34.5538161],[135.4202317,34.5379782],[135.4113254,34.5419986],[135.4158765,34.5499872],[135.4092745,34.5550435],[135.3991659,34.5364896]]}},{"type":"Feature","properties":{"areaCode1":"521","areaCode2":"540"},"geometry":{"type":"LineString","coordinates":[[135.6502847,34.5441119],[135.6594967,34.5438908],[135.6622867,34.5300411],[135.6771436,34.5251617],[135.6775261,34.5097431],[135.6730197,34.5027881],[135.6847261,34.4854161],[135.6819183,34.4610414],[135.6869781,34.4514608],[135.6789792,34.4327611],[135.6642853,34.4232267],[135.6694219,34.4136753],[135.677305,34.4138281],[135.6800931,34.4091986],[135.6762275,34.4002411],[135.6638361,34.3973039],[135.6511286,34.3832064]]}},{"type":"Feature","properties":{"areaCode1":"521","areaCode2":"540"},"geometry":{"type":"LineString","coordinates":[[135.6502847,34.5441119],[135.6531867,34.54699]]}},{"type":"Feature","properties":{"areaCode1":"521","areaCode2":"550"},"geometry":{"type":"LineString","coordinates":[[135.0928267,34.3120118],[135.1060725,34.3085989],[135.0967642,34.2966419],[135.1013872,34.2858125],[135.1086397,34.2839867],[135.1114097,34.2718336],[135.1256742,34.2774519],[135.1366156,34.2735064],[135.1396436,34.2818928],[135.1467647,34.2838078],[135.1548025,34.2810381],[135.1537892,34.2742783],[135.1668533,34.2799278],[135.1843217,34.2788289],[135.1917953,34.2865956],[135.2050797,34.2882608],[135.2080431,34.3082025],[135.2250056,34.3008614],[135.2489594,34.3143728],[135.2722825,34.3119836],[135.2828122,34.31791],[135.2933731,34.2992928],[135.3025367,34.3046639],[135.3039675,34.3137147],[135.3241986,34.3191319],[135.3305069,34.3167464],[135.3279031,34.3237475],[135.3391356,34.3294297],[135.3382381,34.3352781],[135.3459,34.3305253],[135.3589772,34.3330397],[135.3625347,34.3289392],[135.3970461,34.3303911],[135.4055733,34.3338772],[135.4089744,34.3418428],[135.4249158,34.3399825],[135.4354508,34.3486733],[135.465705,34.3473347],[135.4853761,34.3628325],[135.4899228,34.3553456],[135.501745,34.3502022],[135.5023506,34.3380911],[135.5078208,34.3364967],[135.5397047,34.3575053],[135.5546717,34.3595311],[135.5771208,34.3760494],[135.5931389,34.3748342],[135.5976775,34.3803972],[135.6137025,34.3766308],[135.6199111,34.3844825],[135.6511286,34.3832064]]}},{"type":"Feature","properties":{"areaCode1":"530","areaCode2":""},"geometry":{"type":"LineString","coordinates":[[134.3699444,35.6145847],[134.3819153,35.611635],[134.3939325,35.619975],[134.4053514,35.6156978],[134.4154431,35.6180203],[134.4199133,35.6246861],[134.4334294,35.6206826],[134.4319589,35.6298197],[134.4386714,35.6357758],[134.44115,35.6285086],[134.4456954,35.6286369],[134.4429276,35.632367],[134.4526765,35.6287684],[134.4613478,35.6400817],[134.4771744,35.6398706],[134.4793872,35.6464833],[134.4956397,35.6564572],[134.5026136,35.6556169],[134.5048692,35.6612339],[134.5131492,35.6582336],[134.5189065,35.6612955],[134.5171513,35.6662991],[134.5195973,35.6623874],[134.53877,35.6703943],[134.5598881,35.6504963],[134.5698331,35.6577239],[134.5769517,35.6522755],[134.5782247,35.6609443],[134.5906188,35.6554996],[134.6065904,35.6558736],[134.6066859,35.648849],[134.6143798,35.6483982],[134.6163001,35.6392753],[134.62741,35.6414846],[134.6277567,35.6464151],[134.6295068,35.6420506],[134.6274221,35.6498219],[134.6371981,35.6555823],[134.6337863,35.6475488],[134.6390223,35.649857],[134.6380314,35.6537987],[134.6422135,35.6502057],[134.6471266,35.660054],[134.6561341,35.6652305],[134.6660602,35.665258],[134.6648297,35.6556239],[134.6577741,35.6581592],[134.6632064,35.6481458],[134.674462,35.6609301],[134.6787083,35.6549673],[134.686512,35.6556869],[134.6882602,35.6654559],[134.6962669,35.6624084],[134.6921443,35.659594],[134.6947048,35.6546881],[134.7047892,35.6529426],[134.71078,35.6600403],[134.7075869,35.666914],[134.7255606,35.6669735],[134.7341873,35.6579548],[134.7438955,35.6595458],[134.7457573,35.6661854],[134.7488888,35.6598002],[134.7521381,35.6641119],[134.7576208,35.6612022],[134.763596,35.6747104],[134.7610489,35.6641604],[134.7633163,35.6663808],[134.7652066,35.6606884],[134.7837906,35.6606476],[134.7843936,35.666644],[134.7996015,35.6702725],[134.7986947,35.6670374],[134.8148907,35.663503],[134.8213759,35.6562372],[134.8392284,35.6557506],[134.8335587,35.6487861],[134.8394581,35.6502499],[134.8354946,35.6472516],[134.8406505,35.642441],[134.8523305,35.6596147],[134.8675047,35.6582324]]}},{"type":"Feature","properties":{"areaCode1":"530","areaCode2":"531"},"geometry":{"type":"LineString","coordinates":[[134.8993258,35.2262792],[134.9187081,35.2120106],[134.9014783,35.1945125]]}},{"type":"Feature","properties":{"areaCode1":"530","areaCode2":"531"},"geometry":{"type":"LineString","coordinates":[[134.8993258,35.2262792],[134.9091042,35.2345817],[134.9037403,35.2386467],[134.9029922,35.2541978],[134.9229944,35.2773903],[134.9252347,35.2891433],[134.9381689,35.3004372],[134.9376144,35.3076106]]}},{"type":"Feature","properties":{"areaCode1":"530","areaCode2":"532"},"geometry":{"type":"LineString","coordinates":[[134.5068389,35.3385214],[134.53432,35.3221217],[134.5356419,35.3172833],[134.5444908,35.3163761],[134.5500503,35.3094378],[134.5796197,35.2959972],[134.5831108,35.2780969],[134.6006125,35.2666217],[134.61337,35.2694428],[134.6277594,35.2807533],[134.6413256,35.2743133],[134.6537914,35.2534128],[134.6683806,35.2562572],[134.6820369,35.2416539],[134.6944286,35.248845],[134.697115,35.2418164],[134.6904083,35.2347364],[134.6977419,35.2285925],[134.6977517,35.2144828],[134.7104003,35.2120561],[134.7212889,35.1957744],[134.7282414,35.1932658],[134.7175294,35.1793469],[134.7285739,35.1657375],[134.7235153,35.1599472],[134.7295789,35.1472339],[134.7352825,35.1410714],[134.7552119,35.1366056],[134.7675147,35.1453522],[134.7666564,35.1363064],[134.7741403,35.1254672],[134.79029,35.1424917],[134.8054358,35.1400503],[134.8168886,35.1439403],[134.8256925,35.1345217],[134.8444022,35.1490344],[134.8443289,35.1621728],[134.8794142,35.1751206],[134.88965,35.1955981],[134.9014783,35.1945125]]}},{"type":"Feature","properties":{"areaCode1":"530","areaCode2":"560"},"geometry":{"type":"LineString","coordinates":[[134.3699444,35.6145847],[134.3715228,35.6085703],[134.3929489,35.6014572],[134.4083036,35.589065],[134.4050403,35.5704978],[134.4100375,35.5628217],[134.4216906,35.5627747],[134.4250767,35.5518608],[134.4209333,35.5447367],[134.4256006,35.5418064],[134.4127022,35.5149044],[134.4276322,35.5086547],[134.4308764,35.5024692],[134.4274328,35.496565],[134.4381408,35.4760731],[134.4336594,35.4664075],[134.4381819,35.4612294],[134.4398008,35.4433917],[134.4800061,35.4271908],[134.4758822,35.4235503],[134.4804803,35.4031394],[134.471385,35.3800322],[134.4889519,35.3679075],[134.5028678,35.3659614],[134.5041653,35.3597606],[134.5137333,35.3538897],[134.5068389,35.3385214]]}},{"type":"Feature","properties":{"areaCode1":"531","areaCode2":""},"geometry":{"type":"LineString","coordinates":[[134.7572292,34.751841],[134.7661413,34.7598577],[134.7613061,34.7621508]]}},{"type":"Feature","properties":{"areaCode1":"531","areaCode2":""},"geometry":{"type":"LineString","coordinates":[[134.7572292,34.751841],[134.7633206,34.7484946],[134.7694362,34.7514916],[134.7853498,34.7405718],[134.7894476,34.7469593],[134.7920392,34.7447365],[134.7872453,34.7401863],[134.7972805,34.7298321],[134.7992394,34.7359128],[134.8006986,34.7317224],[134.8109374,34.7320175],[134.8063788,34.7164657],[134.8110104,34.7320335],[134.8152345,34.7313196],[134.8088038,34.7184783],[134.8315942,34.698185],[134.8285394,34.7101595],[134.8365815,34.7073685],[134.843726,34.7213774],[134.845092,34.7155278],[134.8482053,34.7195929],[134.8464989,34.7155597],[134.858353,34.7137789],[134.8886376,34.6931923],[134.886625,34.6906751],[134.8956119,34.6889949],[134.9078689,34.6750897],[134.929623,34.6711284],[134.9662466,34.6439489],[134.9637602,34.6471577],[134.9819485,34.6401204],[134.9904828,34.6412124],[134.9887047,34.6456753],[134.9947914,34.6449243],[134.991318,34.641609],[135.0186152,34.6431768],[135.0456264,34.6247389],[135.0745195,34.6283208],[135.1103353,34.6410757],[135.1315561,34.6395243],[135.1299342,34.6424146],[135.1505251,34.6456699],[135.1461746,34.647726],[135.1493019,34.649018],[135.1833579,34.6495014],[135.1876093,34.6527756],[135.1842718,34.659294],[135.1806674,34.6554338],[135.177413,34.6638447],[135.1827145,34.6616582],[135.1873776,34.6668831],[135.177072,34.6680574],[135.1887456,34.6708658],[135.1869575,34.6768617],[135.182077,34.6768177],[135.186019,34.6779826],[135.1843781,34.6820435],[135.1887606,34.6789081],[135.1931633,34.6855958],[135.1931374,34.6794223],[135.2007561,34.6837674],[135.2023949,34.6786374],[135.2018324,34.6850032],[135.2181846,34.6900185],[135.2144965,34.6927507],[135.2189032,34.6954935],[135.2240198,34.6916975],[135.2383106,34.69327],[135.2279882,34.7000467],[135.2681954,34.7018385],[135.2679148,34.7069678],[135.271873,34.7022293],[135.2879796,34.7039858],[135.2867824,34.7118966],[135.2817332,34.7124403],[135.2912237,34.7148231],[135.2918429,34.7207026],[135.3053337,34.7186117],[135.3061548,34.7144828],[135.323882,34.7180211],[135.322351,34.7258193],[135.3346839,34.7217577],[135.3374703,34.727109],[135.3638233,34.7052866],[135.3539047,34.6968162],[135.3632359,34.6884621],[135.3684913,34.6963123],[135.3737545,34.6930179],[135.3685037,34.6831602],[135.3712308,34.6807719],[135.3776822,34.6848698],[135.3776082,34.6926609],[135.3816568,34.6911138],[135.3853124,34.6964133],[135.3893067,34.6919157],[135.3923398,34.7012913],[135.4010487,34.6991138],[135.3928339,34.6882208],[135.3738364,34.6785828],[135.3761811,34.6765694],[135.391968,34.6800369],[135.4072975,34.6971008]]}},{"type":"Feature","properties":{"areaCode1":"531","areaCode2":""},"geometry":{"type":"LineString","coordinates":[[134.8364908,34.6972946],[134.8400231,34.6967142],[134.8458893,34.7082466],[134.8531457,34.7057326],[134.8478814,34.7122527],[134.8621163,34.7074421],[134.8532586,34.6941482],[134.8364908,34.6972946]]}},{"type":"Feature","properties":{"areaCode1":"531","areaCode2":""},"geometry":{"type":"LineString","coordinates":[[134.8573305,34.6920919],[134.8776004,34.6844146],[134.8862129,34.6894877],[134.8649135,34.7028443],[134.8689688,34.6957906],[134.861716,34.6971616],[134.8573305,34.6920919]]}},{"type":"Feature","properties":{"areaCode1":"531","areaCode2":""},"geometry":{"type":"LineString","coordinates":[[135.201442,34.6736293],[135.2042716,34.6562163],[135.2171547,34.6500771],[135.2494747,34.6508049],[135.2451137,34.6508155],[135.2388931,34.6612471],[135.2281482,34.6579692],[135.2257227,34.661996],[135.2364477,34.6652881],[135.2340208,34.6693273],[135.2453673,34.6706817],[135.2209921,34.667287],[135.2318863,34.6734344],[135.2177751,34.6726779],[135.2255231,34.6778882],[135.2199988,34.6827792],[135.201442,34.6736293]]}},{"type":"Feature","properties":{"areaCode1":"531","areaCode2":""},"geometry":{"type":"LineString","coordinates":[[135.2088632,34.6337624],[135.2131606,34.6399103],[135.2356999,34.6417277],[135.2404921,34.6331062],[135.210995,34.6294166],[135.2088632,34.6337624]]}},{"type":"Feature","properties":{"areaCode1":"531","areaCode2":""},"geometry":{"type":"LineString","coordinates":[[135.2522058,34.6933007],[135.2727686,34.6987536],[135.2880192,34.6967572],[135.2891036,34.6908717],[135.2787697,34.6896694],[135.2894702,34.6880297],[135.2905051,34.6817036],[135.2544631,34.6777611],[135.2522058,34.6933007]]}},{"type":"Feature","properties":{"areaCode1":"531","areaCode2":"532"},"geometry":{"type":"LineString","coordinates":[[134.7426675,34.7980086],[134.7464358,34.8061992],[134.7514867,34.7954122],[134.7643422,34.7965786],[134.7735006,34.8082597],[134.7714525,34.8131708],[134.7795553,34.817105],[134.7756908,34.8235228],[134.7636169,34.8252836],[134.7645981,34.8302592],[134.7749467,34.8286861],[134.7759797,34.8389778],[134.7862286,34.8366636],[134.8054428,34.8444622],[134.7943556,34.8656836],[134.8050439,34.8618456],[134.813635,34.8671006],[134.8086181,34.8745108],[134.7892261,34.8811472],[134.7859711,34.8886078],[134.7939792,34.8953694],[134.7967133,34.90559],[134.7942461,34.9292567],[134.8005236,34.9348697],[134.7961383,34.9539294],[134.8109672,34.9738633],[134.8132986,34.9844614],[134.8215975,34.987265],[134.8226972,34.9921406],[134.8304267,34.9900603],[134.8325233,35.0052806],[134.8484614,35.0221672],[134.8379372,35.0375586],[134.8481208,35.0472831],[134.8350186,35.0640689],[134.8424731,35.0702017],[134.8450031,35.0839586],[134.8562369,35.0891517],[134.8495892,35.1039789],[134.853395,35.1128175],[134.8654692,35.1176728],[134.8754458,35.1395164],[134.8906628,35.1462442],[134.9036214,35.1609369],[134.8976428,35.1716764],[134.9075336,35.1887811],[134.9014783,35.1945125]]}},{"type":"Feature","properties":{"areaCode1":"531","areaCode2":"532"},"geometry":{"type":"LineString","coordinates":[[134.7426675,34.7980086],[134.7484986,34.7905864],[134.7450794,34.7877542],[134.7500869,34.7737142],[134.7522586,34.7832742],[134.7594553,34.7878472],[134.7574344,34.7935081],[134.7672389,34.7819539],[134.7613061,34.7621508]]}},{"type":"Feature","properties":{"areaCode1":"532","areaCode2":""},"geometry":{"type":"LineString","coordinates":[[134.3217294,34.7219461],[134.3397404,34.7391557],[134.3417244,34.7358302],[134.3446596,34.7384731],[134.342079,34.7353233],[134.3639476,34.7394618],[134.3627626,34.7463296],[134.352498,34.7451481],[134.3588289,34.7512788],[134.3685061,34.7447761],[134.3723582,34.7393594],[134.3675905,34.7378301],[134.3723382,34.739313],[134.3733975,34.7328924],[134.3799417,34.7362101],[134.3736986,34.7308454],[134.3852792,34.7261168],[134.3875158,34.7305607],[134.4087831,34.7261071],[134.4139761,34.7288987],[134.4343391,34.7476016],[134.4258558,34.7543596],[134.4325757,34.7566106],[134.4297904,34.7625091],[134.4330211,34.7661809],[134.4554549,34.7681163],[134.4506813,34.7537106],[134.4642827,34.764069],[134.4566331,34.780405],[134.4572781,34.7857952],[134.4664635,34.7906131],[134.4678786,34.7984935],[134.4595336,34.8032264],[134.4657456,34.8090517],[134.4680297,34.7927211],[134.4773419,34.7874277],[134.4696819,34.784303],[134.4724611,34.7748937],[134.4690961,34.7668491],[134.4741962,34.7552096],[134.481187,34.7599198],[134.4821899,34.7672189],[134.4912973,34.7661226],[134.4999108,34.7745258],[134.5053645,34.7660671],[134.5007778,34.7678486],[134.501968,34.7618046],[134.5089241,34.7632159],[134.5275151,34.7829232],[134.5407697,34.7701954],[134.5478846,34.7732271],[134.5595004,34.7694639],[134.5583231,34.7641957],[134.5660338,34.7572959],[134.5652288,34.7610954],[134.5700054,34.7574085],[134.5864364,34.7618642],[134.584845,34.7687289],[134.6051755,34.775],[134.6054394,34.7794769],[134.613265,34.7779355],[134.6087775,34.77499],[134.6113942,34.7678608],[134.623885,34.7694183],[134.6286951,34.7784306],[134.6224357,34.7837596],[134.6439206,34.7834139],[134.6319467,34.7775181],[134.6333227,34.767371],[134.6288292,34.7638605],[134.6455726,34.7667579],[134.6461519,34.7794497],[134.6543284,34.7827876],[134.6557219,34.7884914],[134.6503531,34.7705864],[134.6633581,34.7849597],[134.6702775,34.7800178],[134.6579278,34.7739439],[134.6678669,34.7706021],[134.6736922,34.7764931],[134.6811173,34.7658591],[134.6769206,34.7734339],[134.6834689,34.7721293],[134.6857001,34.7782364],[134.6894052,34.7771172],[134.6876457,34.7711499],[134.6950298,34.7703628],[134.7028372,34.7724936],[134.7002464,34.7777503],[134.7062362,34.7763136],[134.7036123,34.7725638],[134.7077888,34.7769496],[134.7312115,34.7679609],[134.7336798,34.7707931],[134.7331168,34.7659622],[134.7462586,34.7688191],[134.7595327,34.7635603],[134.7586017,34.7583524],[134.7613061,34.7621508]]}},{"type":"Feature","properties":{"areaCode1":"532","areaCode2":""},"geometry":{"type":"LineString","coordinates":[[134.4584587,34.6454449],[134.4675833,34.6403411],[134.4811408,34.6499472],[134.4827264,34.6463739],[134.4907582,34.6476839],[134.4841172,34.6411606],[134.5000569,34.6440383],[134.4982006,34.6527561],[134.493506,34.6526662],[134.4951356,34.659375],[134.4900454,34.6584164],[134.4959983,34.6680043],[134.4844408,34.6713174],[134.4872612,34.6629464],[134.4821875,34.6583211],[134.4792117,34.6636267],[134.4748619,34.6579714],[134.4667663,34.6619745],[134.4702886,34.6668703],[134.4659196,34.6656671],[134.4584587,34.6454449]]}},{"type":"Feature","properties":{"areaCode1":"532","areaCode2":""},"geometry":{"type":"LineString","coordinates":[[134.5080964,34.6772619],[134.5355886,34.6865522],[134.5340487,34.6798689],[134.5287739,34.6814342],[134.5275257,34.6772334],[134.5323229,34.6727923],[134.5357626,34.6794605],[134.5459081,34.6798258],[134.5456739,34.6612375],[134.5359028,34.6584453],[134.5080964,34.6772619]]}},{"type":"Feature","properties":{"areaCode1":"532","areaCode2":""},"geometry":{"type":"LineString","coordinates":[[134.5615508,34.6687419],[134.573385,34.6771031],[134.5903035,34.6681981],[134.5910673,34.6627356],[134.5742058,34.6510008],[134.5615508,34.6687419]]}},{"type":"Feature","properties":{"areaCode1":"532","areaCode2":"560"},"geometry":{"type":"LineString","coordinates":[[134.4028144,35.2410244],[134.4228469,35.2371664],[134.4349658,35.229195],[134.4477661,35.23792],[134.4634722,35.2368231],[134.4617672,35.2440292],[134.4774586,35.2494794],[134.4863931,35.2627375],[134.5153708,35.2773083],[134.5092742,35.2940281],[134.5148022,35.3076722],[134.5034283,35.3185078],[134.5019297,35.3263142],[134.5068389,35.3385214]]}},{"type":"Feature","properties":{"areaCode1":"532","areaCode2":"580"},"geometry":{"type":"LineString","coordinates":[[134.2542025,34.9460036],[134.2769728,34.9632036],[134.2733447,34.9674175],[134.2769683,34.9767594],[134.2696489,34.9785647],[134.2706453,34.9832981],[134.2866814,34.9961122],[134.2652558,35.0053058],[134.2675981,35.0215375],[134.2755219,35.0234722],[134.2815908,35.0372322],[134.2925472,35.0375383],[134.2973486,35.0431042],[134.3053053,35.0401692],[134.30775,35.0459125],[134.3168739,35.0435289],[134.3145403,35.0609044],[134.3217311,35.0688031],[134.3189239,35.0832819],[134.3328408,35.0861533],[134.3371794,35.0913622],[134.3503475,35.0910369],[134.3550778,35.0991817],[134.3529519,35.1134656],[134.3607475,35.1202189],[134.3562094,35.1244167],[134.3673933,35.1469614],[134.39432,35.1527383],[134.4070214,35.1473306],[134.4120042,35.1526483],[134.4131281,35.1588222],[134.4061406,35.1655047],[134.4126333,35.1776497],[134.4117761,35.1860194],[134.3829925,35.1944389],[134.3799828,35.2093556],[134.3823956,35.2215825],[134.3969394,35.2274711],[134.4028144,35.2410244]]}},{"type":"Feature","properties":{"areaCode1":"532","areaCode2":"581"},"geometry":{"type":"LineString","coordinates":[[134.2527378,34.8518986],[134.2589753,34.8703136],[134.2670622,34.8753878],[134.2628389,34.8843075],[134.2699797,34.8836039],[134.2692928,34.8890911],[134.2891481,34.8976911],[134.295015,34.9074625],[134.2844917,34.9210347],[134.2747994,34.9242803],[134.2730867,34.9325506],[134.2540942,34.9376567],[134.2542025,34.9460036]]}},{"type":"Feature","properties":{"areaCode1":"532","areaCode2":"581"},"geometry":{"type":"LineString","coordinates":[[134.2527378,34.8518986],[134.2653114,34.8404483],[134.2617817,34.8357689],[134.2638211,34.8266828],[134.2874456,34.8287981],[134.2879314,34.8215594],[134.3170989,34.8019511],[134.3193808,34.7872664],[134.3158278,34.7810408],[134.3348314,34.7691275],[134.3215306,34.7617092],[134.3130269,34.7383972],[134.3237625,34.7322525],[134.3217294,34.7219461]]}},{"type":"Feature","properties":{"areaCode1":"535","areaCode2":""},"geometry":{"type":"LineString","coordinates":[[134.6542884,34.2933288],[134.6630302,34.2880587],[134.6594242,34.2723617],[134.6690093,34.2717571],[134.6760024,34.2558809],[134.6581613,34.240658],[134.6810171,34.2484027],[134.695068,34.2478502],[134.7009848,34.2413416],[134.7070507,34.2444863],[134.7032043,34.2477297],[134.707702,34.2521478],[134.7227488,34.2554777],[134.7217372,34.241494],[134.71074,34.2401787],[134.6997778,34.2221991],[134.7009232,34.2170402],[134.7174082,34.2154368],[134.7302941,34.2071276],[134.729754,34.1889979],[134.7756237,34.2005299],[134.7973898,34.1973226],[134.7945768,34.1995008],[134.8148538,34.2079477],[134.8460651,34.2309115],[134.8984418,34.2521527],[134.951617,34.2665006],[134.9551844,34.2770102],[134.9489254,34.2743158],[134.9495979,34.2867674],[134.9433448,34.2991019],[134.9209705,34.3114367],[134.9149118,34.3335893],[134.9125637,34.3309319],[134.9142165,34.3379407],[134.9040304,34.3408636],[134.9033122,34.3470927],[134.8971739,34.3467272],[134.9011651,34.3500272],[134.8936566,34.3522411],[134.8981728,34.3685577],[134.8947786,34.3989883],[134.8993516,34.412255],[134.8949384,34.4167761],[134.8996709,34.4133848],[134.902982,34.4193795],[134.899014,34.4197218],[134.9112334,34.4297196],[134.9051331,34.4290702],[134.9053738,34.4323798],[134.9107552,34.4373578],[134.9148188,34.4335152],[134.9248596,34.4441366],[134.9164553,34.4448199],[134.9237061,34.4511136],[134.9257881,34.4458157],[134.9406376,34.4591832],[134.9343194,34.4583808],[134.9585259,34.4889432],[134.988784,34.5116562],[134.9944069,34.5247692],[134.994253,34.5431611],[135.001852,34.5495077],[134.9983194,34.5508554],[135.0134554,34.5601441],[135.0256676,34.5761201],[135.0229231,34.5902503],[135.0163523,34.5912212],[135.0032378,34.6089128],[134.9840722,34.6035736],[134.9350678,34.5494237],[134.9222502,34.5465907],[134.9134544,34.5360327],[134.898585,34.5292293],[134.8876038,34.5313875],[134.8753237,34.5181041],[134.8779739,34.5254508],[134.8415735,34.4713526],[134.8334369,34.4661168],[134.8302209,34.4694954],[134.8263678,34.4661645],[134.8301468,34.4705295],[134.8186942,34.4694359],[134.8029292,34.4494531],[134.7979369,34.4491544],[134.7830653,34.4167439],[134.7753123,34.4157209],[134.7653981,34.3891587],[134.7548882,34.3855528],[134.74938,34.3770516],[134.7368403,34.3444718],[134.7252331,34.3326725],[134.73009,34.3299724],[134.7233047,34.3284792],[134.7241032,34.3333102],[134.7188268,34.3253282],[134.7066116,34.3210826],[134.693498,34.3244784],[134.6873571,34.3311756],[134.6621754,34.2969278],[134.6542884,34.2933288]]}},{"type":"Feature","properties":{"areaCode1":"535","areaCode2":""},"geometry":{"type":"LineString","coordinates":[[134.811068,34.1575657],[134.8121465,34.1662602],[134.8221913,34.1707549],[134.8192501,34.1783398],[134.824251,34.1786671],[134.8308699,34.1718258],[134.8305761,34.16441],[134.8229488,34.1572393],[134.811068,34.1575657]]}},{"type":"Feature","properties":{"areaCode1":"540","areaCode2":"550"},"geometry":{"type":"LineString","coordinates":[[135.5396817,34.0758108],[135.5482244,34.0681439]]}},{"type":"Feature","properties":{"areaCode1":"540","areaCode2":"550"},"geometry":{"type":"LineString","coordinates":[[135.5396817,34.0758108],[135.5497931,34.0849847],[135.5472869,34.1003292],[135.5784356,34.1158139],[135.5886481,34.1471281],[135.6219183,34.1584217],[135.6206031,34.1685208],[135.6417908,34.1829194],[135.6451064,34.1906744],[135.6340842,34.1986692],[135.6435153,34.2156228],[135.6723808,34.2243236],[135.7080336,34.2081972],[135.7274756,34.2207267],[135.7300169,34.2316011],[135.7235111,34.2397983],[135.7184467,34.2633197],[135.6924694,34.2782719],[135.6892128,34.2715542],[135.6808058,34.2706161],[135.6726844,34.2815714],[135.6755225,34.2901183],[135.6672486,34.300615],[135.6656856,34.3122486],[135.668935,34.3229042],[135.6600947,34.3269408],[135.6589544,34.3328767],[135.6635253,34.3554439],[135.6511286,34.3832064]]}},{"type":"Feature","properties":{"areaCode1":"540","areaCode2":"551"},"geometry":{"type":"LineString","coordinates":[[135.5482244,34.0681439],[135.5633931,34.0633853],[135.5670622,34.0573461],[135.5804897,34.0579103],[135.5944081,34.0442678],[135.5996603,34.0320194],[135.5915458,34.0195631],[135.5938489,34.0129808],[135.6221931,34.0096683],[135.6242111,34.0002086],[135.6386761,33.9851494],[135.6372311,33.9506486],[135.6169317,33.9538164],[135.6171264,33.9373142],[135.6094594,33.9320758],[135.6141358,33.9253528],[135.61053,33.9133283],[135.5999736,33.9083361],[135.6062031,33.8991189],[135.6228722,33.8979586],[135.6265675,33.8833611],[135.61786,33.8721072],[135.6479881,33.8768978],[135.6622044,33.8890831],[135.6606044,33.8975656],[135.6787106,33.8981692],[135.6859578,33.903955],[135.72411,33.9032878],[135.756115,33.885165],[135.7660583,33.8907922],[135.7776533,33.8881844],[135.80168,33.8957075],[135.8086028,33.9064681],[135.8360564,33.8955153],[135.8513283,33.8943161],[135.8552894,33.8878167],[135.85309,33.877325],[135.8579211,33.8731528]]}},{"type":"Feature","properties":{"areaCode1":"540","areaCode2":"551"},"geometry":{"type":"LineString","coordinates":[[135.8583839,33.8967967],[135.8689475,33.9142967],[135.8658586,33.9220717],[135.8804281,33.9177856],[135.8807608,33.9093722]]}},{"type":"Feature","properties":{"areaCode1":"540","areaCode2":"551"},"geometry":{"type":"LineString","coordinates":[[135.8583839,33.8967967],[135.8610944,33.8871419],[135.8714411,33.8887306],[135.8826881,33.8788708],[135.8733094,33.8704475],[135.8748322,33.8615964]]}},{"type":"Feature","properties":{"areaCode1":"540","areaCode2":"551"},"geometry":{"type":"LineString","coordinates":[[135.8924372,33.9455464],[135.9260269,33.9812658],[135.9393547,33.9808297],[135.9414044,33.9756903],[135.9472614,33.9806661],[135.9750464,33.9861297],[135.9850222,33.9918389],[135.9906831,34.0035347],[136.0036069,34.0098814]]}},{"type":"Feature","properties":{"areaCode1":"540","areaCode2":"551"},"geometry":{"type":"LineString","coordinates":[[135.8924372,33.9455464],[135.8992106,33.9252572],[135.9097314,33.9226969],[135.9090836,33.9184744]]}},{"type":"Feature","properties":{"areaCode1":"550","areaCode2":""},"geometry":{"type":"LineString","coordinates":[[135.0563856,33.8880983],[135.0647119,33.8922997],[135.0589392,33.90488],[135.0761603,33.9030361],[135.0839997,33.9103639],[135.0783811,33.9137758],[135.0824786,33.9196542],[135.0752194,33.9176203],[135.0797083,33.9240161],[135.0773226,33.9275258],[135.0717656,33.9238661],[135.0647736,33.9263294],[135.0679072,33.9314694],[135.0850383,33.9352122],[135.0865623,33.9394788],[135.0810428,33.9411614],[135.0901828,33.9427222],[135.0885078,33.9491214],[135.1005699,33.9495775],[135.1054764,33.9562452],[135.1181009,33.9602187],[135.1080552,33.9590688],[135.1107906,33.9628786],[135.1019685,33.9625642],[135.1020163,33.9668232],[135.095699,33.9574876],[135.0795494,33.9557922],[135.0717903,33.9590804],[135.0838259,33.9614795],[135.0857016,33.968714],[135.0676811,33.9768739],[135.0881693,33.9792683],[135.0930736,33.9931944],[135.1073178,33.9928423],[135.1054741,33.9897839],[135.1094944,33.9890404],[135.1184848,33.9989341],[135.1333738,33.9990329],[135.143451,34.0075437],[135.1509347,34.0067594],[135.1369781,34.0169528],[135.1517397,34.0185847],[135.1522603,34.0258983],[135.1715236,34.0276931],[135.1676776,34.0372957],[135.1584649,34.0379735],[135.1626208,34.0403906],[135.1609202,34.0461453],[135.1461054,34.0453696],[135.147455,34.0542854],[135.1377583,34.0576973],[135.1359899,34.064651],[135.1044246,34.0712969],[135.0883184,34.0669874],[135.0785448,34.0738229],[135.0887608,34.0727277],[135.0880452,34.0772008],[135.0963433,34.0808604],[135.0866404,34.0774518],[135.0960943,34.0815955],[135.096448,34.0931958],[135.0992456,34.0955663],[135.1011265,34.0907295],[135.105329,34.0991903],[135.1109198,34.0969665],[135.1078918,34.0982736],[135.1156317,34.119895],[135.1376806,34.1097247],[135.1395382,34.1136536],[135.1460442,34.1108259],[135.1418742,34.1175201],[135.1329709,34.1181653],[135.1325027,34.1343401],[135.1273748,34.1279852],[135.1214029,34.1300374],[135.1258523,34.136659],[135.1546412,34.1391181],[135.1701324,34.1332395],[135.1844565,34.1445632],[135.1977792,34.1428787],[135.2023224,34.1499297],[135.2095959,34.1494727],[135.1827931,34.1470974],[135.1866538,34.1557575],[135.1935961,34.158655],[135.1826709,34.1582172],[135.1799748,34.186913],[135.1736408,34.1882592],[135.1721753,34.1836826],[135.1804362,34.1692415],[135.1657188,34.1871667],[135.150039,34.1820709],[135.1466016,34.1894365],[135.1402211,34.1879253],[135.1365182,34.2027011],[135.1447439,34.1985312],[135.1427271,34.1951138],[135.1503439,34.1948066],[135.1413466,34.2090208],[135.1444642,34.2121247],[135.1347877,34.2143381],[135.1448497,34.2147909],[135.1437904,34.2190631],[135.1276,34.2169333],[135.1404302,34.2214014],[135.1395287,34.225409],[135.1103898,34.2269754],[135.1003907,34.2356127],[135.1181199,34.2351461],[135.1282479,34.2273273],[135.1327355,34.2298825],[135.1279548,34.2293903],[135.1314681,34.231383],[135.123216,34.2417757],[135.1162868,34.2464144],[135.118718,34.2377323],[135.0895214,34.2608321],[135.0614386,34.2634342],[135.0671238,34.2805695],[135.0671761,34.2748309],[135.0741866,34.2782604],[135.0708624,34.2765008],[135.0741329,34.2823675],[135.0678734,34.2853924],[135.0740234,34.3050657],[135.0928267,34.3120118]]}},{"type":"Feature","properties":{"areaCode1":"550","areaCode2":""},"geometry":{"type":"LineString","coordinates":[[135.0563856,33.8880983],[135.058365,33.8795356],[135.0800675,33.8909556],[135.0893589,33.8867564],[135.1125633,33.8934442],[135.1419224,33.8848176],[135.1580287,33.869886],[135.1535129,33.8651226],[135.1589253,33.8638789],[135.1581353,33.8590465],[135.1655394,33.8526161],[135.167237,33.8473401],[135.1626986,33.8453153],[135.1745885,33.8399255],[135.1745676,33.83213],[135.1848166,33.8270966],[135.1819239,33.8255227],[135.1860915,33.8195054],[135.2078581,33.8088953],[135.2170158,33.8141767],[135.2144929,33.810147],[135.2206133,33.8047353],[135.2349667,33.7989128],[135.2346981,33.7815836],[135.2705659,33.782665],[135.2950104,33.7713575],[135.2961625,33.7637425],[135.3142626,33.7688819],[135.3246705,33.7597339],[135.3273244,33.7420694],[135.3362656,33.7455383]]}},{"type":"Feature","properties":{"areaCode1":"550","areaCode2":"551"},"geometry":{"type":"LineString","coordinates":[[135.3357361,33.7477308],[135.34918,33.7773972],[135.3477886,33.8099517],[135.3560247,33.8089658],[135.3647717,33.8143947],[135.3747411,33.8290878],[135.3909811,33.8377114],[135.4152036,33.8335858],[135.444945,33.8415372],[135.4606461,33.8380236],[135.4650094,33.8531289],[135.4441558,33.8576186],[135.4404261,33.8655681],[135.4285858,33.8642611],[135.4289636,33.8799767],[135.4069681,33.8814194],[135.4008839,33.8878933],[135.4017108,33.8944369],[135.3932111,33.8954589],[135.3919811,33.9020369],[135.3980986,33.9065464],[135.3932911,33.9208797],[135.3978631,33.9297133],[135.4155428,33.9311144],[135.4246894,33.9461244],[135.4336889,33.9455183],[135.4323244,33.93992],[135.4405736,33.9473133],[135.4558783,33.9462572],[135.4682464,33.9360972],[135.47622,33.9422494],[135.4860069,33.9403033],[135.5233122,33.9520689],[135.5419544,33.9619869],[135.5477428,33.9730672],[135.5369633,33.9940644],[135.5295897,33.9989989],[135.5381375,34.0117628],[135.5284917,34.0223986],[135.5083278,34.0239947],[135.5046631,34.0395119],[135.5091681,34.0466178],[135.5324081,34.0486989],[135.5482244,34.0681439]]}},{"type":"Feature","properties":{"areaCode1":"550","areaCode2":"551"},"geometry":{"type":"LineString","coordinates":[[135.3357361,33.7477308],[135.3362656,33.7455383]]}},{"type":"Feature","properties":{"areaCode1":"551","areaCode2":""},"geometry":{"type":"LineString","coordinates":[[135.3295435,33.6705741],[135.3443202,33.681137],[135.3403287,33.6840606],[135.3450313,33.6883856],[135.333315,33.6928622],[135.3357422,33.69528],[135.3562459,33.6953832],[135.355067,33.6875479],[135.3595408,33.688318],[135.3533443,33.6831435],[135.3585664,33.6860895],[135.3604967,33.679563],[135.3651175,33.6796894],[135.3664322,33.6860796],[135.3778186,33.6827492],[135.3725214,33.6896804],[135.3829535,33.6912112],[135.377042,33.6949324],[135.3824201,33.7030828],[135.3857847,33.7014237],[135.3826158,33.6965286],[135.3881489,33.6946019],[135.3857887,33.6984476],[135.395958,33.703486],[135.3925331,33.7097203],[135.4001574,33.7207531],[135.3959747,33.7232795],[135.3936924,33.7151087],[135.3870027,33.7146603],[135.3730964,33.7295313],[135.3633948,33.7280637],[135.3682843,33.7314658],[135.3573822,33.7282633],[135.362507,33.7262891],[135.3533531,33.7265694],[135.348038,33.7343337],[135.3514513,33.7293255],[135.3566868,33.7410017],[135.348961,33.7472359],[135.3362656,33.7455383]]}},{"type":"Feature","properties":{"areaCode1":"551","areaCode2":""},"geometry":{"type":"LineString","coordinates":[[135.3295435,33.6705741],[135.3432669,33.6583058],[135.3772824,33.6532427],[135.3919153,33.6424717],[135.3933599,33.6272281],[135.3995471,33.6312583],[135.3972631,33.6247975],[135.3897668,33.6217241],[135.3906816,33.6168489],[135.3978033,33.6164089],[135.3926594,33.6142303],[135.3930501,33.608046],[135.3874995,33.6074014],[135.3860446,33.5999766],[135.3931847,33.5978529],[135.3888082,33.5960537],[135.3942324,33.5926474],[135.3911377,33.5910222],[135.4002562,33.5836423],[135.4037505,33.5889541],[135.4027464,33.5811509],[135.4087583,33.575813],[135.418098,33.5805075],[135.4195988,33.5691256],[135.4225116,33.5725786],[135.4429205,33.5639467],[135.4449816,33.5563012],[135.4491347,33.5564704],[135.4462329,33.5489568],[135.4587472,33.553224],[135.4586659,33.5460591],[135.4672301,33.5461849],[135.4767944,33.5513189],[135.4804312,33.5445696],[135.4885757,33.5464102],[135.4879326,33.5506134],[135.4936865,33.5448077],[135.4870139,33.5428172],[135.5103762,33.5348166],[135.5144891,33.531027],[135.5103019,33.5258322],[135.517637,33.5220397],[135.5340164,33.5178257],[135.5435344,33.5209509],[135.5466732,33.5161961],[135.5597587,33.5141394],[135.5743096,33.5160889],[135.5782715,33.5074144],[135.5844871,33.508092],[135.5899496,33.5024806],[135.5907741,33.5072954],[135.600068,33.5031516],[135.6064544,33.5096933],[135.6271157,33.5026339],[135.629571,33.509117],[135.6752619,33.4877836],[135.6968392,33.4865163],[135.7017847,33.4932732],[135.7037907,33.4878665],[135.7101077,33.487745],[135.7062614,33.4821862],[135.7088224,33.4779397],[135.7130981,33.485732],[135.7247019,33.4772714],[135.7362305,33.4860369],[135.738691,33.4765523],[135.7467821,33.4824492],[135.7665954,33.481868],[135.7659633,33.4723515],[135.7695905,33.478647],[135.7749426,33.4781287],[135.7715803,33.4741796],[135.7758775,33.4613707],[135.7500229,33.4493453],[135.7559453,33.4441542],[135.7532894,33.4367983],[135.7625135,33.433015],[135.7696337,33.4469682],[135.778435,33.4460997],[135.7875884,33.437792],[135.7884694,33.4449669],[135.7927922,33.4443577],[135.7908351,33.4483747],[135.7979802,33.4451995],[135.7892817,33.4578458],[135.7966229,33.4619064],[135.7895526,33.4582581],[135.786135,33.4648525],[135.7810571,33.4639275],[135.7822891,33.4700849],[135.7871185,33.4676029],[135.7835019,33.474239],[135.7945403,33.4848938],[135.7990374,33.4996806],[135.8121693,33.5022947],[135.8244283,33.5143562],[135.8359355,33.5108393],[135.8432269,33.5121814],[135.8417012,33.5168928],[135.8472895,33.5208616],[135.8549702,33.5173301],[135.8526253,33.5222126],[135.8722988,33.5320169],[135.8714733,33.5352534],[135.8783594,33.5285876],[135.8873576,33.5395483],[135.8935273,33.5392287],[135.8969522,33.5451658],[135.9163316,33.5527367],[135.9161236,33.5581588],[135.9240286,33.5591923],[135.9141251,33.5634652],[135.8909717,33.5568603],[135.9140266,33.570638],[135.9212364,33.5693083],[135.9235394,33.5764179],[135.9391916,33.5736104],[135.9401349,33.578388],[135.9596245,33.5820024],[135.9619908,33.595229],[135.9454634,33.59078],[135.9428204,33.593749],[135.95055,33.5913439],[135.9450668,33.6048807],[135.934218,33.5931089],[135.9261257,33.6047982],[135.925863,33.6096774],[135.9382906,33.6138269],[135.9360988,33.6184461],[135.940128,33.6148395],[135.9460233,33.6173196],[135.9413935,33.6210705],[135.9449107,33.6279291],[135.9505827,33.6302751],[135.9516751,33.6175574],[135.9537417,33.6219074],[135.9525295,33.6327748],[135.9410192,33.6339785],[135.9369622,33.642374],[135.9485826,33.6494794],[135.9568213,33.6489878],[135.9604914,33.6543866],[135.9711852,33.651315],[135.9775076,33.6534161],[135.9682818,33.6551131],[135.9752922,33.657514],[135.979014,33.6486371],[135.9861498,33.655177],[135.9870409,33.6652467],[135.9770025,33.6591485],[135.9717916,33.6725931],[135.9889801,33.6853859],[135.9908639,33.681839],[135.9858004,33.6806657],[135.9901281,33.679775],[135.9915107,33.6854266],[135.9867569,33.689362],[135.9931753,33.6956664],[135.992426,33.7010587],[136.01189,33.7233007]]}},{"type":"Feature","properties":{"areaCode1":"551","areaCode2":""},"geometry":{"type":"LineString","coordinates":[[135.7975714,33.4636871],[135.8003726,33.4723571],[135.8114264,33.4813895],[135.8141391,33.4762473],[135.8629642,33.4716895],[135.8534208,33.4661978],[135.8535754,33.4598915],[135.8404953,33.460349],[135.8365034,33.45284],[135.8291656,33.4561644],[135.8317642,33.4488836],[135.8217316,33.4521341],[135.8232287,33.4616739],[135.7975714,33.4636871]]}},{"type":"Feature","properties":{"areaCode1":"560","areaCode2":""},"geometry":{"type":"LineString","coordinates":[[133.9652005,35.5228374],[133.9951211,35.5232073],[134.0077843,35.5379062],[134.0178209,35.5216429],[134.0337563,35.5184853],[134.1615928,35.5321767],[134.1837725,35.5415971],[134.1792599,35.538133],[134.1867074,35.5389807],[134.1961031,35.532712],[134.1872893,35.5397865],[134.1872956,35.543395],[134.1916779,35.5409741],[134.1916213,35.5470527],[134.1945797,35.5399415],[134.2093304,35.5418698],[134.2693985,35.5590073],[134.2772644,35.5726862],[134.2897736,35.5744069],[134.2877544,35.5813131],[134.2896555,35.5775216],[134.2894709,35.581187],[134.296754,35.580141],[134.2919989,35.5846269],[134.2857247,35.5824574],[134.2936368,35.5892665],[134.3165901,35.5964644],[134.3128535,35.593247],[134.3351066,35.5923824],[134.3407222,35.5981269],[134.337388,35.6005418],[134.3397408,35.6082537],[134.3454383,35.6091254],[134.3494762,35.6007611],[134.365949,35.6019029],[134.3710347,35.605992],[134.3699444,35.6145847]]}},{"type":"Feature","properties":{"areaCode1":"560","areaCode2":"562"},"geometry":{"type":"LineString","coordinates":[[133.9460339,35.4617572],[133.9562247,35.4974272],[133.9711039,35.5124981],[133.9652005,35.5228374]]}},{"type":"Feature","properties":{"areaCode1":"560","areaCode2":"562"},"geometry":{"type":"LineString","coordinates":[[133.9460339,35.4617572],[133.9536911,35.4508036],[133.9474178,35.4412919],[133.9515328,35.4279683],[133.9709575,35.4220439],[133.9957653,35.4229761],[133.9942669,35.4151342],[134.0008717,35.4065383],[133.9918469,35.3930453],[134.0422981,35.3775256],[134.0333392,35.3662597],[134.0273247,35.3690264],[134.0190053,35.3636853],[134.0198397,35.3559589],[134.0148058,35.3503914]]}},{"type":"Feature","properties":{"areaCode1":"560","areaCode2":"580"},"geometry":{"type":"LineString","coordinates":[[133.9994183,35.3148019],[134.0122689,35.3067836],[134.0282411,35.3078203],[134.0520458,35.2980908],[134.0620186,35.3030633],[134.0702164,35.2972736],[134.0864225,35.3074117],[134.0977594,35.3056975],[134.1157081,35.2835464],[134.1355908,35.2824461],[134.1412975,35.2749397],[134.1376989,35.2693461],[134.1505789,35.2579564],[134.1430433,35.2507233],[134.14552,35.2429606],[134.13734,35.2386522],[134.1439686,35.2314922],[134.1582464,35.2345631],[134.1641842,35.2279756],[134.1529481,35.1962844],[134.1655544,35.1872719],[134.1674011,35.1720178],[134.1724478,35.1697433],[134.1899367,35.1758653],[134.1934739,35.1891231],[134.2217956,35.1904514],[134.2278253,35.1972272],[134.2497589,35.2006806],[134.2604717,35.2109761],[134.2784608,35.1968708],[134.3212175,35.2018172],[134.3366547,35.2196028],[134.3689,35.2317194],[134.3748214,35.2376722],[134.3729597,35.2458017],[134.3899497,35.2522197],[134.3980017,35.2502533],[134.4028144,35.2410244]]}},{"type":"Feature","properties":{"areaCode1":"560","areaCode2":"580"},"geometry":{"type":"LineString","coordinates":[[133.9994183,35.3148019],[134.0041806,35.3253244],[134.0155092,35.3340781],[134.0108217,35.3403961],[134.0148058,35.3503914]]}},{"type":"Feature","properties":{"areaCode1":"562","areaCode2":""},"geometry":{"type":"LineString","coordinates":[[133.6081647,35.5221672],[133.6505372,35.515684],[133.668787,35.5065997],[133.7048599,35.5083399],[133.7245704,35.5028641],[133.780826,35.5005896],[133.8682311,35.505253],[133.8757349,35.5093817],[133.9263793,35.5088558],[133.9368865,35.5128686],[133.9366591,35.5166809],[133.9393104,35.5144486],[133.9394721,35.5184194],[133.9514423,35.5163751],[133.9595891,35.5188625],[133.9597066,35.5254293],[133.9652005,35.5228374]]}},{"type":"Feature","properties":{"areaCode1":"562","areaCode2":"563"},"geometry":{"type":"LineString","coordinates":[[133.5589397,35.3636492],[133.5717031,35.3551342],[133.5803883,35.3589706],[133.5856658,35.3517242],[133.5937217,35.3512692],[133.5964144,35.3448956]]}},{"type":"Feature","properties":{"areaCode1":"562","areaCode2":"563"},"geometry":{"type":"LineString","coordinates":[[133.5589397,35.3636492],[133.5608428,35.3810517],[133.5785008,35.3789467],[133.5765725,35.3822714],[133.5826333,35.3881867],[133.5836697,35.4086067],[133.5747636,35.4297419],[133.5835656,35.4273214],[133.5985792,35.4491822],[133.5975872,35.4745044],[133.6031681,35.5045106],[133.5983092,35.5114108],[133.6081647,35.5221672]]}},{"type":"Feature","properties":{"areaCode1":"562","areaCode2":"580"},"geometry":{"type":"LineString","coordinates":[[133.5964144,35.3448956],[133.6221914,35.3367094],[133.6328364,35.3398242],[133.6496283,35.3362153],[133.6783511,35.3189417],[133.6912397,35.3201403],[133.6971092,35.3271444],[133.7289017,35.3167244],[133.7452453,35.3195128],[133.7506925,35.3113964],[133.7569603,35.3081978],[133.7623383,35.3110867],[133.7835731,35.2947653],[133.7897414,35.2975833],[133.7895594,35.2935339],[133.8000069,35.2926489],[133.8180225,35.2527117],[133.8320756,35.2488325],[133.8445733,35.2494944],[133.8533669,35.2658594],[133.8659433,35.2722589],[133.8621394,35.2925044],[133.8860497,35.2942478],[133.9081683,35.3072019],[133.9252217,35.3068989],[133.9319433,35.3163331],[133.9280072,35.3245214],[133.9341,35.3351269],[133.9453214,35.3326156],[133.9696328,35.3478344],[133.9796889,35.3433756],[133.9976678,35.3529003],[134.0148058,35.3503914]]}},{"type":"Feature","properties":{"areaCode1":"563","areaCode2":""},"geometry":{"type":"LineString","coordinates":[[133.2445492,35.5351216],[133.2462891,35.5276922],[133.2557769,35.5282841],[133.260585,35.5197326],[133.2510387,35.5153164],[133.2599399,35.5039925],[133.2940409,35.4774721],[133.3314213,35.4641183],[133.4018102,35.4527859],[133.4271185,35.4618134],[133.4232464,35.4642552],[133.4283726,35.4657394],[133.4342525,35.4775458],[133.4310441,35.4803623],[133.4471203,35.4947678],[133.4725773,35.4989319],[133.4977475,35.5157986],[133.5311039,35.5195267],[133.5361111,35.5240347],[133.5460858,35.5214767],[133.5638661,35.5306818],[133.5904431,35.5319731],[133.6081647,35.5221672]]}},{"type":"Feature","properties":{"areaCode1":"563","areaCode2":""},"geometry":{"type":"LineString","coordinates":[[133.2445492,35.5351216],[133.2495455,35.5312167],[133.2503691,35.5372075],[133.2718284,35.5523376],[133.2498575,35.5463652],[133.2446212,35.549112]]}},{"type":"Feature","properties":{"areaCode1":"563","areaCode2":"570"},"geometry":{"type":"LineString","coordinates":[[133.1364194,35.0742597],[133.1413672,35.076245],[133.13665,35.0905728],[133.1455311,35.1050469],[133.1402228,35.1180597],[133.1466247,35.1236217],[133.1484506,35.1399828],[133.1574553,35.1489058],[133.1839122,35.1567275],[133.1948997,35.1698325],[133.1893558,35.1845822],[133.1820842,35.1881461],[133.1820286,35.2013597],[133.1688194,35.2093539],[133.1527425,35.2038119],[133.1525728,35.2189875],[133.2226161,35.2490533],[133.23223,35.2465764],[133.2433569,35.2504125],[133.2532825,35.2600275],[133.2756611,35.2578564],[133.3105514,35.2679181],[133.2995011,35.2918817],[133.3069508,35.30337],[133.2925247,35.3206433],[133.2985592,35.3251036],[133.2960464,35.3493703],[133.307665,35.3658219],[133.3159736,35.36549],[133.3185031,35.3733392],[133.3245053,35.3740333],[133.3135667,35.3873456],[133.3212303,35.3957475],[133.3205725,35.4102775],[133.30869,35.4308767],[133.2720217,35.4460125],[133.2224997,35.4802236],[133.1985389,35.5263267],[133.2010211,35.5352425],[133.2185142,35.5463092],[133.2446212,35.549112]]}},{"type":"Feature","properties":{"areaCode1":"563","areaCode2":"580"},"geometry":{"type":"LineString","coordinates":[[133.2691392,35.0576783],[133.2769119,35.0661092],[133.284265,35.0654131],[133.2908239,35.0709439],[133.2877436,35.0940931],[133.2931356,35.1015958],[133.2988544,35.1039189],[133.3255169,35.0934692],[133.3382225,35.1065628],[133.3548739,35.1007711],[133.3729522,35.1129794],[133.4033628,35.1143208],[133.4118258,35.1211461],[133.4112242,35.1387525],[133.3932169,35.16769],[133.3964625,35.1808594],[133.4155733,35.1847242],[133.4221797,35.1761133],[133.4475564,35.1712961],[133.4600097,35.1778489],[133.4675489,35.1752875],[133.4747092,35.1819911],[133.5079739,35.1931158],[133.5161744,35.1907181],[133.5193192,35.1828222],[133.5261922,35.1829258],[133.5291056,35.1872336],[133.5216011,35.2104289],[133.5055411,35.2281725],[133.5167486,35.2406647],[133.5348308,35.2367169],[133.5607694,35.2467456],[133.5719156,35.2725694],[133.5686908,35.2771197],[133.5775528,35.2972611],[133.5767864,35.3144136],[133.5923961,35.3306303],[133.5883661,35.3369636],[133.5964144,35.3448956]]}},{"type":"Feature","properties":{"areaCode1":"563","areaCode2":"590"},"geometry":{"type":"LineString","coordinates":[[133.1358792,35.0705244],[133.1364194,35.0742597]]}},{"type":"Feature","properties":{"areaCode1":"563","areaCode2":"590"},"geometry":{"type":"LineString","coordinates":[[133.1358792,35.0705244],[133.1421394,35.0647253],[133.1610403,35.0741753],[133.1678394,35.0675744],[133.1782533,35.0672178],[133.21092,35.0742144],[133.2300731,35.0680233],[133.2323447,35.0774158],[133.2495772,35.0790356],[133.2691392,35.0576783]]}},{"type":"Feature","properties":{"areaCode1":"570","areaCode2":""},"geometry":{"type":"LineString","coordinates":[[132.5755022,35.2720464],[132.6151684,35.2807325],[132.6285205,35.287873],[132.6493346,35.309508],[132.664867,35.3363917],[132.6747487,35.3723566],[132.6725953,35.3993308],[132.6640066,35.4009636],[132.666468,35.4036384],[132.6446617,35.4162231],[132.6226811,35.4188436],[132.6291336,35.4351556],[132.6461361,35.4331056],[132.6418697,35.44143],[132.6504636,35.4378592],[132.650505,35.4413853],[132.6593606,35.4403661],[132.6586033,35.4447928],[132.6611219,35.4412783],[132.6650919,35.4448097],[132.6653469,35.4390872],[132.6757017,35.4478006],[132.6866011,35.4406589],[132.6848061,35.4517286],[132.7013739,35.4486289],[132.7098361,35.4412625],[132.72345,35.4470973],[132.7434392,35.4471714],[132.7467884,35.4519369],[132.753432,35.447564],[132.7591992,35.4564784],[132.7488029,35.4601712],[132.7476673,35.4566985],[132.7475872,35.4611672],[132.7267697,35.4706181],[132.8005264,35.4835008],[132.8131189,35.4971694],[132.8255225,35.4971408],[132.83103,35.5050497],[132.8392258,35.5024155],[132.8562494,35.51012],[132.8601122,35.5072633],[132.8649472,35.51319],[132.9088422,35.5119411],[132.9205319,35.5200133],[132.9397886,35.5144872],[132.9544658,35.5189378],[132.9710025,35.5158131],[132.9749386,35.5205833],[132.97168,35.5244922],[132.9755994,35.5235478],[132.9685797,35.5289533],[132.9663394,35.5253497],[132.9680144,35.5434742],[132.9802419,35.5406472],[132.9778514,35.5457953],[132.989445,35.5429936],[132.9897528,35.5472781],[132.9995623,35.5438285],[132.9981975,35.5394306],[133.0017083,35.5423814],[133.007825,35.537705],[133.0136364,35.5418469],[133.0281867,35.5384292],[133.0286986,35.5556514],[133.0314242,35.55322],[133.0315986,35.5577092],[133.0404517,35.559805],[133.0399881,35.5548972],[133.0480708,35.5539361],[133.0465244,35.5596908],[133.0599653,35.5646544],[133.0604378,35.5720722],[133.0477003,35.5780392],[133.0596853,35.5822022],[133.0668414,35.5758925],[133.0688569,35.5841669],[133.0982063,35.5801028],[133.0901169,35.5866528],[133.0982297,35.5887533],[133.0934653,35.5909992],[133.0930861,35.5983742],[133.0839103,35.6008994],[133.0901408,35.6037531],[133.0988911,35.6040244],[133.0981719,35.5978211],[133.1120817,35.5976389],[133.1121903,35.5889289],[133.1249442,35.5762419],[133.1404497,35.5809825],[133.1299364,35.5771658],[133.1404847,35.5677611],[133.1418053,35.5607225],[133.1566189,35.5606633],[133.1611806,35.5720297],[133.1662711,35.5632228],[133.1801178,35.5690561],[133.1920181,35.5621933],[133.1867461,35.572445],[133.1918067,35.5802728],[133.1967953,35.5770394],[133.1952206,35.5677017],[133.2116817,35.5671533],[133.2163006,35.5704156],[133.21359,35.5755106],[133.2171453,35.5816003],[133.2202425,35.5777303],[133.2349531,35.5791503],[133.2258025,35.5756953],[133.2245514,35.5706014],[133.2445592,35.5703339],[133.2516031,35.5757411],[133.2540114,35.5729467],[133.25007,35.5705736],[133.2560936,35.5697108],[133.2590789,35.5752653],[133.2655272,35.5723172],[133.27013,35.5789756],[133.2804569,35.57151],[133.2801894,35.5773731],[133.2903556,35.5738292],[133.2940142,35.5779339],[133.2981697,35.5709581],[133.3002978,35.5745086],[133.3047128,35.5710239],[133.3075597,35.5761736],[133.3156244,35.5694014],[133.3268136,35.5678578],[133.3089225,35.5579582],[133.3086769,35.5626164],[133.3082321,35.5582006],[133.2528964,35.55401],[133.2446212,35.549112]]}},{"type":"Feature","properties":{"areaCode1":"570","areaCode2":"571"},"geometry":{"type":"LineString","coordinates":[[132.5755022,35.2720464],[132.5845547,35.2464686],[132.5816728,35.2316564],[132.6004297,35.2172089],[132.6085003,35.2174392],[132.6096461,35.2120147],[132.6263247,35.20878],[132.6311589,35.2019369],[132.6415958,35.2003825],[132.6400403,35.2082308],[132.6490006,35.2108722],[132.6663942,35.1857983],[132.6662306,35.1703494],[132.6608472,35.1703889],[132.6507467,35.1508183],[132.6378006,35.1466131],[132.6289478,35.1364775],[132.6502272,35.1248594],[132.6537739,35.1183519],[132.6670842,35.1210392],[132.6719056,35.1176394],[132.6635728,35.1070192],[132.6684592,35.1024219],[132.6666819,35.0973897],[132.6577411,35.0855814],[132.6694589,35.0842561],[132.67033,35.0760183],[132.6773922,35.0767619],[132.6824017,35.0692114],[132.6914586,35.072225],[132.7038294,35.0576222],[132.7174231,35.0568828],[132.722415,35.0511603],[132.7118628,35.0402094],[132.7179008,35.0335653],[132.7171183,35.0229514],[132.6957461,35.0291983],[132.6863233,35.0249692],[132.6875228,35.0203311],[132.6640517,35.0083606],[132.6652383,34.9867258],[132.6557394,34.9896142],[132.6490653,34.9860428],[132.6575736,34.9807467],[132.6571611,34.9685958],[132.6699033,34.9643189],[132.6853258,34.96635],[132.6817617,34.9596803],[132.6850944,34.9505575]]}},{"type":"Feature","properties":{"areaCode1":"570","areaCode2":"590"},"geometry":{"type":"LineString","coordinates":[[132.6850944,34.9505575],[132.7072769,34.9550867],[132.7203932,34.9479937],[132.7386075,34.9623131],[132.7425322,34.9563294],[132.7497219,34.9602589],[132.7529681,34.9667614],[132.74513,34.9768264],[132.7687033,34.9839486],[132.7634272,34.9928719],[132.7655928,34.9967144],[132.7877544,35.0047883],[132.7885861,35.0157547],[132.8088344,35.0285603],[132.8137192,35.0405517],[132.8367358,35.0469664],[132.8371208,35.0524922],[132.8281019,35.062075],[132.8612978,35.0957589],[132.8731861,35.1023161],[132.8953233,35.1048053],[132.9094778,35.0862169],[132.9261431,35.0805469],[132.9341697,35.0839406],[132.9502408,35.0753847],[132.9746692,35.0829619],[132.9824647,35.0976369],[132.9908492,35.1013203],[133.0035333,35.0903022],[133.0145447,35.0877092],[133.0164142,35.0784094],[133.0253117,35.0773058],[133.0331058,35.0682444],[133.0512386,35.0695706],[133.0608039,35.0814553],[133.0859581,35.0780406],[133.0964231,35.0854244],[133.1195144,35.0848572],[133.1265722,35.0768808],[133.1364194,35.0742597]]}},{"type":"Feature","properties":{"areaCode1":"571","areaCode2":""},"geometry":{"type":"LineString","coordinates":[[131.6901683,34.6787244],[131.6906217,34.681045]]}},{"type":"Feature","properties":{"areaCode1":"571","areaCode2":""},"geometry":{"type":"LineString","coordinates":[[131.6901683,34.6787244],[131.7042128,34.6724622],[131.7227583,34.67726],[131.7250717,34.6735814],[131.752045,34.6766964],[131.8096451,34.6916855],[131.849306,34.7113344],[131.8555579,34.7179534],[131.854352,34.722808],[131.86137,34.7225694],[131.8708572,34.7324475],[131.86884,34.7398686],[131.874715,34.7426628],[131.8647731,34.7555058],[131.8740967,34.7600875],[131.8899781,34.7579094],[131.8887044,34.7631425],[131.8941289,34.7624956],[131.89712,34.7756194],[131.9144931,34.7740824],[131.9167545,34.7834852],[131.9297943,34.7946567],[131.9228353,34.7884821],[131.9257961,34.7809433],[131.935087,34.7899298],[131.9461524,34.792396],[131.9546406,34.8163625],[131.9890847,34.8277216],[131.9942344,34.8416658],[132.0080238,34.8472113],[132.0153274,34.8591049],[132.0069388,34.8631908],[132.0083542,34.8684669],[132.0214184,34.8727306],[132.0172856,34.867548],[132.0212823,34.8664808],[132.0220458,34.871891],[132.0306856,34.8749589],[132.0283896,34.8787736],[132.0341558,34.8779553],[132.035952,34.882069],[132.0478463,34.8789842],[132.041342,34.8734862],[132.0566671,34.8728544],[132.0598503,34.8776442],[132.0537612,34.8779857],[132.0532082,34.883516],[132.05891,34.8844061],[132.0557848,34.893422],[132.057561,34.8889665],[132.0632945,34.8910588],[132.0610678,34.8938694],[132.0654429,34.8923479],[132.0640191,34.8962079],[132.0706325,34.8921856],[132.0634659,34.9050724],[132.069694,34.9083697],[132.0775604,34.9051913],[132.0782878,34.9120061],[132.0825351,34.9116334],[132.0745861,34.9084864],[132.0728798,34.9183184],[132.0854637,34.9258167],[132.0845906,34.9308478],[132.1057641,34.9350506],[132.1085499,34.9408905],[132.1047175,34.9459197],[132.1124601,34.9531434],[132.1176314,34.9512859],[132.1460803,34.9645831],[132.1518987,34.9774155],[132.1827688,34.9898219],[132.2246044,35.0240504],[132.2259385,35.0309394],[132.2256546,35.0250859],[132.2309124,35.0265631],[132.2346252,35.037604],[132.2313228,35.0316254],[132.2547038,35.0414513],[132.2692494,35.0393405],[132.3100486,35.0571578],[132.317755,35.0736075],[132.3276453,35.0775528],[132.3239572,35.0894769],[132.332683,35.0974975],[132.3450941,35.0919487],[132.3373484,35.0988029],[132.3422081,35.099758],[132.3400783,35.102492],[132.3490855,35.1033869],[132.3514983,35.1096499],[132.3544196,35.106139],[132.35737,35.1136681],[132.3650914,35.114355],[132.3645636,35.121715],[132.3703992,35.1190847],[132.3690678,35.1232712],[132.3758407,35.1232519],[132.3730302,35.1259957],[132.3890044,35.1314022],[132.3913805,35.1394643],[132.3814372,35.1464564],[132.3906254,35.1462085],[132.3932059,35.1554871],[132.4040822,35.1591246],[132.4014846,35.1679308],[132.4165693,35.1767767],[132.4158441,35.1838176],[132.4220453,35.1832054],[132.4176408,35.1907044],[132.4299506,35.189915],[132.4499905,35.1987143],[132.4654458,35.2095513],[132.4670202,35.2171878],[132.4860797,35.2227075],[132.4869768,35.2304925],[132.500997,35.2283467],[132.508215,35.2378358],[132.5273756,35.2421558],[132.5298359,35.2526949],[132.5755022,35.2720464]]}},{"type":"Feature","properties":{"areaCode1":"571","areaCode2":"590"},"geometry":{"type":"LineString","coordinates":[[132.1163481,34.6123558],[132.1308053,34.6291653],[132.1277514,34.6417797],[132.1372047,34.6482164],[132.1547872,34.6788458],[132.1619344,34.6831408],[132.1583197,34.6924311],[132.1422219,34.6915939],[132.1295486,34.6993706],[132.1307686,34.7080261],[132.1415047,34.7100483],[132.1432953,34.7162072],[132.1780194,34.7367664],[132.1891658,34.7336297],[132.2025456,34.7486656],[132.2098858,34.7448806],[132.2223836,34.7495394],[132.2251103,34.7699158],[132.2426572,34.7829989],[132.2436183,34.7988392],[132.2383067,34.8016092],[132.2419875,34.8063514],[132.2595681,34.8068453],[132.2697792,34.7982967],[132.2781033,34.7989825],[132.2745433,34.7919558],[132.2802139,34.7835067],[132.2978678,34.7765597],[132.3057892,34.7932744],[132.3183103,34.8016092],[132.3233142,34.7934886],[132.3344833,34.7900031],[132.3519642,34.7980692],[132.3743147,34.8009856],[132.3830114,34.7949253],[132.3813969,34.7858378],[132.3966808,34.7794233],[132.4146261,34.7978286],[132.4248208,34.7991642],[132.4208958,34.8137706],[132.4299175,34.8142219],[132.4366658,34.8209617],[132.4566817,34.8074061],[132.4542592,34.8006981],[132.4715183,34.8023406],[132.4838783,34.7971356],[132.4950164,34.8014347],[132.5055758,34.7960344],[132.5196906,34.8039956],[132.5380597,34.7949917],[132.5540847,34.8082839],[132.5677803,34.8061542],[132.5858456,34.8230072],[132.5900025,34.8210769],[132.5991678,34.8335819],[132.6122494,34.8330225],[132.6147047,34.8430461],[132.6311803,34.8431322],[132.6439669,34.8375017],[132.6523106,34.8405361],[132.6594644,34.8324281],[132.6693036,34.8326606],[132.6725603,34.8453978],[132.6803806,34.8517317],[132.6914708,34.8506258],[132.6929581,34.8441569],[132.6980497,34.8427561],[132.7105978,34.8498603],[132.7017608,34.8807489],[132.6802108,34.8846631],[132.6753875,34.8944203],[132.6630264,34.8898381],[132.6556911,34.8994883],[132.6365878,34.8985461],[132.6334711,34.9024325],[132.6418572,34.9043658],[132.651265,34.9204078],[132.6758275,34.9326586],[132.6850944,34.9505575]]}},{"type":"Feature","properties":{"areaCode1":"571","areaCode2":"590"},"geometry":{"type":"LineString","coordinates":[[132.1163481,34.6123558],[132.1176375,34.6017628],[132.1296842,34.5954786],[132.1255283,34.5831514]]}},{"type":"Feature","properties":{"areaCode1":"571","areaCode2":"592"},"geometry":{"type":"LineString","coordinates":[[132.0364481,34.5012619],[132.0522039,34.4989156],[132.0597428,34.4922703],[132.0572236,34.4821986],[132.068585,34.4676711]]}},{"type":"Feature","properties":{"areaCode1":"571","areaCode2":"592"},"geometry":{"type":"LineString","coordinates":[[132.0364481,34.5012619],[132.0488389,34.5154225],[132.0523786,34.5302758],[132.0839506,34.53753],[132.1138672,34.5626928],[132.1179847,34.5784981],[132.1255283,34.5831514]]}},{"type":"Feature","properties":{"areaCode1":"571","areaCode2":"700"},"geometry":{"type":"LineString","coordinates":[[131.6679111,34.5053819],[131.6679697,34.5040953]]}},{"type":"Feature","properties":{"areaCode1":"571","areaCode2":"700"},"geometry":{"type":"LineString","coordinates":[[131.6679111,34.5053819],[131.6692683,34.5106542],[131.7065606,34.53263],[131.7007925,34.5377358],[131.7055967,34.5449314],[131.700925,34.5510108],[131.7053886,34.5596125],[131.7028303,34.5650661],[131.7131953,34.5628097],[131.7166767,34.5702953],[131.7276097,34.5764356],[131.7199994,34.5830053],[131.7184136,34.6134033],[131.7066539,34.6128964],[131.6948186,34.6206786],[131.7004883,34.6491819],[131.6949356,34.6488117],[131.6952378,34.6559733],[131.6887628,34.6568133],[131.6898572,34.663185],[131.6838631,34.6688011],[131.6906217,34.681045]]}},{"type":"Feature","properties":{"areaCode1":"571","areaCode2":"703"},"geometry":{"type":"LineString","coordinates":[[131.8812903,34.3086189],[131.8857714,34.3109706],[131.8875456,34.3272375],[131.8995378,34.3181558],[131.9192606,34.3381414],[131.9453842,34.3236861],[131.9592483,34.3064594],[131.9635056,34.3135953],[131.9608489,34.3209683],[131.9702161,34.3234533],[131.9754086,34.3317892],[131.9741333,34.3413686],[131.9806736,34.3433636],[131.9978428,34.3648825],[132.00751,34.3648244],[132.0134669,34.3713275],[132.0135122,34.3820897],[131.9898528,34.4134242],[131.9975183,34.4279111],[132.0162333,34.4374694],[132.0154406,34.4521039],[132.0250683,34.4623831],[132.0348158,34.4634056],[132.0389933,34.4688847],[132.068585,34.4676711]]}},{"type":"Feature","properties":{"areaCode1":"571","areaCode2":"704"},"geometry":{"type":"LineString","coordinates":[[131.6679697,34.5040953],[131.6820656,34.4931778],[131.6823408,34.4789994],[131.6934219,34.4815761],[131.6991203,34.4770275],[131.6938969,34.465545],[131.6990581,34.4522911],[131.6938964,34.4438372],[131.6974253,34.4353078],[131.7128694,34.4284947],[131.7294803,34.4327128],[131.737835,34.4285961],[131.7553756,34.4403611],[131.7613939,34.4336658],[131.7938197,34.4362131],[131.7847783,34.3998608],[131.7785997,34.3984603],[131.7634567,34.3809356],[131.7673383,34.3743658],[131.7652458,34.3640658],[131.7790169,34.3502103],[131.7746072,34.3375197],[131.7771686,34.3331972],[131.7958839,34.3269114],[131.7975036,34.3177556],[131.8162736,34.3104669],[131.8203497,34.3024386],[131.8314367,34.3026153],[131.8341697,34.3112633],[131.8599969,34.3046336],[131.8812903,34.3086189]]}},{"type":"Feature","properties":{"areaCode1":"575","areaCode2":""},"geometry":{"type":"LineString","coordinates":[[132.9458033,36.0797814],[132.9538161,36.0765656],[132.9462519,36.0646978],[132.9552843,36.0649931],[132.9496686,36.0624731],[132.9544164,36.0586711],[132.9731642,36.0573533],[132.9983514,36.0379722],[133.0010125,36.0436836],[132.9830397,36.0685569],[132.9830239,36.0785092],[132.9764511,36.0838008],[132.9792075,36.0887319],[132.9868178,36.0933781],[132.9849244,36.0868114],[132.9922367,36.0837869],[132.9896992,36.0921686],[133.0055778,36.0933622],[133.0063446,36.1056893],[133.0129876,36.0978498],[133.0054319,36.0904164],[133.0107069,36.0780236],[133.0075142,36.0741956],[133.0151317,36.0739308],[133.0226081,36.0632858],[133.03656,36.0653194],[133.0457919,36.0606783],[133.0527711,36.0690208],[133.0503897,36.0788389],[133.0571156,36.0829342],[133.0501292,36.0959886],[133.0444492,36.0955213],[133.0410988,36.1096895],[133.070291,36.1136403],[133.0873494,36.1254261],[133.0929483,36.1392553],[133.0801817,36.1378353],[133.0816039,36.1421392],[133.0689072,36.1427164],[133.0553369,36.1266889],[133.0547106,36.1322072],[133.0442547,36.1276361],[133.0437553,36.1351442],[133.0145125,36.1376164],[133.0132017,36.1164325],[133.0070758,36.1082881],[132.9945556,36.1144119],[132.9850622,36.1078986],[132.9871783,36.1147533],[132.9820372,36.1172881],[132.9616967,36.0969547],[132.9684403,36.0925167],[132.9558347,36.0904325],[132.950625,36.0800292],[132.9458033,36.0797814]]}},{"type":"Feature","properties":{"areaCode1":"575","areaCode2":""},"geometry":{"type":"LineString","coordinates":[[132.9997169,36.0312919],[133.0058928,36.0231475],[133.0023442,36.020455],[133.0077642,36.0187089],[133.0032803,36.0161742],[133.0095319,36.0100517],[133.0056164,36.0042047],[133.0095253,36.0018447],[133.0234006,36.0066669],[133.0300406,35.9999417],[133.0330744,36.0065272],[133.0384475,36.0007864],[133.041734,36.0130841],[133.0483822,36.0088867],[133.0469928,36.0045719],[133.0578089,36.0051132],[133.0551161,35.997075],[133.0610008,35.9939153],[133.0657831,35.9958531],[133.0655403,36.0062903],[133.0731714,36.0103064],[133.0549981,36.0129028],[133.0425011,36.0205517],[133.0406944,36.0270436],[133.0410417,36.0229942],[133.027045,36.032515],[132.9997169,36.0312919]]}},{"type":"Feature","properties":{"areaCode1":"575","areaCode2":""},"geometry":{"type":"LineString","coordinates":[[133.064155,36.0990736],[133.0720496,36.1059529],[133.0813316,36.1024731],[133.0771436,36.1086503],[133.0827703,36.1143172],[133.0886264,36.10842],[133.0864703,36.0973059],[133.0910567,36.0962941],[133.0905417,36.1029783],[133.0957328,36.1060222],[133.0919664,36.1089972],[133.0975692,36.1099533],[133.0904025,36.1110222],[133.0935181,36.117675],[133.113105,36.1200922],[133.1102681,36.1171164],[133.1146869,36.1147467],[133.1325192,36.1111533],[133.1262442,36.1055453],[133.1359817,36.1020336],[133.1265244,36.0980561],[133.1276906,36.0904458],[133.1175044,36.0846767],[133.1189384,36.0815149],[133.1353647,36.0863339],[133.1526561,36.0745961],[133.1447942,36.0746622],[133.1379806,36.08234],[133.1316531,36.0734283],[133.1130486,36.0786464],[133.11712,36.0641958],[133.0969544,36.072255],[133.1083453,36.0642067],[133.1000075,36.0609961],[133.1043044,36.0578306],[133.0961136,36.0570864],[133.105005,36.0533131],[133.1039067,36.0500986],[133.0875081,36.052825],[133.0875247,36.0455],[133.0759494,36.0448686],[133.0821047,36.0412975],[133.0804825,36.03798],[133.0688175,36.0347239],[133.07003,36.0581842],[133.0783475,36.0620317],[133.0745144,36.0671911],[133.0798504,36.0686809],[133.0767561,36.0750661],[133.0674861,36.0757925],[133.0749242,36.0808061],[133.0701364,36.0825069],[133.0727869,36.0851492],[133.064155,36.0990736]]}},{"type":"Feature","properties":{"areaCode1":"575","areaCode2":""},"geometry":{"type":"LineString","coordinates":[[133.1765283,36.2550953],[133.1776722,36.2497922],[133.1927288,36.2451388],[133.1824433,36.2119383],[133.1932989,36.2145773],[133.2082683,36.2095922],[133.2086239,36.1978969],[133.2241278,36.1883917],[133.2448611,36.1901589],[133.2458058,36.1835683],[133.2369247,36.1798672],[133.2411383,36.1753331],[133.2303358,36.1693914],[133.2430921,36.1659604],[133.2481686,36.1724436],[133.2430908,36.1755903],[133.2494736,36.1754813],[133.2533275,36.1713081],[133.2482136,36.1659911],[133.2496109,36.1591891],[133.2582119,36.1728939],[133.2595067,36.1695053],[133.2638689,36.1719308],[133.2601744,36.1633281],[133.2780183,36.1696078],[133.2799044,36.1881533],[133.2810856,36.1750786],[133.2850736,36.1785019],[133.2875531,36.17078],[133.2913658,36.1714442],[133.2907464,36.179775],[133.3011311,36.1763986],[133.3030001,36.1714024],[133.3088858,36.1730008],[133.3083967,36.1789524],[133.3111844,36.1721621],[133.3255571,36.1671147],[133.3420123,36.1706629],[133.3357174,36.1971986],[133.3094012,36.1995661],[133.3101251,36.1934251],[133.3063861,36.1990477],[133.3162018,36.2052765],[133.33622,36.2010399],[133.3388129,36.2073514],[133.3355099,36.2118376],[133.3402767,36.2161598],[133.3374164,36.220583],[133.3451648,36.2246789],[133.3435664,36.2204114],[133.3496074,36.2178628],[133.345252,36.2143109],[133.352007,36.2122361],[133.3451894,36.2087036],[133.3494443,36.2065917],[133.339463,36.1960097],[133.370086,36.2056472],[133.3715892,36.2217069],[133.3778551,36.231996],[133.3725633,36.2507256],[133.3760122,36.2617453],[133.3859939,36.2699503],[133.3758592,36.2702567],[133.3792522,36.2762339],[133.3713942,36.2818869],[133.3626892,36.2791056],[133.3597336,36.2838539],[133.3637414,36.2901869],[133.3560064,36.2914583],[133.3638917,36.2973222],[133.3447053,36.2973094],[133.3368289,36.3066153],[133.34377,36.3108856],[133.3350117,36.3129867],[133.3245286,36.3088233],[133.3256589,36.3158819],[133.3181,36.3200272],[133.3210142,36.3277733],[133.3089458,36.3192108],[133.3056914,36.3238103],[133.3099679,36.3227893],[133.3098697,36.3284914],[133.2976217,36.3275744],[133.2831975,36.3480683],[133.2761264,36.3488992],[133.2804003,36.3413628],[133.2708019,36.332125],[133.2564278,36.3273878],[133.2463206,36.3343775],[133.2246456,36.3286714],[133.2319308,36.3179133],[133.2070706,36.3087283],[133.2101886,36.3004972],[133.1960106,36.3017581],[133.1916856,36.2897072],[133.2159577,36.2897098],[133.1995436,36.2875136],[133.2044578,36.2795806],[133.1980914,36.2794366],[133.1857825,36.2895539],[133.1793017,36.2880442],[133.1881056,36.2831089],[133.1878417,36.2745081],[133.1765283,36.2550953]]}},{"type":"Feature","properties":{"areaCode1":"580","areaCode2":"581"},"geometry":{"type":"LineString","coordinates":[[133.3306644,34.855925],[133.3386647,34.8643903],[133.336815,34.8695936],[133.3441267,34.8694803],[133.3531242,34.87772],[133.3901683,34.8692094],[133.4107406,34.8798128],[133.4161414,34.8770922],[133.42457,34.8864928],[133.4351881,34.8801511],[133.4417458,34.8842642],[133.4507628,34.8741139],[133.4652378,34.8768236],[133.4725503,34.8859375],[133.4819525,34.8718394],[133.4922525,34.8785939],[133.5142683,34.8659108],[133.5238806,34.8767639],[133.5644653,34.8861586],[133.5640278,34.8967214],[133.5697597,34.8979256],[133.5615881,34.9144058],[133.5681097,34.9210047],[133.5683794,34.9290397],[133.5859903,34.9294794],[133.5900925,34.9364914],[133.5841792,34.9470717],[133.6010244,34.9528728],[133.6071731,34.9395081],[133.6180931,34.9298689],[133.6193019,34.9002028],[133.6307167,34.9023369],[133.6335189,34.9096903],[133.6500683,34.9153378],[133.6442281,34.9376197],[133.6497403,34.9425158],[133.6578458,34.9382344],[133.6716919,34.9422967],[133.6747233,34.9514397],[133.6948133,34.9488108],[133.7055531,34.9599158],[133.7197464,34.9544444],[133.7217761,34.9489461],[133.7335256,34.95033],[133.742225,34.9456397],[133.7618933,34.9524872],[133.7664864,34.9371844],[133.7905382,34.9277884],[133.799065,34.9340689],[133.7985053,34.9393786],[133.80686,34.9400964],[133.82169,34.9529608],[133.8445117,34.9447597],[133.8502408,34.9343803],[133.8504456,34.9431947],[133.8611722,34.9435939],[133.8692694,34.9324225],[133.8673419,34.9375172],[133.8829381,34.9483408],[133.8991172,34.9427489],[133.9076711,34.9487864],[133.9124658,34.9465697],[133.9063353,34.9381825],[133.9087128,34.9267731],[133.9004953,34.9224294],[133.9062731,34.9182211],[133.8943569,34.9136036],[133.8941047,34.9096867],[133.9019983,34.9015939],[133.9090031,34.9069497],[133.92316,34.9013455],[133.9207747,34.8947308],[133.9386714,34.8844778],[133.9280178,34.8724661],[133.9452108,34.8696261],[133.9722986,34.8770847],[133.9794833,34.8863197],[134.0045506,34.8947819],[134.0018369,34.9109686],[134.0108986,34.9172144],[134.0139606,34.9355375],[134.02517,34.9508683],[134.0492311,34.936675],[134.0891992,34.942205],[134.0880025,34.9293861],[134.1052917,34.9218442],[134.1096408,34.9109875],[134.1223131,34.9169325],[134.1276039,34.9133533],[134.1243572,34.8905594],[134.15386,34.8877356],[134.1650836,34.8808969],[134.1720992,34.8992028],[134.1874494,34.8987703],[134.1883467,34.892785],[134.1980281,34.8913494],[134.1962619,34.9148658],[134.2212964,34.9059731],[134.2271511,34.9089275],[134.2238025,34.9151569],[134.226335,34.9234703],[134.2352319,34.9278947],[134.2356361,34.9374244],[134.246115,34.9414919],[134.2456856,34.9484978],[134.2542025,34.9460036]]}},{"type":"Feature","properties":{"areaCode1":"580","areaCode2":"590"},"geometry":{"type":"LineString","coordinates":[[133.2667933,35.0529669],[133.2691392,35.0576783]]}},{"type":"Feature","properties":{"areaCode1":"580","areaCode2":"590"},"geometry":{"type":"LineString","coordinates":[[133.2667933,35.0529669],[133.2908111,35.0361767],[133.3044842,35.0153581],[133.3217572,35.006145],[133.3201733,34.9836367],[133.3031181,34.9721356],[133.3048925,34.9649619],[133.2972617,34.9560039],[133.3094456,34.937045],[133.3018733,34.9289136],[133.303385,34.9135472],[133.294055,34.9031392],[133.2969092,34.8898989],[133.3071678,34.8766078],[133.3306644,34.855925]]}},{"type":"Feature","properties":{"areaCode1":"581","areaCode2":""},"geometry":{"type":"LineString","coordinates":[[133.4469085,34.4802677],[133.4552215,34.4773972],[133.4563236,34.4545381],[133.4843838,34.4659503],[133.4901751,34.4585533],[133.4733114,34.4506768],[133.4733322,34.4426316],[133.489177,34.4409545],[133.5011022,34.4518387],[133.5241854,34.4512381],[133.5280271,34.468373],[133.5193841,34.4731312],[133.4858075,34.5138717],[133.5008379,34.5011863],[133.5026349,34.5050239],[133.5045249,34.4990454],[133.5094056,34.4998836],[133.5170878,34.4903527],[133.5186263,34.4787754],[133.5245036,34.4746864],[133.5244592,34.4788142],[133.5292843,34.4777056],[133.5294699,34.4715462],[133.5405433,34.4613854],[133.5589287,34.4680368],[133.5762233,34.4655747],[133.5787379,34.4705182],[133.6011572,34.4727467],[133.5887271,34.4824808],[133.5934631,34.4905212],[133.6091859,34.4954635],[133.6173531,34.4912599],[133.6264138,34.5014624],[133.6486576,34.5040387],[133.6512054,34.5100553],[133.6480314,34.5121225],[133.6594422,34.5208098],[133.6769752,34.5183311],[133.670195,34.5073459],[133.6840708,34.507073],[133.6839937,34.5125036],[133.6904557,34.5123776],[133.6902799,34.5048297],[133.6906748,34.5196386],[133.678661,34.5230718],[133.6876283,34.5255996],[133.7053341,34.5230635],[133.7040301,34.4778267],[133.7336118,34.4686509],[133.7244906,34.4715467],[133.7328282,34.4745637],[133.7433991,34.4706015],[133.7371767,34.4905753],[133.7189589,34.4964032],[133.7189806,34.5038789],[133.7350399,34.4985744],[133.7392948,34.5252221],[133.7483286,34.4894665],[133.7595778,34.4858466],[133.7581409,34.4685155],[133.7666329,34.472319],[133.7670009,34.4625598],[133.7742135,34.4623113],[133.7713053,34.4553023],[133.7865516,34.4355131],[133.7910192,34.439574],[133.8224347,34.4297261],[133.8136069,34.4435368],[133.8116844,34.4407387],[133.811011,34.4585051],[133.807544,34.4576923],[133.8092686,34.4617116],[133.8147643,34.4600986],[133.8150633,34.4678364],[133.8277665,34.4705026],[133.8299422,34.4757863],[133.8315751,34.4701374],[133.8364719,34.4745749],[133.835754,34.4701984],[133.8404185,34.4689337],[133.867144,34.4672762],[133.8819036,34.4561881],[133.8975618,34.4574425],[133.9192639,34.4497953],[133.9276531,34.4509228],[133.925045,34.4547564],[133.9284523,34.4561263],[133.9349192,34.4509125],[133.9432194,34.4552339],[133.9436186,34.4642936],[133.9366163,34.467508],[133.9343161,34.4742936],[133.9392341,34.4754469],[133.935413,34.4785671],[133.9476527,34.4848325],[133.9460283,34.4883111],[133.9491167,34.4864287],[133.9474107,34.4931345],[133.955981,34.4903291],[133.9548375,34.4932881],[133.9648583,34.4950058],[133.9564774,34.5059708],[133.9624451,34.5155939],[133.9569323,34.5146954],[133.9623673,34.5186989],[133.9594738,34.5227151],[133.9793934,34.5328543],[133.9880351,34.5302207],[133.9931073,34.5184943],[134.0034248,34.5114826],[134.0072545,34.5164445],[133.9955604,34.5260001],[134.0013879,34.5295166],[133.9953995,34.5334443],[134.0010692,34.5454342],[134.0143006,34.5507608],[134.0207126,34.5441517],[134.0239742,34.5524356],[134.0315436,34.5507275],[134.0311944,34.5704075],[134.0471787,34.5765866],[134.0387537,34.5798895],[134.0407214,34.5874821],[134.0288167,34.5987926],[134.0029163,34.5930241],[133.9739933,34.594512],[133.9595132,34.5836524],[133.9480871,34.5936423],[133.9545118,34.5963594],[133.9497022,34.5946044],[133.9460601,34.5991527],[133.9523288,34.6027854],[133.9566424,34.5967978],[133.9727871,34.6032139],[133.9816533,34.6001649],[133.9781442,34.602861],[133.9881037,34.6070853],[133.980893,34.6067959],[133.9960466,34.6135645],[134.0296801,34.6041743],[134.0324927,34.6080658],[134.0313567,34.6038974],[134.0324046,34.6091148],[134.0421512,34.6083333],[134.0478806,34.5973135],[134.0502822,34.6047837],[134.0630607,34.6085657],[134.0644677,34.6049984],[134.0532066,34.5960349],[134.0541104,34.5865956],[134.0601583,34.5845965],[134.079722,34.5864819],[134.0858023,34.5803009],[134.1012466,34.5880905],[134.1010754,34.5848371],[134.1035241,34.5895771],[134.1199692,34.5886319],[134.1271114,34.5981167],[134.1381375,34.5991931],[134.1343622,34.6078217],[134.1485517,34.6119863],[134.1464194,34.6171933],[134.1700072,34.613505],[134.1786625,34.6299489],[134.1872075,34.63133],[134.1840402,34.6368211],[134.1739331,34.6313186],[134.1705594,34.6528597],[134.1778144,34.6570056],[134.1831717,34.6511592],[134.1911211,34.6519678],[134.1985288,34.6592105],[134.1921878,34.6652671],[134.2099328,34.6663703],[134.204523,34.674347],[134.2137468,34.6729819],[134.2231747,34.68082],[134.2136861,34.6849723],[134.2354903,34.6915392],[134.2376175,34.7001053],[134.2411206,34.6952197],[134.2449387,34.6981539],[134.2356092,34.7148586],[134.2180099,34.707769],[134.197423,34.7077738],[134.2142333,34.7161378],[134.1945403,34.7168573],[134.1922815,34.7199697],[134.2043798,34.7227668],[134.2050002,34.7266685],[134.1898261,34.7337923],[134.179439,34.7330544],[134.1860175,34.7431536],[134.1866069,34.7380044],[134.203947,34.730485],[134.2290237,34.7312889],[134.2324236,34.7231516],[134.2253161,34.7197285],[134.2341573,34.721088],[134.243759,34.7152799],[134.2685873,34.7191778],[134.2676406,34.7302417],[134.2711149,34.7262606],[134.2762699,34.7282356],[134.2754497,34.7345618],[134.282614,34.7299408],[134.29811,34.7365447],[134.3153002,34.7321157],[134.3217294,34.7219461]]}},{"type":"Feature","properties":{"areaCode1":"581","areaCode2":""},"geometry":{"type":"LineString","coordinates":[[133.5048619,34.4068039],[133.5165944,34.4113458],[133.5186672,34.4084758],[133.52154,34.4157864],[133.5271178,34.4158314],[133.5257933,34.3991569],[133.513767,34.3896895],[133.5048619,34.4068039]]}},{"type":"Feature","properties":{"areaCode1":"581","areaCode2":""},"geometry":{"type":"LineString","coordinates":[[133.5161731,34.3843611],[133.5452017,34.3666853],[133.5602414,34.3700386],[133.5597386,34.3769692],[133.5449955,34.3773745],[133.5501996,34.3909556],[133.5581483,34.3933492],[133.5562969,34.3963564],[133.5518091,34.3930527],[133.5450117,34.4021569],[133.5376177,34.4012366],[133.5362637,34.3941622],[133.5274972,34.3880421],[133.5209261,34.390952],[133.5161731,34.3843611]]}},{"type":"Feature","properties":{"areaCode1":"581","areaCode2":""},"geometry":{"type":"LineString","coordinates":[[134.1642028,34.6048236],[134.1910178,34.6055175],[134.2018639,34.6158586],[134.17751,34.6088061],[134.1739164,34.6128889],[134.1642307,34.6088661],[134.1642028,34.6048236]]}},{"type":"Feature","properties":{"areaCode1":"581","areaCode2":""},"geometry":{"type":"LineString","coordinates":[[134.2494569,34.6956894],[134.2576908,34.6899575],[134.2628944,34.6986067],[134.2716331,34.6963469],[134.2585912,34.7072793],[134.2503298,34.7057412],[134.2532558,34.7021067],[134.2494569,34.6956894]]}},{"type":"Feature","properties":{"areaCode1":"581","areaCode2":""},"geometry":{"type":"LineString","coordinates":[[134.2746766,34.7136224],[134.2796839,34.7093683],[134.2869459,34.7132679],[134.281363,34.7072826],[134.2897097,34.7061986],[134.3028683,34.7081658],[134.3058492,34.7152781],[134.3103992,34.7106347],[134.3086261,34.7057594],[134.3167094,34.7028631],[134.3249092,34.7042892],[134.3262319,34.7122864],[134.3317303,34.7084431],[134.3369011,34.7111989],[134.3417583,34.7031906],[134.3471933,34.7091728],[134.335125,34.7224061],[134.3228689,34.7141011],[134.3111328,34.7271423],[134.2974172,34.7303369],[134.2853181,34.7241689],[134.2864583,34.7182407],[134.2765597,34.7216026],[134.2746766,34.7136224]]}},{"type":"Feature","properties":{"areaCode1":"581","areaCode2":"590"},"geometry":{"type":"LineString","coordinates":[[133.3288636,34.8530456],[133.3306644,34.855925]]}},{"type":"Feature","properties":{"areaCode1":"581","areaCode2":"591"},"geometry":{"type":"LineString","coordinates":[[133.3288636,34.8530456],[133.3344606,34.8474253],[133.3359564,34.8347922],[133.3529864,34.8306428],[133.3586553,34.81981],[133.3678972,34.8190061],[133.3780858,34.8083597],[133.3775922,34.7970828],[133.3696875,34.7891606],[133.3768472,34.7817528],[133.367375,34.7743311],[133.3676783,34.7615336],[133.3618475,34.7556003],[133.3703783,34.7468592],[133.3582014,34.7332733],[133.3697514,34.72282],[133.3741747,34.6953567],[133.3866597,34.6848917],[133.3827494,34.6802853],[133.4033781,34.6719225],[133.3964897,34.6520789],[133.3884839,34.6434311],[133.3871903,34.6363819],[133.3919406,34.6313089],[133.3847275,34.6251528],[133.3846856,34.616835],[133.3927578,34.6117028],[133.3970061,34.5948842],[133.4221819,34.5865694],[133.4267328,34.5691447],[133.4462142,34.5563381],[133.4543886,34.5315061],[133.4449433,34.5058861],[133.4533747,34.506735],[133.4564425,34.4999294],[133.4469085,34.4802677]]}},{"type":"Feature","properties":{"areaCode1":"590","areaCode2":"591"},"geometry":{"type":"LineString","coordinates":[[132.8673333,34.6211603],[132.8733197,34.6221139],[132.8721453,34.6261844],[132.8785033,34.6313469],[132.8720208,34.6375381],[132.8736464,34.6478356],[132.8816025,34.6460389],[132.87825,34.6640831],[132.8908156,34.6770725],[132.8881644,34.6823553],[132.8949381,34.6843956],[132.9255356,34.6755472],[132.9383997,34.6823939],[132.9433517,34.66948],[132.9406208,34.6634536],[132.9473217,34.6619883],[132.94507,34.6572439],[132.9540806,34.6517183],[132.9582619,34.6600558],[132.9709308,34.6543514],[132.9694678,34.6649228],[132.9823214,34.6689842],[132.9852044,34.6771153],[133.009285,34.6762561],[133.015135,34.6800147],[133.0478686,34.6574019],[133.0602106,34.6589803],[133.0623997,34.65196],[133.0846994,34.6603819],[133.0859233,34.6760367],[133.0918192,34.6786842],[133.0938419,34.6894506],[133.1015853,34.6931111],[133.0967497,34.7030767],[133.1020078,34.7110289],[133.0981433,34.7192819],[133.1021972,34.73183],[133.1192306,34.7353886],[133.1351431,34.7556808],[133.1660614,34.7551039],[133.1677669,34.7668628],[133.1380531,34.7863531],[133.1353033,34.7944303],[133.1450147,34.8097931],[133.1351561,34.8262358],[133.1423233,34.8294489],[133.14233,34.8390592],[133.1559417,34.8441469],[133.1632825,34.854045],[133.1760864,34.8488744],[133.1947003,34.8512425],[133.2158017,34.8615236],[133.2343728,34.8344089],[133.2354206,34.8274947],[133.2301964,34.8226608],[133.2389958,34.8197747],[133.2452725,34.8107742],[133.2466119,34.8206503],[133.2760717,34.8357317],[133.2727453,34.8384181],[133.2772622,34.8475569],[133.2726428,34.8499622],[133.2774467,34.85384],[133.3096322,34.8473658],[133.3288636,34.8530456]]}},{"type":"Feature","properties":{"areaCode1":"590","areaCode2":"591"},"geometry":{"type":"LineString","coordinates":[[132.8673333,34.6211603],[132.8762975,34.6140478]]}},{"type":"Feature","properties":{"areaCode1":"590","areaCode2":"592"},"geometry":{"type":"LineString","coordinates":[[132.1255283,34.5831514],[132.1425944,34.5634017],[132.1496536,34.5646086],[132.1634206,34.5423969],[132.1849689,34.5425739],[132.1667142,34.5224231],[132.1884675,34.4983969],[132.1960894,34.4963897],[132.2039383,34.4994028],[132.2048247,34.50888],[132.2154139,34.5146525],[132.2403928,34.5078542],[132.2395531,34.5169567],[132.2493594,34.5298139],[132.2953875,34.5485939],[132.3310342,34.5552353],[132.3584475,34.552305],[132.3605089,34.5590592],[132.3640125,34.5445803],[132.3599169,34.5381486],[132.3668972,34.5400017],[132.3748083,34.5509894],[132.3866767,34.554245],[132.3907103,34.57097],[132.3872903,34.5831117],[132.3996547,34.6041739],[132.4038067,34.5995839],[132.4065714,34.6030894],[132.4149961,34.5991153],[132.4257569,34.6032064],[132.4389447,34.5920044],[132.4572175,34.6033483],[132.4644222,34.61384],[132.4791975,34.6126461],[132.4787508,34.6077514],[132.4959042,34.6011747],[132.4994656,34.5935989],[132.5118189,34.5964303],[132.5194733,34.6071011],[132.5243039,34.6067322],[132.5334578,34.5941725],[132.5308186,34.5880683],[132.5691894,34.5725622],[132.5737692,34.5627433],[132.5876,34.5712436],[132.5905564,34.5820083],[132.6082031,34.5860358],[132.6133294,34.6010842],[132.6339536,34.5958969],[132.6452433,34.6020192],[132.6596253,34.6008317],[132.6731542,34.6109933],[132.6716269,34.6065036],[132.6935383,34.5894658],[132.6831167,34.5657869],[132.6915575,34.5595342],[132.6876208,34.5570056],[132.6922111,34.5459044],[132.6868828,34.5413583],[132.68934,34.534795],[132.7018831,34.5375172],[132.7057522,34.5463158],[132.7023997,34.5493469],[132.7094783,34.5543081],[132.735815,34.5574217],[132.7536842,34.5742931],[132.7834781,34.5800661],[132.7841758,34.5970919],[132.7997769,34.6224833],[132.8094911,34.6240575],[132.8246864,34.6110392],[132.834855,34.6106658],[132.8364433,34.6053169],[132.8454431,34.6062969],[132.8480344,34.6122642],[132.8594722,34.6134972],[132.8629333,34.6092325],[132.8762975,34.6140478]]}},{"type":"Feature","properties":{"areaCode1":"591","areaCode2":""},"geometry":{"type":"LineString","coordinates":[[133.0106395,34.3291421],[133.0376876,34.3359016],[133.0437948,34.3334602],[133.0399745,34.3313103],[133.0530514,34.3431664],[133.0788642,34.3451847],[133.0862714,34.3786249],[133.0967376,34.3793644],[133.0848764,34.3956486],[133.1117228,34.3882882],[133.1138756,34.3823928],[133.1275177,34.382567],[133.2072923,34.4100315],[133.2340563,34.4115609],[133.2324267,34.4163233],[133.2454834,34.4238825],[133.2420856,34.4358864],[133.2472463,34.4362868],[133.2514764,34.4226728],[133.2555922,34.4248236],[133.251209,34.4414264],[133.2559587,34.4420484],[133.257393,34.4359513],[133.2703342,34.432696],[133.2727625,34.4079747],[133.260195,34.4038569],[133.2578822,34.3965225],[133.2535275,34.4014939],[133.2436647,34.4001819],[133.2463167,34.3897692],[133.2788578,34.3941216],[133.2772589,34.3994965],[133.2814642,34.4015806],[133.2819688,34.3912723],[133.2904736,34.3833406],[133.3009957,34.3830323],[133.3059192,34.3875686],[133.3227787,34.3764666],[133.3349237,34.381027],[133.3442163,34.3783202],[133.3481932,34.3728474],[133.3461122,34.3655028],[133.3668308,34.3686694],[133.3792275,34.3760025],[133.3751939,34.3761551],[133.3783521,34.3821321],[133.3839086,34.3816867],[133.380163,34.3951717],[133.3865584,34.4225809],[133.4076942,34.4282667],[133.4048053,34.4355623],[133.4104856,34.4379019],[133.4313,34.4240967],[133.4405256,34.4362559],[133.4081806,34.4572444],[133.4113854,34.4705031],[133.4084746,34.478456],[133.4152223,34.4783465],[133.4145215,34.4592177],[133.4427125,34.4451633],[133.444109,34.4864515],[133.4469085,34.4802677]]}},{"type":"Feature","properties":{"areaCode1":"591","areaCode2":""},"geometry":{"type":"LineString","coordinates":[[133.0619135,34.3146553],[133.0662376,34.3258575],[133.0766168,34.3341533],[133.0808474,34.3323557],[133.0871486,34.3132826],[133.0819574,34.3036341],[133.0668426,34.3036427],[133.0619135,34.3146553]]}},{"type":"Feature","properties":{"areaCode1":"591","areaCode2":""},"geometry":{"type":"LineString","coordinates":[[133.0671618,34.2670322],[133.0758869,34.2583288],[133.0937278,34.2566105],[133.1110849,34.2647749],[133.1153826,34.2744058],[133.1469729,34.2874708],[133.1486648,34.3025505],[133.1408194,34.314737],[133.1337185,34.3169073],[133.1023946,34.306293],[133.0959982,34.3070381],[133.0973606,34.3133319],[133.0890524,34.3129297],[133.069608,34.2791753],[133.0671618,34.2670322]]}},{"type":"Feature","properties":{"areaCode1":"591","areaCode2":""},"geometry":{"type":"LineString","coordinates":[[133.0946922,34.3306467],[133.0960078,34.3236436],[133.1100839,34.3172017],[133.1200894,34.3236903],[133.1270902,34.3376758],[133.1173211,34.3601158],[133.1035194,34.3563408],[133.1037097,34.3455403],[133.0972161,34.3401428],[133.1033984,34.3263058],[133.0946922,34.3306467]]}},{"type":"Feature","properties":{"areaCode1":"591","areaCode2":""},"geometry":{"type":"LineString","coordinates":[[133.1340091,34.3331337],[133.1416892,34.3403394],[133.1376606,34.3462102],[133.1471819,34.3451062],[133.1468582,34.3570892],[133.1544823,34.3593793],[133.1735835,34.3579455],[133.1784612,34.3416713],[133.1889034,34.3357647],[133.1972894,34.3380177],[133.2034977,34.3192307],[133.2107898,34.319015],[133.2114979,34.3140114],[133.1935201,34.3005448],[133.2102321,34.2975549],[133.1962564,34.2859848],[133.1968778,34.275905],[133.1806061,34.2806567],[133.1686183,34.2960742],[133.1557377,34.2988414],[133.1495764,34.314685],[133.1340091,34.3331337]]}},{"type":"Feature","properties":{"areaCode1":"591","areaCode2":""},"geometry":{"type":"LineString","coordinates":[[133.1515879,34.3818358],[133.1606037,34.3912268],[133.1677211,34.3900696],[133.1728097,34.3742484],[133.1559979,34.3743499],[133.1515879,34.3818358]]}},{"type":"Feature","properties":{"areaCode1":"591","areaCode2":""},"geometry":{"type":"LineString","coordinates":[[133.1699601,34.3873391],[133.1765036,34.3712536],[133.1743771,34.3664974],[133.183721,34.3584593],[133.2075201,34.3615746],[133.2120604,34.356178],[133.2125257,34.3631524],[133.217804,34.3636836],[133.2190357,34.3804183],[133.2286545,34.3862139],[133.2304454,34.3942087],[133.2355014,34.3896985],[133.2394732,34.3982264],[133.2357567,34.4063926],[133.2130354,34.4091475],[133.1842046,34.3942574],[133.1776384,34.3958233],[133.1699601,34.3873391]]}},{"type":"Feature","properties":{"areaCode1":"591","areaCode2":""},"geometry":{"type":"LineString","coordinates":[[133.256945,34.3750111],[133.2612519,34.3704528],[133.25912,34.3659703],[133.2701617,34.3608208],[133.2794314,34.3802422],[133.2708969,34.3780297],[133.2608843,34.3844541],[133.256945,34.3750111]]}},{"type":"Feature","properties":{"areaCode1":"591","areaCode2":""},"geometry":{"type":"LineString","coordinates":[[133.2619836,34.3444344],[133.2723124,34.3527469],[133.2885197,34.3572133],[133.2860217,34.3385978],[133.2792072,34.3349397],[133.2623656,34.3323053],[133.2666772,34.3392011],[133.2619836,34.3444344]]}},{"type":"Feature","properties":{"areaCode1":"591","areaCode2":""},"geometry":{"type":"LineString","coordinates":[[133.2887332,34.3560266],[133.3045736,34.3698064],[133.3194357,34.372579],[133.3251071,34.3599681],[133.3319231,34.3704964],[133.3425475,34.3705739],[133.3380461,34.3564767],[133.3211726,34.3536393],[133.3026819,34.3423481],[133.2887332,34.3560266]]}},{"type":"Feature","properties":{"areaCode1":"591","areaCode2":""},"geometry":{"type":"LineString","coordinates":[[133.4273458,34.3495648],[133.4406203,34.3501858],[133.4547169,34.3377603],[133.4305056,34.33909],[133.4273458,34.3495648]]}},{"type":"Feature","properties":{"areaCode1":"591","areaCode2":"592"},"geometry":{"type":"LineString","coordinates":[[132.8474022,34.5402708],[132.8531236,34.5385197],[132.8565847,34.5241278],[132.8863433,34.5183219],[132.9042,34.4847444],[132.9117125,34.4850686],[132.9117281,34.4755733],[132.9208708,34.4674006],[132.9186481,34.4569233],[132.8986017,34.4653981],[132.8893075,34.4645433],[132.9037917,34.4478353],[132.9039025,34.440935],[132.8995828,34.4421469],[132.8937614,34.4345961],[132.8957483,34.4283556],[132.9066736,34.4258286],[132.9087264,34.4069986],[132.9039278,34.4020222],[132.9130558,34.3918131],[132.9113447,34.3865628],[132.9345194,34.3807522],[132.9404994,34.3736442],[132.9402394,34.3572225],[132.9457156,34.3579319],[132.9501775,34.3520225],[132.9602664,34.357575],[132.9758025,34.3459903],[132.9905231,34.3520486],[133.0047586,34.348325],[133.0104661,34.3432311],[133.0106395,34.3291421]]}},{"type":"Feature","properties":{"areaCode1":"591","areaCode2":"592"},"geometry":{"type":"LineString","coordinates":[[132.8474022,34.5402708],[132.8524228,34.5426219],[132.8535358,34.5500992],[132.8598142,34.5469136],[132.8816156,34.5551142],[132.8843017,34.5590406],[132.8783675,34.5758289],[132.8870581,34.5737803],[132.8960131,34.5830992],[132.8936336,34.5951456],[132.8775778,34.6034225],[132.8858808,34.6126667],[132.8762975,34.6140478]]}},{"type":"Feature","properties":{"areaCode1":"592","areaCode2":""},"geometry":{"type":"LineString","coordinates":[[132.2205943,34.2332792],[132.2388901,34.2271395],[132.2474892,34.2150117],[132.2455952,34.2106726]]}},{"type":"Feature","properties":{"areaCode1":"592","areaCode2":""},"geometry":{"type":"LineString","coordinates":[[132.2205943,34.2332792],[132.2273798,34.2354264],[132.2261059,34.2461066],[132.2344336,34.2564787],[132.2310579,34.255924],[132.2596242,34.2738732],[132.2643225,34.2725459],[132.2665749,34.2811157],[132.2705179,34.2765821],[132.2739874,34.2788824],[132.2717077,34.2814416],[132.2819142,34.2857777],[132.2908003,34.3012175],[132.3189883,34.3233044],[132.3197152,34.3363554],[132.323479,34.3371104],[132.3200143,34.3392261],[132.3333084,34.3441375],[132.3367584,34.3376844],[132.3587532,34.345285],[132.35699,34.348585],[132.3532022,34.3471894],[132.3586579,34.3452642],[132.3389231,34.3419569],[132.3357054,34.3474182],[132.3565423,34.3494036],[132.3541564,34.3538564],[132.3382764,34.3542132],[132.3644909,34.3603126],[132.3664032,34.3579486],[132.3603164,34.3557159],[132.3647262,34.3474676],[132.3768573,34.3523818],[132.3755623,34.3603793],[132.3992623,34.365365],[132.402285,34.3602201],[132.4043608,34.3627557],[132.4139433,34.3567415],[132.4235587,34.3595961],[132.4399052,34.3523233],[132.4378508,34.3453994],[132.4437126,34.3405247],[132.449817,34.3408363],[132.452495,34.3528014],[132.470159,34.3519334],[132.4785124,34.3567219],[132.4756068,34.3670936],[132.4825568,34.353118],[132.5061574,34.3557284],[132.5168981,34.3650911],[132.522484,34.3628322],[132.5248574,34.3594001],[132.5087303,34.352715],[132.5164354,34.3437598],[132.5029638,34.3505863],[132.496351,34.3481495],[132.4916984,34.3367201],[132.5043556,34.3364195],[132.5029927,34.3254456],[132.4943158,34.3162438],[132.5074992,34.2984043],[132.5056599,34.2944801],[132.5188541,34.2826217],[132.5145718,34.2569457],[132.5243582,34.2589725],[132.5299173,34.2553005],[132.5306714,34.2499609],[132.524466,34.2462669],[132.5315516,34.2415284],[132.5393533,34.2429314],[132.5396452,34.2477479],[132.5456982,34.2458118],[132.5416762,34.2424513],[132.5450827,34.2402313],[132.5517067,34.2424679],[132.558529,34.2382263],[132.548403,34.2250431],[132.5381112,34.228629],[132.5315569,34.222171],[132.5432741,34.211193],[132.5378216,34.1941847],[132.5435949,34.1932666],[132.5680126,34.1978491],[132.5839406,34.2115051],[132.5889431,34.2106256],[132.5881183,34.2140778],[132.593465,34.2125434],[132.5881114,34.2097206],[132.5924904,34.2116237],[132.596065,34.2167756],[132.5899522,34.2197768],[132.5956202,34.2311404],[132.605749,34.2265197],[132.6027543,34.2201464],[132.6090992,34.2185279],[132.6157552,34.2244154],[132.6174972,34.210717],[132.6206996,34.2134421],[132.6267016,34.2063201],[132.6409117,34.2017738],[132.660971,34.2084064],[132.6574793,34.21409],[132.660248,34.2192814],[132.684387,34.2103171],[132.6850744,34.2224548],[132.7013184,34.2375158],[132.7403619,34.2432949],[132.7604128,34.24037],[132.7583644,34.2465845],[132.7734009,34.2553421],[132.7648828,34.2625906],[132.7560066,34.2569957],[132.7530045,34.2594939],[132.7597531,34.2674495],[132.7542411,34.2823381],[132.7885235,34.277999],[132.7872706,34.2862956],[132.7951792,34.2960185],[132.7989522,34.312559],[132.8008253,34.3087195],[132.8134625,34.3114689],[132.8141947,34.3168176],[132.8342616,34.3161202],[132.8325739,34.3126415],[132.8374598,34.3128004],[132.8347933,34.3046366],[132.8461529,34.2996739],[132.8470063,34.2916881],[132.8683991,34.3051712],[132.8740498,34.3021947],[132.876436,34.3068225],[132.8691884,34.3122914],[132.8853991,34.3154185],[132.8915219,34.3215385],[132.8867173,34.319209],[132.8886097,34.3240371],[132.914747,34.3270673],[132.9115519,34.3277972],[132.9167093,34.3328883],[132.9176012,34.3266867],[132.9288912,34.3256996],[132.9508093,34.3403341],[132.9503004,34.3369889],[132.9603608,34.3340297],[132.9629083,34.3376163],[132.983115,34.3312043],[132.9944817,34.3375331],[133.0106395,34.3291421]]}},{"type":"Feature","properties":{"areaCode1":"592","areaCode2":""},"geometry":{"type":"LineString","coordinates":[[132.2622094,34.2518878],[132.2697681,34.2476878],[132.2741944,34.231435],[132.2941358,34.2391425],[132.3197997,34.2624208],[132.3403042,34.2728464],[132.3480908,34.2823367],[132.3485856,34.29292],[132.3404394,34.2972348],[132.3411498,34.3026448],[132.3317261,34.3110667],[132.3201547,34.2954053],[132.3098529,34.2964121],[132.2900896,34.287392],[132.2804922,34.2669708],[132.2622094,34.2518878]]}},{"type":"Feature","properties":{"areaCode1":"592","areaCode2":""},"geometry":{"type":"LineString","coordinates":[[132.2923336,34.1895175],[132.2962311,34.1996167],[132.3025733,34.1935886],[132.3112139,34.1988686],[132.3195531,34.1898758],[132.3053325,34.1843686],[132.2923336,34.1895175]]}},{"type":"Feature","properties":{"areaCode1":"592","areaCode2":""},"geometry":{"type":"LineString","coordinates":[[132.3720828,34.2583044],[132.3772665,34.2646417],[132.3803319,34.2565078],[132.389698,34.2608687],[132.4198114,34.2579908],[132.4371632,34.236405],[132.4391759,34.2249673],[132.4489209,34.223854],[132.4577626,34.2309395],[132.4741185,34.2084563],[132.4797251,34.2316811],[132.4709193,34.2445475],[132.4560946,34.2567418],[132.4502649,34.2469714],[132.4400051,34.2454022],[132.4331046,34.2503054],[132.4457763,34.26662],[132.4357446,34.2753006],[132.4341464,34.2860288],[132.4418487,34.2893607],[132.4482592,34.2847114],[132.4614445,34.2878073],[132.4747473,34.2835043],[132.480483,34.2851064],[132.4797175,34.2962578],[132.498926,34.2671211],[132.4907214,34.2470614],[132.4975433,34.2422974],[132.4892603,34.2196368],[132.4901767,34.2038584],[132.4833679,34.2007164],[132.4795483,34.1918021],[132.4733224,34.1945718],[132.4746168,34.1790687],[132.4713168,34.1788839],[132.4776925,34.1784279],[132.4880584,34.1607118],[132.4892375,34.1413403],[132.4819847,34.1447739],[132.4461769,34.1323475],[132.4460325,34.1395814],[132.4284522,34.1286442],[132.4455692,34.1523231],[132.4456102,34.1668056],[132.4496813,34.1676221],[132.4435914,34.1695398],[132.4448398,34.179182],[132.4571879,34.1778624],[132.4375817,34.1959506],[132.4287939,34.1731019],[132.4276097,34.1796567],[132.4222689,34.1806961],[132.4200892,34.1980444],[132.4083446,34.2020891],[132.3844175,34.2263394],[132.3896923,34.2313663],[132.3890664,34.2401519],[132.3720828,34.2583044]]}},{"type":"Feature","properties":{"areaCode1":"592","areaCode2":""},"geometry":{"type":"LineString","coordinates":[[132.3815122,34.1714267],[132.3875081,34.1495328],[132.4015764,34.1468347],[132.4125697,34.1498158],[132.4168528,34.1563142],[132.4106622,34.1671272],[132.4131392,34.1697181],[132.4068211,34.1679139],[132.3852871,34.1775673],[132.3815122,34.1714267]]}},{"type":"Feature","properties":{"areaCode1":"592","areaCode2":""},"geometry":{"type":"LineString","coordinates":[[132.4145096,34.3006523],[132.4243936,34.302791],[132.4428273,34.2969626],[132.4381183,34.3044606],[132.4480988,34.315584],[132.4440974,34.3252984],[132.4336251,34.3213072],[132.4284926,34.3080004],[132.4145096,34.3006523]]}},{"type":"Feature","properties":{"areaCode1":"592","areaCode2":""},"geometry":{"type":"LineString","coordinates":[[132.4472803,34.1082569],[132.4478558,34.0940486],[132.4541025,34.0940339],[132.460465,34.0823081],[132.4776394,34.0895803],[132.4821172,34.0852797],[132.4878407,34.0888974],[132.4847264,34.0911989],[132.4985192,34.0909586],[132.5019414,34.1033958],[132.5137644,34.0990828],[132.5129542,34.0910264],[132.5147414,34.0954858],[132.5249033,34.0947633],[132.5322797,34.1039153],[132.5352561,34.0953311],[132.5456806,34.0978992],[132.5428331,34.0917317],[132.5476469,34.0901458],[132.5507945,34.0789011],[132.5564875,34.0799686],[132.567845,34.0970489],[132.5701356,34.1155131],[132.5758689,34.1157925],[132.5851056,34.1060697],[132.5930425,34.1151519],[132.5830153,34.1120611],[132.5839117,34.1237003],[132.5759353,34.1278353],[132.5605594,34.1170589],[132.5491764,34.1173019],[132.5390897,34.1075628],[132.5415864,34.1153233],[132.5376164,34.1211091],[132.5452733,34.1248125],[132.5487883,34.1400467],[132.5577919,34.1506],[132.5487511,34.1412569],[132.5484142,34.1514558],[132.5320225,34.1466394],[132.5272033,34.1500917],[132.5298267,34.1537157],[132.521471,34.1575209],[132.5280051,34.1645092],[132.5399201,34.1642004],[132.5405928,34.1722737],[132.5467792,34.17663],[132.5570164,34.170514],[132.5590172,34.173227],[132.5520914,34.1872481],[132.5337315,34.1890141],[132.5377041,34.1997935],[132.5274301,34.2002796],[132.5029512,34.1853278],[132.4950922,34.1688531],[132.4940877,34.1489104],[132.508605,34.1429775],[132.505014,34.144033],[132.5044553,34.1335967],[132.4736733,34.1255347],[132.4725944,34.1185228],[132.4673369,34.1216767],[132.4659925,34.11644],[132.4552406,34.1151708],[132.4472803,34.1082569]]}},{"type":"Feature","properties":{"areaCode1":"592","areaCode2":""},"geometry":{"type":"LineString","coordinates":[[132.5195144,34.0516117],[132.5266997,34.0580953],[132.5313164,34.0734789],[132.5392478,34.0699077],[132.5339147,34.0468347],[132.5195144,34.0516117]]}},{"type":"Feature","properties":{"areaCode1":"592","areaCode2":""},"geometry":{"type":"LineString","coordinates":[[132.6443039,34.1710897],[132.6560906,34.1963467],[132.67733,34.2029064],[132.6747433,34.1960239],[132.6800319,34.1963383],[132.6844614,34.1877117],[132.6759542,34.1747118],[132.6628689,34.1694997],[132.6631504,34.1737249],[132.656688,34.1761929],[132.6443039,34.1710897]]}},{"type":"Feature","properties":{"areaCode1":"592","areaCode2":""},"geometry":{"type":"LineString","coordinates":[[132.6857664,34.1831861],[132.7132133,34.180973],[132.722525,34.1692622],[132.7384864,34.1733733],[132.7434137,34.1676744],[132.7355231,34.1613283],[132.7387125,34.1578014],[132.7415906,34.1636275],[132.7546619,34.1640394],[132.7654767,34.1774217],[132.7646994,34.1821614],[132.7540406,34.1820578],[132.7597417,34.1905858],[132.7573417,34.1936169],[132.7446683,34.1929575],[132.7248375,34.2001818],[132.7210925,34.1969936],[132.7098175,34.2044653],[132.69868,34.2042631],[132.6865227,34.196426],[132.6857664,34.1831861]]}},{"type":"Feature","properties":{"areaCode1":"592","areaCode2":""},"geometry":{"type":"LineString","coordinates":[[132.7706889,34.1703786],[132.7722078,34.1611086],[132.7821127,34.160862],[132.7926881,34.165345],[132.7998313,34.1766449],[132.7861436,34.1887447],[132.7715372,34.1767097],[132.7706889,34.1703786]]}},{"type":"Feature","properties":{"areaCode1":"592","areaCode2":""},"geometry":{"type":"LineString","coordinates":[[132.7995889,34.1586322],[132.80662,34.1627333],[132.8030994,34.1715969],[132.8067624,34.1780464],[132.8228555,34.1870848],[132.8284206,34.1837644],[132.8461847,34.1957928],[132.8579227,34.1864768],[132.8555656,34.1830086],[132.869376,34.1770042],[132.8470612,34.160239],[132.8200272,34.1509197],[132.7995889,34.1586322]]}},{"type":"Feature","properties":{"areaCode1":"592","areaCode2":""},"geometry":{"type":"LineString","coordinates":[[132.8380784,34.2418702],[132.8466947,34.2338892],[132.8399136,34.2282703],[132.8419375,34.2233444],[132.8559664,34.2081639],[132.8747129,34.2053632],[132.9047402,34.2144266],[132.9161124,34.2119246],[132.921053,34.2149502],[132.915622,34.2197386],[132.9179139,34.2275806],[132.913348,34.2348901],[132.9298275,34.2479661],[132.9422144,34.2773939],[132.9333519,34.2845031],[132.9267519,34.2826822],[132.9074353,34.2640686],[132.9005515,34.2475295],[132.8915033,34.2497701],[132.8943522,34.2570558],[132.8874675,34.2623028],[132.8769994,34.2517052],[132.8825397,34.2501967],[132.8835499,34.2441241],[132.8772858,34.2493526],[132.8615775,34.2445797],[132.8557658,34.2490528],[132.860487,34.2432333],[132.8577846,34.2398866],[132.8492006,34.2452974],[132.8380784,34.2418702]]}},{"type":"Feature","properties":{"areaCode1":"592","areaCode2":""},"geometry":{"type":"LineString","coordinates":[[132.9048856,34.2848233],[132.9074331,34.2947172],[132.9149167,34.3001481],[132.9184314,34.2990494],[132.9146114,34.2970553],[132.9166808,34.2903736],[132.9256392,34.2966844],[132.9254267,34.2860381],[132.9197344,34.2809092],[132.91432,34.2797881],[132.9153106,34.2834442],[132.9072906,34.2875847],[132.9048856,34.2848233]]}},{"type":"Feature","properties":{"areaCode1":"592","areaCode2":"703"},"geometry":{"type":"LineString","coordinates":[[132.0678433,34.4650897],[132.0810475,34.4432472],[132.0748661,34.4318211],[132.0774167,34.4256161],[132.06879,34.4160478],[132.0746219,34.4022008],[132.069755,34.3909919],[132.0777997,34.3878997],[132.0703719,34.3708881],[132.0697972,34.3562958],[132.0852633,34.3578817],[132.0878283,34.3518925],[132.1014236,34.3451456],[132.1010436,34.3365767],[132.1075272,34.3280522],[132.1273553,34.3329244],[132.1291917,34.3223786],[132.1239975,34.3197783],[132.1226453,34.3103919],[132.1294706,34.3040217],[132.1239978,34.2966475],[132.1285372,34.2960925],[132.1255975,34.2908708],[132.1297006,34.2944633],[132.1400514,34.2849422],[132.1335689,34.2720139],[132.1463547,34.2567847],[132.1443069,34.2368167],[132.1501842,34.2371842],[132.1569147,34.2292358],[132.1598208,34.2339258],[132.1708917,34.2335825],[132.1672822,34.2279506],[132.17191,34.2251225],[132.1807553,34.2299272],[132.1934994,34.2264822],[132.1931003,34.2304225],[132.1978756,34.2306328],[132.1996775,34.2251692],[132.2048561,34.2286078],[132.1954289,34.2043889],[132.2022436,34.2078308],[132.2101689,34.2025758],[132.2206564,34.2081528],[132.2455952,34.2106726]]}},{"type":"Feature","properties":{"areaCode1":"592","areaCode2":"703"},"geometry":{"type":"LineString","coordinates":[[132.0678433,34.4650897],[132.068585,34.4676711]]}},{"type":"Feature","properties":{"areaCode1":"600","areaCode2":""},"geometry":{"type":"LineString","coordinates":[[134.4402067,34.2078539],[134.4715986,34.2086968],[134.4859631,34.2199112],[134.5061735,34.2258064],[134.5722644,34.2224804],[134.5730941,34.2266143],[134.5657856,34.2306931],[134.5679357,34.2352688],[134.5892352,34.2396228],[134.5862129,34.2323493],[134.5905357,34.2242187],[134.5815927,34.212555],[134.5853755,34.201749],[134.6116997,34.1917519],[134.6066794,34.1920615],[134.6244725,34.1807063],[134.641917,34.1800412],[134.6211229,34.1456313],[134.6162425,34.1444301],[134.6247156,34.1423776],[134.6184473,34.1384337],[134.6255413,34.1365408],[134.6233959,34.128164],[134.607596,34.1255035],[134.6036834,34.116988],[134.6069157,34.1163076],[134.6033406,34.1163244],[134.6014861,34.1073967],[134.6091063,34.1039229],[134.6014371,34.1072939],[134.6096406,34.10288],[134.6048125,34.0930181],[134.6079664,34.0906744],[134.5839763,34.0428184],[134.5858443,34.0395277],[134.5909815,34.0445623],[134.589176,34.0384512],[134.5934125,34.043207],[134.5869006,34.035203],[134.5961743,34.0328589],[134.5885077,34.028733],[134.6010876,34.0179214],[134.5995479,34.0140421],[134.5918051,34.0160195],[134.5890718,34.0110865],[134.5926541,34.0088354],[134.5882724,34.0080865],[134.5977607,34.0073544],[134.5971102,34.00165],[134.6025792,33.9975387],[134.6147444,33.9972445],[134.60507,33.993799],[134.6095403,33.9916956],[134.6073087,33.9827678],[134.6107607,33.9918126],[134.6251933,33.9942423],[134.6219526,33.9890323],[134.6275209,33.9913889],[134.6257079,33.9967713],[134.6344683,33.9933569],[134.6295473,34.0034366],[134.6248734,34.0038817],[134.6319177,34.0114208],[134.6487606,33.9976643],[134.6520797,33.985816]]}},{"type":"Feature","properties":{"areaCode1":"600","areaCode2":""},"geometry":{"type":"LineString","coordinates":[[134.5877164,34.2073136],[134.5906131,34.2118653],[134.6034499,34.211171],[134.6105084,34.2159316],[134.6150966,34.2099789],[134.6213582,34.2103928],[134.6245852,34.21837],[134.6152195,34.2189895],[134.613056,34.2232068],[134.6167089,34.2320862],[134.635061,34.2325987],[134.6437849,34.239526],[134.6269148,34.2067447],[134.6257224,34.186642],[134.6151428,34.1943657],[134.5924054,34.2005194],[134.5877164,34.2073136]]}},{"type":"Feature","properties":{"areaCode1":"600","areaCode2":""},"geometry":{"type":"LineString","coordinates":[[134.5878206,34.2307828],[134.5934193,34.2425879],[134.6055956,34.2518909],[134.6159595,34.2482233],[134.6171368,34.2329206],[134.6089658,34.2289868],[134.608712,34.2332586],[134.5912429,34.2139915],[134.5904123,34.2223703],[134.5939915,34.2233097],[134.5878206,34.2307828]]}},{"type":"Feature","properties":{"areaCode1":"600","areaCode2":"601"},"geometry":{"type":"LineString","coordinates":[[134.0328283,33.8283997],[134.0390058,33.8348975],[134.0493378,33.8342028],[134.0781264,33.8460022],[134.0853664,33.8439689],[134.0953564,33.85502],[134.1103361,33.8527156],[134.125005,33.8573878],[134.14369,33.8688311],[134.1692914,33.8672514],[134.1907367,33.8855069],[134.2086839,33.8808542],[134.21969,33.8885714],[134.2390383,33.89169],[134.2314425,33.9079358],[134.2499478,33.9169639],[134.2861097,33.9152475],[134.2943544,33.9066608],[134.3034333,33.9257958],[134.3141347,33.9261133],[134.3251211,33.9343097],[134.3406908,33.9249806],[134.3808775,33.941925],[134.40029,33.9447794],[134.4008547,33.9512961],[134.4082039,33.9533181],[134.4304886,33.9578558],[134.4680836,33.9521103],[134.4765319,33.9664389],[134.4957497,33.9700564],[134.5098389,33.9621806],[134.5315467,33.9602064],[134.5354072,33.9552269],[134.56667,33.9625836],[134.5698072,33.9447522],[134.5605969,33.9396592],[134.5652303,33.9378883],[134.5747522,33.9447861],[134.6118681,33.9506161],[134.6135689,33.9612611],[134.62469,33.9697381],[134.6357453,33.9637297],[134.6443281,33.9820272],[134.6520797,33.985816]]}},{"type":"Feature","properties":{"areaCode1":"600","areaCode2":"610"},"geometry":{"type":"LineString","coordinates":[[134.049885,34.1174156],[134.061505,34.1110056],[134.0709175,34.1127133],[134.0795564,34.1211369],[134.0944844,34.1145906],[134.1223111,34.1187731],[134.1393139,34.1340822],[134.1352397,34.1515775],[134.1463161,34.165285],[134.1737456,34.1770017],[134.1950642,34.1718742],[134.22088,34.1799211],[134.2474278,34.17873],[134.2660767,34.1832128],[134.2772483,34.1764642],[134.2922331,34.1791428],[134.2979056,34.1686386],[134.3145631,34.1772561],[134.3441933,34.1723797],[134.3480642,34.1838742],[134.35553,34.18529],[134.3756583,34.1717858],[134.3829733,34.1722344],[134.3854872,34.1650967],[134.4019647,34.1680197],[134.4129319,34.1568828],[134.4191364,34.1577169],[134.4338717,34.1695142],[134.4291958,34.1831933],[134.4390606,34.1910769],[134.4402067,34.2078539]]}},{"type":"Feature","properties":{"areaCode1":"600","areaCode2":"611"},"geometry":{"type":"LineString","coordinates":[[133.6795486,34.01252],[133.7006333,34.0179194],[133.7091683,34.0153764],[133.7213197,34.0222925],[133.7230719,34.0364628],[133.7289942,34.0441597],[133.7485722,34.0535308],[133.7784692,34.0794597],[133.7918411,34.0781217],[133.7978281,34.0697597],[133.8176911,34.0722372],[133.8229353,34.0930369],[133.8341325,34.0977408],[133.8421531,34.0949664],[133.8585392,34.1052744],[133.8670844,34.1001528],[133.8928547,34.1081969],[133.9030936,34.1000706],[133.9222961,34.1144119],[133.9391158,34.1153956],[133.9376681,34.1078219],[133.9444308,34.1017539],[133.9456044,34.0921733],[133.9564781,34.0880992],[133.9591247,34.082495],[133.9688131,34.0814933],[133.973048,34.0730213],[133.9939342,34.0726175],[134.0015042,34.0752253],[134.0100208,34.0866872],[134.0262575,34.0850883],[134.0256322,34.09196],[134.0400403,34.100865],[134.049885,34.1174156]]}},{"type":"Feature","properties":{"areaCode1":"600","areaCode2":"620"},"geometry":{"type":"LineString","coordinates":[[133.6607481,33.8818092],[133.6779456,33.8930844],[133.6745139,33.9031858],[133.6775778,33.9095508],[133.6905172,33.9162906],[133.6856297,33.9257161],[133.6756836,33.92638],[133.6764844,33.9329447],[133.6927975,33.9468308],[133.6870539,33.9548947],[133.6923639,33.962455],[133.6829775,33.9645928],[133.6822064,33.9832542],[133.6751069,33.9836028],[133.6773267,33.9942814],[133.6857369,34.0036564],[133.6795486,34.01252]]}},{"type":"Feature","properties":{"areaCode1":"600","areaCode2":"631"},"geometry":{"type":"LineString","coordinates":[[133.6607481,33.8818092],[133.6629103,33.8703453],[133.6772928,33.8585794],[133.6946333,33.8564036],[133.7015717,33.8498061],[133.7380039,33.8498561],[133.7480003,33.8367781],[133.7856594,33.8424136],[133.78858,33.8362439],[133.8177728,33.8373214],[133.8284881,33.8447489],[133.8384217,33.8452683],[133.8536581,33.8345717],[133.8723586,33.8061931],[133.8933753,33.8049364],[133.9013658,33.7940131],[133.9133897,33.7911814],[133.9248783,33.8006092],[133.9412608,33.7991581],[133.9474736,33.8037442],[133.95273,33.8154933],[133.9510858,33.828925],[133.9597833,33.8346603],[133.98515,33.8407847],[133.997705,33.8210864],[134.0328283,33.8283997]]}},{"type":"Feature","properties":{"areaCode1":"601","areaCode2":""},"geometry":{"type":"LineString","coordinates":[[134.3046459,33.561977],[134.3118466,33.5625418],[134.3087811,33.5717958],[134.3119233,33.5771956],[134.3195803,33.577765],[134.3184478,33.5820925],[134.3402431,33.5780417],[134.3636511,33.5801047],[134.3317306,33.5831078],[134.3638903,33.5886006],[134.3597212,33.5926998],[134.3638406,33.5926389],[134.3643028,33.602015],[134.3899269,33.6233197],[134.378465,33.6286706],[134.3788403,33.62465],[134.3649483,33.6241964],[134.3625181,33.6280769],[134.3674701,33.6271189],[134.3705144,33.6346675],[134.3781646,33.6298017],[134.37646,33.6369594],[134.3915975,33.6478975],[134.3892506,33.6504495],[134.3966857,33.6503509],[134.3971443,33.6569387],[134.4037349,33.6600452],[134.411994,33.6540899],[134.4176424,33.6565827],[134.4202655,33.6659696],[134.4261354,33.6648209],[134.4218786,33.6629587],[134.4252193,33.6606325],[134.4415965,33.6632955],[134.4473817,33.6710434],[134.5168302,33.7013555],[134.5167008,33.7056505],[134.5432397,33.7190074],[134.5417684,33.7340459],[134.5461028,33.737853],[134.5513207,33.7353963],[134.5532156,33.7416914],[134.5577179,33.7377343],[134.5546885,33.734117],[134.5664801,33.7323768],[134.5754903,33.7539039],[134.5700544,33.7604756],[134.5720414,33.7656975],[134.5804503,33.762185],[134.5817625,33.7715239],[134.5916559,33.7681818],[134.5929725,33.7727856],[134.5956542,33.7648939],[134.6020586,33.7640992],[134.6018381,33.7720597],[134.6200303,33.7865742],[134.6357736,33.7865911],[134.6413611,33.7806303],[134.6405964,33.7890325],[134.6501806,33.7892183],[134.6689264,33.8018783],[134.6890417,33.80553],[134.6953583,33.8124983],[134.7498896,33.8335242],[134.7415416,33.8421682],[134.7196635,33.8313412],[134.716143,33.8361141],[134.7006467,33.8364088],[134.6801865,33.8303226],[134.6790183,33.8342431],[134.6963754,33.8427941],[134.7202621,33.8450267],[134.7111177,33.8504698],[134.6922083,33.8482712],[134.6925223,33.8543809],[134.6799507,33.8512769],[134.6779901,33.8466014],[134.6735368,33.8500951],[134.6690985,33.8437482],[134.6671946,33.8482432],[134.6621168,33.8435807],[134.6575294,33.8488057],[134.6433212,33.8429019],[134.6393208,33.84563],[134.6481304,33.8523815],[134.642677,33.8531653],[134.6466709,33.866594],[134.628792,33.8569482],[134.637361,33.8730234],[134.6399868,33.8695057],[134.6457352,33.8716295],[134.644857,33.8754751],[134.6520355,33.8707361],[134.6607666,33.875837],[134.6533349,33.882435],[134.6663098,33.8787579],[134.6746209,33.8866863],[134.6752257,33.8797258],[134.687415,33.9000254],[134.6990242,33.906364],[134.7016322,33.9221103],[134.7115641,33.9244745],[134.7056334,33.9259388],[134.704453,33.9295832],[134.7116467,33.9257934],[134.7047762,33.9317579],[134.7110795,33.9309559],[134.7035909,33.9324793],[134.697032,33.9483561],[134.6991009,33.9542921],[134.6968751,33.95],[134.6683047,33.9620851],[134.6520797,33.985816]]}},{"type":"Feature","properties":{"areaCode1":"601","areaCode2":""},"geometry":{"type":"LineString","coordinates":[[134.3046459,33.561977],[134.3125435,33.5622306],[134.3126378,33.5561803],[134.3199372,33.5550942],[134.3140364,33.5456131],[134.3056553,33.5486175]]}},{"type":"Feature","properties":{"areaCode1":"601","areaCode2":"630"},"geometry":{"type":"LineString","coordinates":[[134.0565997,33.6939117],[134.0647619,33.6982244],[134.064715,33.7065544],[134.0701017,33.7111958],[134.0650375,33.7194522]]}},{"type":"Feature","properties":{"areaCode1":"601","areaCode2":"630"},"geometry":{"type":"LineString","coordinates":[[134.0565997,33.6939117],[134.066335,33.688625],[134.1260122,33.6959061],[134.1477067,33.6849467],[134.1638453,33.6881239],[134.1746542,33.6842853],[134.1758061,33.6762869],[134.1689647,33.6707683],[134.1753497,33.6615939],[134.1713119,33.6575039],[134.1841733,33.6490233],[134.1492514,33.6271408],[134.1548842,33.6231794],[134.1521053,33.6172006],[134.1559556,33.6117886],[134.1759328,33.6073261],[134.1705247,33.5970853],[134.1847192,33.5886858],[134.1877675,33.5757683],[134.1954431,33.5684597],[134.19317,33.5616272],[134.2184789,33.5676108],[134.2377556,33.5520492],[134.2415064,33.556055],[134.2704036,33.5548958],[134.273585,33.5605722],[134.2817147,33.5610219],[134.2956756,33.5577283],[134.2963556,33.5531108],[134.3064619,33.5538244],[134.3056553,33.5486175]]}},{"type":"Feature","properties":{"areaCode1":"601","areaCode2":"631"},"geometry":{"type":"LineString","coordinates":[[134.0328283,33.8283997],[134.0368797,33.8203394],[134.0333114,33.8092781],[134.0467931,33.7987644],[134.0459881,33.7895206],[134.0581325,33.7811411],[134.0560603,33.7516547],[134.0683589,33.7293328],[134.0650375,33.7194522]]}},{"type":"Feature","properties":{"areaCode1":"610","areaCode2":""},"geometry":{"type":"LineString","coordinates":[[133.9276073,34.3896538],[133.9383313,34.3814913],[133.9392282,34.3752046],[133.945315,34.3754308],[133.9440251,34.3794679],[133.9485188,34.3810848],[133.9592064,34.3776287],[133.9655064,34.3624264],[133.9767309,34.3731934],[133.9926839,34.356662],[134.000442,34.3554473],[134.0004006,34.3513593],[134.0034075,34.3592433],[134.0180517,34.3570251],[134.009579,34.3561329],[134.0144888,34.3517173],[134.0191331,34.3564403],[134.0332455,34.3534074],[134.0293178,34.3485332],[134.0377856,34.3494189],[134.033737,34.352857],[134.0428915,34.352528],[134.0517292,34.3615409],[134.0472928,34.3555096],[134.0573683,34.3518749],[134.0563891,34.3481403],[134.0597491,34.3513206],[134.0597528,34.3477427],[134.0639727,34.3535931],[134.0549627,34.3563347],[134.0588044,34.3604751],[134.0567533,34.3565351],[134.0641662,34.3576256],[134.0633417,34.3625768],[134.0695436,34.3645799],[134.0694828,34.3513361],[134.0746589,34.3512638],[134.0749985,34.3617816],[134.0798285,34.3614513],[134.0786718,34.35],[134.0856606,34.3517378],[134.0916892,34.3655244],[134.0916404,34.3848184],[134.1080834,34.3722631],[134.114059,34.3610373],[134.1180217,34.362031],[134.1152877,34.3589015],[134.1223456,34.3606704],[134.1163888,34.376196],[134.1290226,34.3870746],[134.1261624,34.3917675],[134.1224647,34.3881726],[134.1194184,34.3970561],[134.136622,34.400316],[134.1596106,34.3890403],[134.1637631,34.3824076],[134.1571521,34.3655113],[134.1593762,34.351181],[134.1567388,34.3428194],[134.1532779,34.3435114],[134.164508,34.3266897],[134.1772564,34.3245391],[134.1812031,34.3259522],[134.1792604,34.3330929],[134.1905257,34.3311737],[134.1848812,34.3335235],[134.1874017,34.3448544],[134.1827566,34.3528037],[134.1922115,34.3438864],[134.2110274,34.3470959],[134.2135864,34.3507673],[134.2043272,34.3668102],[134.2109063,34.3693979],[134.2187566,34.3490551],[134.233683,34.3372124],[134.2502285,34.3515932],[134.2571498,34.3464308],[134.2581981,34.3368255],[134.2662941,34.3362177],[134.2618276,34.3293818],[134.2655049,34.3190087],[134.2463704,34.3069448],[134.2523122,34.2967337],[134.2473857,34.2969474],[134.2581132,34.2850942],[134.2682475,34.2829506],[134.2709329,34.2902187],[134.2891675,34.2748716],[134.3058283,34.2786475],[134.3417917,34.2572483],[134.3432151,34.2523334],[134.3425876,34.2559866],[134.3691966,34.2498272],[134.3770792,34.2539358],[134.3785801,34.2616576],[134.3933994,34.251584],[134.3970305,34.2377147],[134.4116438,34.2356254],[134.4045253,34.2306019],[134.4113815,34.2245222],[134.4060177,34.2274911],[134.4080374,34.2246186],[134.4402067,34.2078539]]}},{"type":"Feature","properties":{"areaCode1":"610","areaCode2":""},"geometry":{"type":"LineString","coordinates":[[133.9649303,34.4754597],[133.9825328,34.4768611],[133.9831256,34.4719744],[133.9994053,34.4610075],[134.0019431,34.4509264],[134.0107414,34.4543689],[134.0122012,34.4511625],[134.0013494,34.4432444],[133.9817489,34.4449653],[133.9733053,34.4524986],[133.9753119,34.4562597],[133.9686269,34.4621039],[133.9649303,34.4754597]]}},{"type":"Feature","properties":{"areaCode1":"610","areaCode2":""},"geometry":{"type":"LineString","coordinates":[[134.0355839,34.3832571],[134.0409065,34.3800115],[134.0487479,34.3895502],[134.0546532,34.3896956],[134.056656,34.4073716],[134.050908,34.4082938],[134.0355839,34.3832571]]}},{"type":"Feature","properties":{"areaCode1":"610","areaCode2":""},"geometry":{"type":"LineString","coordinates":[[134.0359744,34.4812001],[134.0431917,34.4894314],[134.05741,34.4867119],[134.0690689,34.4980251],[134.0835075,34.5001397],[134.0935251,34.4904519],[134.1038408,34.4920647],[134.1045772,34.4870131],[134.1027008,34.47909],[134.0813197,34.4591664],[134.0692043,34.4689128],[134.0517242,34.4718033],[134.0359744,34.4812001]]}},{"type":"Feature","properties":{"areaCode1":"610","areaCode2":""},"geometry":{"type":"LineString","coordinates":[[134.14086,34.4697067],[134.1570525,34.4929497],[134.1809641,34.4874773],[134.1653165,34.5001503],[134.1649489,34.5071222],[134.1559533,34.5049078],[134.1663937,34.5130528],[134.1635009,34.5158514],[134.1671609,34.5139256],[134.1651932,34.5189984],[134.1717245,34.5289309],[134.1779985,34.5181348],[134.1868386,34.5158222],[134.1932437,34.5215688],[134.2086989,34.5209956],[134.222284,34.5293119],[134.2389395,34.5296005],[134.2643731,34.5532747],[134.2839689,34.5457642],[134.3047144,34.5491728],[134.3134525,34.5586983],[134.3290933,34.563925],[134.3513617,34.5640301],[134.3460015,34.5604586],[134.3473954,34.5558056],[134.3669064,34.5613306],[134.3546667,34.5575261],[134.3477805,34.5508407],[134.3484378,34.5441776],[134.3435583,34.5450245],[134.3516284,34.5383343],[134.3622102,34.5416141],[134.3553139,34.5391148],[134.3601457,34.5336664],[134.3546183,34.5234093],[134.3563854,34.5110607],[134.3473362,34.501041],[134.3519553,34.491722],[134.3427567,34.4883387],[134.3439464,34.4825718],[134.353848,34.476306],[134.3488004,34.4598382],[134.3354887,34.4481083],[134.3404067,34.4378363],[134.3377941,34.4329015],[134.319632,34.4580111],[134.3140081,34.4544796],[134.3018056,34.4572596],[134.2841467,34.4418687],[134.2782594,34.4468559],[134.2867244,34.447578],[134.2842492,34.4607976],[134.3078018,34.4631007],[134.3166611,34.4596425],[134.3178122,34.4712702],[134.3102116,34.4774627],[134.2960532,34.4796889],[134.2828222,34.4709486],[134.2677845,34.4681309],[134.2595956,34.4547674],[134.2626061,34.4492086],[134.2466353,34.4300263],[134.2512676,34.4244102],[134.2355663,34.4147831],[134.2245575,34.4252379],[134.2328701,34.428261],[134.2326569,34.4322732],[134.2377689,34.4303076],[134.2373069,34.4372989],[134.2234737,34.4384034],[134.2348724,34.4442324],[134.2377164,34.4555759],[134.2429476,34.4588209],[134.2363383,34.4631019],[134.2361434,34.4705331],[134.2292729,34.4690236],[134.2334562,34.4764514],[134.2283864,34.4806497],[134.216307,34.4732041],[134.2095574,34.4828225],[134.201907,34.480174],[134.19443,34.4847562],[134.1915143,34.4796383],[134.1888427,34.4833633],[134.1887294,34.4744756],[134.1872384,34.4793978],[134.1821541,34.4750329],[134.1757786,34.4766309],[134.1681592,34.4646572],[134.1514489,34.4597556],[134.1487424,34.4672489],[134.14086,34.4697067]]}},{"type":"Feature","properties":{"areaCode1":"610","areaCode2":"611"},"geometry":{"type":"LineString","coordinates":[[133.925255,34.3156861],[133.9394192,34.3004308],[133.94515,34.2702518],[133.9657817,34.2657417],[133.9690925,34.2602161],[133.9730519,34.2609494],[133.9719164,34.2652122],[133.9838617,34.2661317],[133.9877258,34.2619708],[133.9892447,34.2668383],[133.9952817,34.2630431],[133.9844989,34.2421931],[134.0129433,34.2115856],[134.0171381,34.1897933],[134.0255881,34.1875281],[134.0226639,34.1784694],[134.0287347,34.169115],[134.0256106,34.1610247],[134.0182125,34.1590964],[134.0232942,34.1553444],[134.0245844,34.1396625],[134.0323967,34.1375472],[134.0359311,34.1272642],[134.049885,34.1174156]]}},{"type":"Feature","properties":{"areaCode1":"610","areaCode2":"611"},"geometry":{"type":"LineString","coordinates":[[133.925255,34.3156861],[133.9426378,34.3254211],[133.9539017,34.3242217],[133.953075,34.3341478],[133.9372256,34.3485392],[133.9355872,34.3703778],[133.9287814,34.3774556],[133.9276073,34.3896538]]}},{"type":"Feature","properties":{"areaCode1":"611","areaCode2":""},"geometry":{"type":"LineString","coordinates":[[133.556885,34.2616292],[133.5722289,34.2655664],[133.5915578,34.2606325],[133.5910017,34.2555211],[133.6133554,34.2500777],[133.6182803,34.2444706],[133.6170611,34.2365681],[133.6223116,34.2355616],[133.6342326,34.2395116],[133.654716,34.2336883],[133.6728529,34.2469596],[133.6750656,34.2404944],[133.6670066,34.2343688],[133.6717384,34.2265533],[133.6753526,34.2371852],[133.6785031,34.2363224],[133.6710286,34.2232433],[133.6740019,34.2219909],[133.6815765,34.2339851],[133.701889,34.2360596],[133.7359584,34.2616235],[133.7301124,34.273457],[133.7363718,34.2826035],[133.7436475,34.2717271],[133.7416941,34.2759326],[133.7478903,34.2762113],[133.7403994,34.2819377],[133.7468022,34.2853681],[133.7517062,34.27873],[133.7608121,34.2870664],[133.7633017,34.2837338],[133.7726486,34.2884182],[133.7618774,34.299918],[133.7684405,34.304918],[133.7775325,34.2892773],[133.7753378,34.2964979],[133.7833117,34.3000094],[133.7721415,34.305976],[133.7827459,34.3107606],[133.7898812,34.2989169],[133.7879066,34.2945649],[133.7929408,34.2939867],[133.7915667,34.2996969],[133.7966848,34.3017147],[133.7889401,34.3080683],[133.7969709,34.305995],[133.8233466,34.323776],[133.8271686,34.3200974],[133.8275507,34.3263177],[133.8219185,34.3247594],[133.8192913,34.3531851],[133.8228375,34.3485026],[133.8406768,34.3605887],[133.828919,34.3421462],[133.8470025,34.3553433],[133.847781,34.3517024],[133.8478579,34.3577713],[133.8537248,34.3605079],[133.8594136,34.3542333],[133.8576181,34.3458044],[133.8308335,34.3314626],[133.8365771,34.3237216],[133.8505357,34.3302101],[133.8480136,34.3248758],[133.8577607,34.3262278],[133.8595838,34.3314987],[133.8642446,34.3268875],[133.8619905,34.3318863],[133.8678973,34.3374382],[133.878394,34.344769],[133.8841996,34.3416872],[133.8898454,34.3575903],[133.8897569,34.3525633],[133.8942786,34.3540645],[133.8916609,34.3567329],[133.8949451,34.3545869],[133.8880486,34.3751585],[133.8908416,34.3798339],[133.8959756,34.3828499],[133.9004581,34.3776966],[133.9074325,34.3783191],[133.9096067,34.3820369],[133.9209041,34.377725],[133.9276073,34.3896538]]}},{"type":"Feature","properties":{"areaCode1":"611","areaCode2":""},"geometry":{"type":"LineString","coordinates":[[133.556885,34.2616292],[133.5744947,34.2579833],[133.5735556,34.2520586],[133.5797314,34.2487033],[133.5730408,34.2430528],[133.5835147,34.2435778],[133.6057053,34.2334817],[133.6097481,34.2226069],[133.6181464,34.2204808],[133.6232065,34.2117926],[133.6346254,34.2102854],[133.6345686,34.2024234],[133.6389242,34.2043257],[133.6344726,34.1999995],[133.6435924,34.1915087],[133.6486252,34.1931885],[133.6457162,34.1590395],[133.6419761,34.1560219],[133.6454937,34.1556212],[133.6390449,34.1559988],[133.6426725,34.1489157],[133.63988,34.1312919],[133.6309564,34.1245682],[133.6391559,34.1247911],[133.6279714,34.1189535],[133.6371162,34.1134492],[133.6346706,34.0948091],[133.6391272,34.0929793],[133.6331442,34.0947688],[133.6382219,34.0906781],[133.6322819,34.0837549],[133.6367721,34.0780216],[133.6305092,34.0814279],[133.6311963,34.0601484],[133.6224649,34.0492431],[133.5984952,34.0436309]]}},{"type":"Feature","properties":{"areaCode1":"611","areaCode2":""},"geometry":{"type":"LineString","coordinates":[[133.6172994,34.2590886],[133.6178831,34.2659694],[133.6275222,34.2725294],[133.6277569,34.2778808],[133.6207939,34.2812919],[133.6237519,34.286645],[133.6309531,34.2856531],[133.6285981,34.2783447],[133.6352856,34.27267],[133.6413242,34.2725808],[133.6475444,34.2810933],[133.6567006,34.2806228],[133.6510772,34.2676103],[133.6400283,34.2719467],[133.6225928,34.2559798],[133.6172994,34.2590886]]}},{"type":"Feature","properties":{"areaCode1":"611","areaCode2":""},"geometry":{"type":"LineString","coordinates":[[133.6508419,34.4084519],[133.6758004,34.4099239],[133.6712022,34.3987818],[133.6773676,34.4001577],[133.67695,34.3927294],[133.6656389,34.3827833],[133.6617792,34.3983543],[133.6508419,34.4084519]]}},{"type":"Feature","properties":{"areaCode1":"611","areaCode2":""},"geometry":{"type":"LineString","coordinates":[[133.6616739,34.3240289],[133.6801256,34.3171114],[133.6824027,34.3081932],[133.6707089,34.3079489],[133.6616739,34.3240289]]}},{"type":"Feature","properties":{"areaCode1":"611","areaCode2":""},"geometry":{"type":"LineString","coordinates":[[133.6844164,34.3615266],[133.7029242,34.3516425],[133.7090702,34.3533504],[133.7119253,34.3633467],[133.7226019,34.362461],[133.7299674,34.3684199],[133.7169528,34.3985043],[133.7087375,34.4003814],[133.7091503,34.3872491],[133.6995833,34.3868157],[133.6973377,34.3786603],[133.6912514,34.3795708],[133.6844164,34.3615266]]}},{"type":"Feature","properties":{"areaCode1":"611","areaCode2":""},"geometry":{"type":"LineString","coordinates":[[133.7516381,34.3946181],[133.7554128,34.3980239],[133.7582022,34.3913228],[133.7638107,34.3903513],[133.7776628,34.4010031],[133.7953964,34.3884936],[133.7887994,34.3838006],[133.7836801,34.3870311],[133.7876325,34.3834204],[133.7632078,34.3687175],[133.7548872,34.3704081],[133.7602558,34.3787817],[133.7516381,34.3946181]]}},{"type":"Feature","properties":{"areaCode1":"611","areaCode2":"620"},"geometry":{"type":"LineString","coordinates":[[133.5984952,34.0436309],[133.6133103,34.0323206],[133.626725,34.0378069],[133.63946,34.0259322],[133.6567794,34.0300311],[133.6652031,34.0272392],[133.6782322,34.0181881],[133.6795486,34.01252]]}},{"type":"Feature","properties":{"areaCode1":"620","areaCode2":""},"geometry":{"type":"LineString","coordinates":[[132.808483,34.0186891],[132.8084854,34.0186186]]}},{"type":"Feature","properties":{"areaCode1":"620","areaCode2":""},"geometry":{"type":"LineString","coordinates":[[132.808483,34.0186891],[132.8376515,34.0383347],[132.8380341,34.0339187],[132.84056,34.0420739],[132.8543162,34.0449721],[132.8574006,34.0546977],[132.8650864,34.059217],[132.8857722,34.0586163],[132.8999567,34.0683987],[132.9118966,34.0624501],[132.9222504,34.0660321],[132.9193905,34.0863756],[132.929248,34.0875131],[132.9316057,34.0923544],[132.9269832,34.1101167],[132.9055817,34.1135358],[132.8985074,34.1092674],[132.8913884,34.1183579],[132.9148186,34.1214249],[132.9250871,34.1166884],[132.9362673,34.1268225],[132.9418668,34.1428861],[132.9559446,34.123353],[132.952732,34.1242539],[132.9652254,34.1184502],[132.9690906,34.1070359],[132.9734558,34.1161731],[132.9785899,34.1158571],[132.9800806,34.1035987],[132.9941124,34.0891908],[133.0067875,34.0659075],[133.0059354,34.0744709],[133.0194318,34.0611399],[133.0203025,34.0649864],[133.0228034,34.0625886],[133.0250963,34.0500194],[133.0326222,34.0568369],[133.0342678,34.0490446],[133.0299644,34.0457567],[133.0607155,33.9956351],[133.0666002,33.9826521],[133.0611427,33.9792343],[133.0626393,33.9753538],[133.0726675,33.9728496],[133.0690084,33.9725323],[133.0868246,33.9575263],[133.08828,33.9454208],[133.1011261,33.949189],[133.0949555,33.9476418],[133.0936074,33.9403687],[133.1011858,33.9406804],[133.1077602,33.9477627],[133.119318,33.9410797],[133.1123415,33.9305189],[133.1189907,33.9244997],[133.1200571,33.9367514],[133.1258046,33.9415032],[133.1259004,33.9317064],[133.1334143,33.9271716],[133.1678956,33.9381686],[133.1667313,33.9409554],[133.1714137,33.9275819],[133.1768208,33.9307494],[133.1708846,33.9416011],[133.1803874,33.9419039],[133.1782249,33.9475746],[133.1859388,33.9494593],[133.1879532,33.9437284],[133.1957594,33.9460094],[133.1979678,33.9359031],[133.2016356,33.9356608],[133.1993051,33.9462109],[133.229832,33.9513574],[133.2292564,33.9574255],[133.2304474,33.9513872],[133.2430433,33.9568745],[133.2476211,33.9523213],[133.2470023,33.9598203],[133.2543341,33.9559196],[133.2490899,33.9606682],[133.2544792,33.9640673],[133.2498266,33.9643017],[133.2484799,33.9752687],[133.2555526,33.9807192],[133.2621531,33.98059],[133.2592192,33.976885],[133.2636259,33.9608843],[133.2637769,33.9699086],[133.2712435,33.9684572],[133.2668796,33.9726541],[133.2791277,33.97417],[133.265411,33.9806466],[133.2787538,33.981441],[133.2787309,33.9889642],[133.2857795,33.9802746],[133.2910934,33.9851978],[133.3019861,33.9820612],[133.3211594,33.9944422],[133.3286166,33.9905701],[133.3339678,33.9930542],[133.332994,33.9837373],[133.3279307,33.9820441],[133.3362626,33.9803212],[133.3399236,33.981232],[133.3360876,33.9925],[133.3450978,33.991415],[133.3504719,33.9848375],[133.3469743,33.9818849],[133.3583866,33.9790527],[133.3878728,33.9854111],[133.3954283,33.9913037],[133.4111408,33.9906483],[133.4142642,33.9859186],[133.4533411,33.9841731],[133.465353,33.9749044],[133.4715191,33.9770126],[133.4891704,33.9690107],[133.5140441,33.973998],[133.5123039,33.9698679],[133.5326361,33.9869664],[133.5387782,33.983746],[133.5335952,33.9883838],[133.5381399,33.9949938],[133.543867,33.985808],[133.5460369,33.9927306],[133.5523973,33.9951376],[133.5412419,34.0035121],[133.5460567,34.0078391],[133.5555874,34.0010009],[133.5490154,34.0105502],[133.5612786,34.0090137],[133.5623854,34.0151888],[133.5691779,34.0169234],[133.564565,34.0185372],[133.5694389,34.02626],[133.5679869,34.020247],[133.5709205,34.0250161],[133.5722082,34.017155],[133.5723889,34.0236194],[133.579959,34.0238353],[133.5785604,34.0313675],[133.5913231,34.0337797],[133.5984952,34.0436309]]}},{"type":"Feature","properties":{"areaCode1":"620","areaCode2":""},"geometry":{"type":"LineString","coordinates":[[132.8613303,34.1933173],[132.8731796,34.1973684],[132.8822109,34.1910848],[132.8915008,34.1921403],[132.8941047,34.1845821],[132.8839804,34.1844665],[132.8804461,34.1746393],[132.8613303,34.1933173]]}},{"type":"Feature","properties":{"areaCode1":"620","areaCode2":""},"geometry":{"type":"LineString","coordinates":[[132.941214,34.2043627],[132.9542628,34.2230534],[132.9654901,34.2194176],[132.9641518,34.2275738],[132.9806114,34.2287045],[132.9819316,34.2242035],[132.9901253,34.2240313],[132.9943644,34.2428166],[132.987155,34.2480077],[132.9954825,34.2474303],[132.9950271,34.2519954],[132.9890728,34.2523413],[132.9912681,34.2607875],[132.9867956,34.2633872],[132.9716715,34.2579609],[132.9644577,34.2640327],[132.9704633,34.2703619],[132.9847422,34.2697428],[132.9854546,34.2799794],[132.9806592,34.2864266],[132.9841192,34.2905036],[132.996178,34.2892572],[133.0111456,34.2997917],[133.0268306,34.2958661],[133.0442123,34.2615973],[133.0574953,34.2579594],[133.0516427,34.2413161],[133.0523813,34.2272208],[133.0585605,34.2200666],[133.0502269,34.2141741],[133.0326049,34.2084971],[133.000577,34.2093629],[132.9919427,34.2014444],[132.9629322,34.1913293],[132.9484477,34.1929143],[132.9510333,34.2040157],[132.941214,34.2043627]]}},{"type":"Feature","properties":{"areaCode1":"620","areaCode2":""},"geometry":{"type":"LineString","coordinates":[[133.01266,34.1110773],[133.0352498,34.1075422],[133.061048,34.1344517],[133.0793022,34.1449347],[133.0868053,34.1572604],[133.101441,34.1590569],[133.1135344,34.1786095],[133.0833172,34.1693834],[133.0685698,34.1917251],[133.0302084,34.193392],[133.0206963,34.1784995],[133.0346697,34.1709638],[133.0410392,34.1499573],[133.0344375,34.1476616],[133.0379233,34.1518741],[133.025386,34.1571121],[133.0242391,34.1491685],[133.0151479,34.1417821],[133.0194306,34.1362453],[133.0145371,34.1272705],[133.0230651,34.1244684],[133.01266,34.1110773]]}},{"type":"Feature","properties":{"areaCode1":"620","areaCode2":""},"geometry":{"type":"LineString","coordinates":[[133.0538751,34.212135],[133.0670494,34.2188924],[133.058943,34.2274929],[133.0641989,34.2353107],[133.0704572,34.2367873],[133.0731234,34.2309652],[133.0808457,34.2299191],[133.0933038,34.2383008],[133.1024069,34.2355792],[133.1078825,34.2419889],[133.1114977,34.2336141],[133.1066497,34.2315947],[133.1101496,34.2272283],[133.1074149,34.2210993],[133.1333933,34.2144307],[133.1405577,34.220863],[133.1381418,34.2107426],[133.131631,34.2126609],[133.1173019,34.2056622],[133.1192261,34.2025745],[133.1219724,34.2055145],[133.1264863,34.1954131],[133.1101339,34.1909122],[133.0984495,34.2043923],[133.0814237,34.1926841],[133.072678,34.2073217],[133.0596966,34.2064541],[133.0538751,34.212135]]}},{"type":"Feature","properties":{"areaCode1":"620","areaCode2":""},"geometry":{"type":"LineString","coordinates":[[133.1299808,34.2570803],[133.1439251,34.2795547],[133.1522369,34.2807053],[133.1664758,34.2602256],[133.1520457,34.2454697],[133.1343681,34.2407869],[133.1299808,34.2570803]]}},{"type":"Feature","properties":{"areaCode1":"620","areaCode2":""},"geometry":{"type":"LineString","coordinates":[[133.1502956,34.2399492],[133.1522914,34.2328308],[133.1620456,34.2328803],[133.1721492,34.2416072],[133.1626444,34.2463883],[133.1502956,34.2399492]]}},{"type":"Feature","properties":{"areaCode1":"620","areaCode2":""},"geometry":{"type":"LineString","coordinates":[[133.1652031,34.2811381],[133.1720961,34.2855992],[133.1814928,34.2770461],[133.1882639,34.2693839],[133.1861858,34.2585779],[133.1719706,34.2580856],[133.1695383,34.2651378],[133.1735356,34.2696325],[133.1667986,34.2729778],[133.1694822,34.275985],[133.1652031,34.2811381]]}},{"type":"Feature","properties":{"areaCode1":"620","areaCode2":""},"geometry":{"type":"LineString","coordinates":[[133.1761533,34.2309858],[133.1829189,34.2319564],[133.1801917,34.2384383],[133.1849565,34.2527587],[133.1906133,34.2570811],[133.1986881,34.25436],[133.1909119,34.2437417],[133.1884186,34.2292403],[133.1807542,34.2266722],[133.1761533,34.2309858]]}},{"type":"Feature","properties":{"areaCode1":"620","areaCode2":""},"geometry":{"type":"LineString","coordinates":[[133.1988381,34.2687997],[133.1996736,34.2596316],[133.2041503,34.2581283],[133.2003167,34.2400314],[133.2058461,34.2381536],[133.2192567,34.2494389],[133.2123116,34.2501345],[133.2089447,34.2586111],[133.2272561,34.2668275],[133.2374547,34.2807381],[133.2286331,34.2922317],[133.2128022,34.2848058],[133.2101994,34.2760539],[133.1988381,34.2687997]]}},{"type":"Feature","properties":{"areaCode1":"620","areaCode2":""},"geometry":{"type":"LineString","coordinates":[[133.3504722,33.9968572],[133.3628476,33.9896235],[133.3683946,33.9929761],[133.3705906,34.0060903],[133.3546886,34.0054461],[133.3504722,33.9968572]]}},{"type":"Feature","properties":{"areaCode1":"620","areaCode2":"621"},"geometry":{"type":"LineString","coordinates":[[132.8084854,34.0186186],[132.8194833,34.0054289],[132.8322544,33.9992078],[132.8424308,34.0054289],[132.8579694,33.99568],[132.8806658,33.9960586],[132.8898156,33.9883997],[132.8871039,33.9511353],[132.9204203,33.9365097],[132.9250697,33.9279919],[132.9255858,33.9055353],[132.9367889,33.90185],[132.9484794,33.9083447],[132.9591403,33.9045892],[132.9596831,33.8751917],[132.9687656,33.8685889],[132.9746047,33.8561367],[132.967795,33.8463731],[132.9732128,33.8300569],[132.9796967,33.8273564],[132.9862075,33.8118581],[132.9950139,33.8171142],[133.0129175,33.8134656],[133.0130589,33.8036636],[133.0232742,33.7853692],[133.0168344,33.7793894],[133.0194261,33.7659292],[133.0581069,33.7552306],[133.0829181,33.7563903],[133.1005564,33.7622542],[133.1021192,33.7691361],[133.1089831,33.7728389],[133.1578372,33.750295]]}},{"type":"Feature","properties":{"areaCode1":"620","areaCode2":"631"},"geometry":{"type":"LineString","coordinates":[[133.1578372,33.750295],[133.1826222,33.7665647],[133.1929658,33.7939158],[133.2057128,33.7945136],[133.2205169,33.7802906],[133.2511083,33.7888969],[133.2608533,33.8007494],[133.2607033,33.8109675],[133.2676758,33.8240678],[133.2773575,33.8309242],[133.2935494,33.8288058],[133.3102753,33.81588],[133.3256906,33.8146844],[133.3556222,33.8343114],[133.3914072,33.8243139],[133.4008333,33.8362369],[133.4153064,33.839915],[133.4490142,33.8332253],[133.4704992,33.8367897],[133.4990583,33.829085],[133.5079481,33.8357719],[133.5083122,33.8471158],[133.5181053,33.8473347],[133.5263542,33.8536608],[133.5259028,33.8617114],[133.5360861,33.8658236],[133.5400522,33.8786128],[133.5500456,33.8820461],[133.5830344,33.8676503],[133.5976406,33.8802397],[133.6108953,33.8808086],[133.6273083,33.8720308],[133.6434194,33.8833628],[133.6607481,33.8818092]]}},{"type":"Feature","properties":{"areaCode1":"621","areaCode2":""},"geometry":{"type":"LineString","coordinates":[[132.4908967,33.9703222],[132.4996047,33.9720119],[132.4955136,33.9809108],[132.5028944,33.9895889],[132.5229275,33.9894786],[132.5053311,33.9706581],[132.4937842,33.9647692],[132.4908967,33.9703222]]}},{"type":"Feature","properties":{"areaCode1":"621","areaCode2":""},"geometry":{"type":"LineString","coordinates":[[132.5155564,33.9324839],[132.5177561,33.9274],[132.5297478,33.9260589],[132.5545006,33.9361359],[132.5374225,33.9333011],[132.5218781,33.9367342],[132.5155564,33.9324839]]}},{"type":"Feature","properties":{"areaCode1":"621","areaCode2":""},"geometry":{"type":"LineString","coordinates":[[132.5312585,33.6376561],[132.585746,33.6534688],[132.6272828,33.6797992],[132.6359714,33.6899777],[132.6470114,33.6925078],[132.6593617,33.7035233],[132.6754966,33.732107],[132.6770328,33.7449778],[132.6929932,33.7523756],[132.6936127,33.7603296],[132.6984532,33.7549005],[132.6999804,33.7624959],[132.6950454,33.7593801],[132.7000491,33.7706616],[132.6921658,33.7863553],[132.6994349,33.7842816],[132.7022088,33.7877756],[132.6941594,33.7859393],[132.6880402,33.7932687],[132.6924241,33.7955895],[132.6833646,33.80845],[132.6850278,33.815466],[132.6900125,33.8089424],[132.6898804,33.812646],[132.6960981,33.8110785],[132.6881532,33.8174143],[132.6927971,33.8241894],[132.6873295,33.8341177],[132.6947499,33.8344432],[132.6923245,33.8478316],[132.6947386,33.839727],[132.6973292,33.8432039],[132.7007886,33.8388064],[132.6953381,33.8483938],[132.6959234,33.8556059],[132.701424,33.8522561],[132.699629,33.8624436],[132.7014693,33.8523218],[132.7057629,33.8525254],[132.7103998,33.8540847],[132.7082533,33.8612524],[132.7125312,33.8588059],[132.7064806,33.8668934],[132.7189377,33.8648489],[132.6985802,33.8777291],[132.7003465,33.8865383],[132.7079616,33.8928219],[132.709805,33.9070708],[132.7300705,33.9038134],[132.7310814,33.8995341],[132.7300981,33.9045226],[132.7447579,33.904746],[132.7552311,33.9113177],[132.7717456,33.9622657],[132.7697177,33.9759478],[132.7748027,33.9908844],[132.7655793,33.9985124],[132.7856889,34.0090303],[132.8003371,34.0103096],[132.8084854,34.0186186]]}},{"type":"Feature","properties":{"areaCode1":"621","areaCode2":""},"geometry":{"type":"LineString","coordinates":[[132.5334878,33.9691222],[132.5414203,33.9610811],[132.5571847,33.9863251],[132.5648883,33.9866967],[132.5670436,33.9946767],[132.5349083,33.9888733],[132.5349952,33.9787969],[132.5413053,33.9742084],[132.5334878,33.9691222]]}},{"type":"Feature","properties":{"areaCode1":"621","areaCode2":""},"geometry":{"type":"LineString","coordinates":[[132.5778767,33.9684978],[132.5901728,33.9709144],[132.6051774,33.9845436],[132.6048322,33.9915708],[132.6096367,33.9953286],[132.6226275,33.9929977],[132.6329681,34.0059764],[132.6450014,34.0101006],[132.6440508,34.0178397],[132.6525306,34.0135725],[132.6408858,34.0047683],[132.6441094,33.9791486],[132.6298132,33.9745735],[132.6328118,33.9691933],[132.6338895,33.9725297],[132.6421461,33.9681172],[132.6406383,33.9553219],[132.6140113,33.9569813],[132.5994729,33.9429127],[132.5913361,33.950309],[132.5911879,33.9579012],[132.5778767,33.9684978]]}},{"type":"Feature","properties":{"areaCode1":"621","areaCode2":""},"geometry":{"type":"LineString","coordinates":[[132.6485767,33.9609769],[132.66067,33.9749214],[132.6729592,33.9723864],[132.6749908,33.9522267],[132.6659461,33.9572694],[132.6565956,33.9508311],[132.6485767,33.9609769]]}},{"type":"Feature","properties":{"areaCode1":"621","areaCode2":""},"geometry":{"type":"LineString","coordinates":[[132.6529686,33.9000814],[132.661574,33.9032508],[132.6688775,33.8962697],[132.6635689,33.8727422],[132.6895519,33.8756306],[132.6809373,33.8807399],[132.682911,33.8853593],[132.6723237,33.8956417],[132.6781008,33.9031259],[132.6932054,33.9039411],[132.6906648,33.9136106],[132.7025582,33.9267384],[132.6906936,33.926973],[132.6890207,33.9218747],[132.6793927,33.9210214],[132.6778695,33.9099671],[132.6600504,33.9108401],[132.6529686,33.9000814]]}},{"type":"Feature","properties":{"areaCode1":"621","areaCode2":"622"},"geometry":{"type":"LineString","coordinates":[[132.5312585,33.6376561],[132.5490997,33.6212011],[132.5536658,33.6060664],[132.5604642,33.6019608],[132.5809556,33.6262339],[132.6031419,33.6229503],[132.61863,33.6496794],[132.6293319,33.6490011],[132.6393964,33.6547672],[132.6518658,33.6521117],[132.6537981,33.6201833],[132.6612033,33.6161778],[132.6762658,33.6210264],[132.6783117,33.6159328],[132.6908008,33.6171006],[132.7084883,33.605755],[132.72151,33.6125575],[132.7340225,33.6269353],[132.7376286,33.62377],[132.7503064,33.6275108],[132.7690472,33.6074272],[132.7850628,33.6178408],[132.7850169,33.6243714],[132.7964289,33.6187275],[132.8051419,33.6245408],[132.8138194,33.6237769],[132.8127986,33.6283558],[132.82462,33.6296397],[132.8397428,33.6399658],[132.8511933,33.6339314],[132.8575392,33.6195275],[132.8443,33.6074694],[132.8483961,33.5926039],[132.8640644,33.5957856],[132.8625342,33.5908614],[132.8667472,33.5888156],[132.8968536,33.5883286],[132.8984064,33.5802194],[132.9111806,33.5764431],[132.9263378,33.5604944],[132.9170806,33.5416894],[132.9214136,33.5336144],[132.9140833,33.5303383],[132.9097611,33.5177775],[132.9004678,33.5144647],[132.8959586,33.4977853],[132.9014261,33.4823428],[132.8959461,33.47618],[132.9006744,33.4703517]]}},{"type":"Feature","properties":{"areaCode1":"621","areaCode2":"631"},"geometry":{"type":"LineString","coordinates":[[133.0132756,33.4901639],[133.0153642,33.4810058]]}},{"type":"Feature","properties":{"areaCode1":"621","areaCode2":"631"},"geometry":{"type":"LineString","coordinates":[[133.0132756,33.4901639],[133.0343953,33.5119917],[133.0379419,33.5264064],[133.06414,33.5425097],[133.0623269,33.5616231],[133.0465925,33.5763281],[133.0566108,33.5957547],[133.07962,33.6086997],[133.0672344,33.621665],[133.0750197,33.6506186],[133.0905986,33.6578286],[133.1166111,33.6602178],[133.1215119,33.6741269],[133.1202844,33.6906081],[133.1253222,33.6983258],[133.1443933,33.7044469],[133.1398172,33.7156911],[133.1611772,33.7314161],[133.1578372,33.750295]]}},{"type":"Feature","properties":{"areaCode1":"621","areaCode2":"632"},"geometry":{"type":"LineString","coordinates":[[132.9006744,33.4703517],[132.9155528,33.4676603],[132.9440133,33.4719681],[132.9596381,33.4663122],[133.0153642,33.4810058]]}},{"type":"Feature","properties":{"areaCode1":"622","areaCode2":""},"geometry":{"type":"LineString","coordinates":[[132.0126675,33.3443008],[132.0264694,33.3494303],[132.0399433,33.3674811],[132.0787056,33.3878969],[132.08446,33.3981606],[132.1075875,33.4082456],[132.1204431,33.4200108],[132.128115,33.41637],[132.1275047,33.4066984],[132.1349678,33.4027483],[132.1383833,33.4213331],[132.1533242,33.4071211],[132.1657308,33.4113372],[132.1691072,33.4195083],[132.1479775,33.4325056],[132.1567564,33.4400931],[132.1737975,33.4263467],[132.1769869,33.4287411],[132.1728097,33.4462106],[132.1807325,33.4490239],[132.1944997,33.4421275],[132.1980439,33.4445028],[132.1946406,33.4523225],[132.1995942,33.4560911],[132.2103706,33.4455619],[132.2248988,33.4445549],[132.2257806,33.4592233],[132.239495,33.4599183],[132.2420619,33.4656364],[132.2506535,33.4590864],[132.2473026,33.4620845],[132.2434775,33.4579619],[132.26078,33.4502878],[132.2657108,33.4674728],[132.2585178,33.4737142],[132.2676378,33.4729992],[132.2726275,33.4775394],[132.2774314,33.4731411],[132.2822722,33.4817361],[132.2845539,33.4782499],[132.29533,33.4873414],[132.3057492,33.4865733],[132.3081597,33.4931272],[132.3182081,33.4931933],[132.3216275,33.4992311],[132.3399736,33.5028114],[132.3849494,33.5308088],[132.3902436,33.5288205],[132.4024031,33.542722],[132.4186064,33.5449838],[132.4336901,33.5596307],[132.4331635,33.5682706],[132.4559712,33.5884831],[132.4569571,33.5950741],[132.4745339,33.6068912],[132.4795758,33.6188936],[132.4895445,33.6199061],[132.4843792,33.6150402],[132.4909251,33.617174],[132.5080534,33.630324],[132.5107999,33.6271797],[132.5312585,33.6376561]]}},{"type":"Feature","properties":{"areaCode1":"622","areaCode2":""},"geometry":{"type":"LineString","coordinates":[[132.0126675,33.3443008],[132.0248897,33.3438278],[132.0516325,33.3576136],[132.0479936,33.3661744],[132.0504622,33.3633618],[132.0490269,33.366225],[132.0667336,33.3760642],[132.0722719,33.37484],[132.0945581,33.3875931],[132.1160647,33.3913117],[132.1207869,33.3883486],[132.1206497,33.3811094],[132.1117333,33.378775],[132.1173775,33.3723181],[132.105341,33.3751155],[132.1028294,33.3720667],[132.1035811,33.3618389],[132.1293317,33.3636086],[132.1448361,33.37566],[132.1531317,33.37276],[132.1540797,33.3903183],[132.1820572,33.4119181],[132.2024944,33.4144794],[132.2211086,33.4251842],[132.2370892,33.4254503],[132.2550158,33.4412078],[132.2806611,33.4471525],[132.2863022,33.4620336],[132.2950858,33.4649081],[132.2999078,33.4747344],[132.3064975,33.4733156],[132.3169461,33.4516853],[132.3242897,33.4730106],[132.3538781,33.4742517],[132.3418255,33.4850648],[132.3534098,33.488738],[132.3523314,33.4841481],[132.3715419,33.4729714],[132.3731603,33.4604841],[132.3781226,33.4591851],[132.3789745,33.469411],[132.3902118,33.4770476],[132.4019989,33.4711987],[132.4002806,33.4653461],[132.389291,33.466799],[132.3872528,33.459688],[132.3917608,33.454973],[132.3902941,33.4588384],[132.4064045,33.4560834],[132.4208807,33.4633791],[132.4143164,33.4588201],[132.4174383,33.4520744],[132.4109093,33.4519424],[132.4082191,33.4465731],[132.3821797,33.4425526],[132.4162096,33.4428644],[132.4040478,33.4309293],[132.4058619,33.4246056],[132.3966873,33.4298358],[132.3791742,33.4162387],[132.3941229,33.4132726],[132.3894512,33.404527],[132.3968112,33.3993023],[132.3787056,33.3858436],[132.3890673,33.3719291],[132.3844319,33.3620899],[132.4049483,33.370493],[132.4027611,33.3750413],[132.4106091,33.3839652],[132.4193767,33.3830524],[132.420778,33.3781538],[132.4111857,33.3743175],[132.4061321,33.3601912],[132.4158886,33.3619443],[132.4200397,33.3555302],[132.4087714,33.3531833],[132.4110498,33.3431404],[132.3922201,33.3471852],[132.3922073,33.3396579],[132.3864133,33.3376079],[132.3854441,33.343465],[132.3835296,33.3380384],[132.3771399,33.3377851],[132.3690096,33.3249402],[132.370214,33.3192086],[132.394127,33.3192062],[132.4006786,33.3091961],[132.4212522,33.3034082],[132.4311912,33.3199821],[132.4406096,33.311212],[132.4541686,33.3089066],[132.4708733,33.3132561],[132.4649167,33.3148103],[132.4684541,33.3193504],[132.4901766,33.3159505],[132.4867332,33.3211059],[132.4917131,33.3254781],[132.4981076,33.3117872],[132.5121083,33.3188986],[132.5228674,33.3157297],[132.5282536,33.309575],[132.5251665,33.3045342],[132.5081227,33.3060986],[132.4823824,33.2894775],[132.4837319,33.2818593],[132.4726136,33.2723891],[132.4749436,33.2666532],[132.4677823,33.2543111],[132.4739512,33.2550464],[132.4763234,33.262882],[132.4839475,33.2660301],[132.4757388,33.2698417],[132.4830106,33.2749153],[132.4877261,33.2693984],[132.5009481,33.2701379],[132.503816,33.2612057],[132.5092604,33.2591707],[132.5155481,33.2601887],[132.5130529,33.2654092],[132.5271606,33.2620217],[132.5382971,33.2667302],[132.5367019,33.2718702],[132.5422291,33.27159],[132.5408645,33.2586172],[132.5200749,33.2486689],[132.5329794,33.2443306],[132.5387638,33.2351214],[132.5526764,33.2361979],[132.5552129,33.23028],[132.5502063,33.2257703],[132.5536351,33.2272216],[132.5506238,33.2252809],[132.5576929,33.2201923],[132.5395813,33.2269749],[132.5439055,33.2138328],[132.5322051,33.2174464],[132.5182276,33.2129764],[132.5155431,33.2163467],[132.5086008,33.2063028],[132.499961,33.2043677],[132.5058106,33.1976529],[132.5023965,33.19405],[132.4890059,33.1997322],[132.4938702,33.1920955],[132.5087448,33.1938894],[132.5043584,33.1876424],[132.510418,33.1872491],[132.5095219,33.1763055],[132.5154305,33.1710174],[132.5008995,33.1702735],[132.5047214,33.1799268],[132.492592,33.184601],[132.4971577,33.1718034],[132.4929964,33.1683355],[132.4905394,33.1711653],[132.4910724,33.1658017],[132.4867463,33.1644341],[132.4770217,33.1700888],[132.4854256,33.175686],[132.4789921,33.1762879],[132.4853063,33.1820016],[132.4830081,33.1857046],[132.4711271,33.1763218],[132.4581439,33.1843303],[132.4606592,33.1919158],[132.4543159,33.1926965],[132.4604436,33.2009847],[132.4545837,33.2036846],[132.4622502,33.2073614],[132.4593857,33.2103544],[132.4467019,33.200594],[132.4202323,33.2149499],[132.4152453,33.2076844],[132.3930684,33.2049098],[132.3894647,33.1980457],[132.3987106,33.1950242],[132.3953817,33.1873272],[132.3993924,33.1848353],[132.4157454,33.1888366],[132.4188119,33.1963226],[132.4074133,33.1957282],[132.4092094,33.1998686],[132.4034697,33.2001614],[132.4033534,33.2052597],[132.4147606,33.2039121],[132.4221017,33.2086862],[132.4358288,33.1975765],[132.4384174,33.1853256],[132.4476297,33.1927942],[132.4470757,33.1846899],[132.4646308,33.1721212],[132.4573276,33.1679674],[132.4495073,33.1765401],[132.4429466,33.1679421],[132.4316222,33.169632],[132.4355281,33.1672866],[132.4334349,33.1538097],[132.4284133,33.1587748],[132.4248261,33.1560613],[132.4429924,33.1486412],[132.4406831,33.1380276],[132.4518869,33.1317552],[132.45619,33.1365856],[132.453307,33.1425389],[132.4598931,33.1374644],[132.4714429,33.1414347],[132.4754032,33.1349183],[132.4781243,33.1419238],[132.4855351,33.1370393],[132.4998618,33.1374077],[132.4961098,33.1276974],[132.5028324,33.1297404],[132.4991644,33.1203785],[132.4838611,33.1248138],[132.4823454,33.1194246],[132.4740892,33.1211694],[132.4706056,33.1147337],[132.4733331,33.1210906],[132.4691807,33.1267716],[132.4466366,33.1241792],[132.4670323,33.1180277],[132.4655973,33.1115507],[132.4753407,33.1063384],[132.4709206,33.0993814],[132.4813657,33.0973483],[132.4684199,33.0897272],[132.4628104,33.0933456],[132.4614022,33.085877],[132.4705789,33.0816032],[132.4615159,33.0760905],[132.469998,33.0760574],[132.4723779,33.069965],[132.4724455,33.0813883],[132.4787644,33.0841479],[132.4793959,33.0759362],[132.4862088,33.0760933],[132.4796983,33.0710087],[132.4889092,33.0659023],[132.4823813,33.063171],[132.4841341,33.0565633],[132.4797417,33.056341],[132.4786614,33.0649266],[132.448879,33.0553583],[132.4472753,33.0658913],[132.4437531,33.0654611],[132.4439522,33.0571783],[132.433275,33.0528627],[132.4258877,33.058428],[132.4288871,33.0620684],[132.4252507,33.0672804],[132.4174052,33.062242],[132.4124073,33.0647535],[132.4158087,33.0719391],[132.4036688,33.0693816],[132.4064764,33.0622126],[132.3969496,33.0542852],[132.404327,33.0499607],[132.4029893,33.0398184],[132.3949608,33.0387957],[132.3986737,33.0359447],[132.3959988,33.0273955],[132.3845496,33.0272127],[132.3787208,33.0214954],[132.3936335,33.0199479],[132.3958243,33.0132667],[132.3998837,33.0267455],[132.4110026,33.0266942],[132.4040548,33.0341766],[132.4121652,33.0387563],[132.4070619,33.0530069],[132.4165483,33.0578811],[132.4286877,33.05347],[132.4302424,33.0454984],[132.4321484,33.0509901],[132.4388735,33.0512179],[132.4426562,33.0416734],[132.4521371,33.0351651],[132.4554961,33.038873],[132.4488894,33.0412823],[132.4500799,33.0482833],[132.4702501,33.0498306],[132.4706079,33.0394513],[132.4761924,33.0419863],[132.4757769,33.047759],[132.4846766,33.0472222],[132.4812988,33.0300197],[132.484685,33.0109843],[132.4911468,33.0109498],[132.4949795,33.0184013],[132.4960213,33.0121183],[132.5061086,33.0048856],[132.5005942,32.9934757],[132.5112294,32.9767442],[132.5214026,32.9739226],[132.5244654,32.9775539],[132.5236513,32.9722456],[132.5304193,32.9706205],[132.5319409,32.9742262],[132.5373458,32.9683785],[132.537592,32.9748924],[132.5539109,32.9603136],[132.5498655,32.9568621],[132.5309718,32.965755],[132.5279511,32.9598291],[132.5238588,32.9649583],[132.5164697,32.9608912],[132.511337,32.9682401],[132.5054523,32.962864],[132.4927276,32.9646435],[132.5047074,32.9727242],[132.4962066,32.974787],[132.5053029,32.9796717],[132.4935793,32.9821724],[132.499731,32.9854139],[132.4972637,32.9877843],[132.484353,32.9804172],[132.4873489,32.9746227],[132.484172,32.9715494],[132.4698488,32.9696046],[132.5028211,32.9559545],[132.4921881,32.9397519],[132.4847389,32.9446178],[132.4820347,32.9382375],[132.4774349,32.9378937],[132.4777014,32.942174],[132.4669484,32.9389607],[132.466078,32.9428671],[132.4604808,32.9380938],[132.470535,32.9351827],[132.4730302,32.9238537],[132.4777511,32.9218741],[132.4776004,32.9100576],[132.4720666,32.9061706],[132.4853313,32.904475],[132.4909272,32.8978927],[132.4921836,32.903122],[132.4992627,32.9055002],[132.5163579,32.9034149],[132.5222159,32.9089153],[132.5192843,32.9119185],[132.5269855,32.9150249],[132.5273357,32.9205503],[132.5049517,32.914671],[132.4969747,32.9186084],[132.5161412,32.9321487],[132.5270239,32.9328251],[132.5162619,32.9412428],[132.5047754,32.9415066],[132.5048203,32.9470049],[132.5126657,32.9501326],[132.5246854,32.9492719],[132.5264955,32.9450801],[132.5361503,32.9483654],[132.5400282,32.9356159],[132.5674852,32.9293031],[132.5659771,32.9351323],[132.5499043,32.9388523],[132.5481634,32.9451193],[132.5731993,32.946853],[132.5777354,32.9385807],[132.5793556,32.9441613],[132.5884523,32.942077],[132.6023046,32.9476363],[132.6006802,32.942682],[132.5860414,32.938499],[132.5903855,32.925064],[132.5993486,32.9219467],[132.594854,32.9163186],[132.5988085,32.912631],[132.6448893,32.9279049],[132.6555329,32.9252013]]}},{"type":"Feature","properties":{"areaCode1":"622","areaCode2":""},"geometry":{"type":"LineString","coordinates":[[132.2610198,33.1841837],[132.2660407,33.1683427],[132.2821522,33.169386],[132.2899148,33.1628999],[132.29627,33.1716149],[132.2944782,33.1800398],[132.2770212,33.1712681],[132.2712187,33.1782541],[132.2688567,33.1726586],[132.2657872,33.1842533],[132.2610198,33.1841837]]}},{"type":"Feature","properties":{"areaCode1":"622","areaCode2":""},"geometry":{"type":"LineString","coordinates":[[132.3410259,33.2065728],[132.3543107,33.2038099],[132.3576004,33.1892129],[132.3636496,33.1877955],[132.3610137,33.202336],[132.3830149,33.2119145],[132.3750454,33.2216341],[132.377382,33.2177021],[132.3659978,33.2123194],[132.3655189,33.2077397],[132.3410259,33.2065728]]}},{"type":"Feature","properties":{"areaCode1":"622","areaCode2":""},"geometry":{"type":"LineString","coordinates":[[132.5074673,33.2289222],[132.5177509,33.2411581],[132.5263806,33.2383622],[132.5345261,33.2264899],[132.5199219,33.2178988],[132.5074673,33.2289222]]}},{"type":"Feature","properties":{"areaCode1":"622","areaCode2":"632"},"geometry":{"type":"LineString","coordinates":[[132.614865,33.1692894],[132.632295,33.1492444],[132.6289575,33.1329178],[132.6374756,33.1323917],[132.6461569,33.1159994],[132.6639697,33.1082306],[132.6695022,33.0711831],[132.6576739,33.0570575],[132.6782297,33.0377097],[132.6768844,33.0106353],[132.6869164,32.9980481],[132.6813811,32.9938161],[132.691425,32.9741936],[132.6864711,32.9630914],[132.6811325,32.9641242],[132.6833917,32.9468322],[132.6524892,32.9394514],[132.6555329,32.9252013]]}},{"type":"Feature","properties":{"areaCode1":"622","areaCode2":"632"},"geometry":{"type":"LineString","coordinates":[[132.614865,33.1692894],[132.6202333,33.1816108],[132.6356594,33.1863997],[132.6344983,33.178415],[132.6469644,33.1717081],[132.66238,33.1544189],[132.6733481,33.1508275],[132.6864156,33.1350456],[132.6958353,33.1375872],[132.6986017,33.1464125],[132.7104056,33.1529717],[132.7377725,33.1817828],[132.7407867,33.2014769],[132.7755906,33.2059717],[132.7708592,33.2210425],[132.77509,33.2325311],[132.7719639,33.2412756],[132.7926431,33.27458],[132.8169431,33.2837483],[132.8278656,33.2832269],[132.8369394,33.2894803],[132.8495633,33.2895739],[132.8724617,33.3049264],[132.8978017,33.3138433],[132.9035014,33.3306758],[132.9004358,33.3437369],[132.8837975,33.3623492],[132.86002,33.3684553],[132.8530217,33.3883044],[132.8545089,33.3983019],[132.8370306,33.3990519],[132.8316189,33.4088517],[132.8340133,33.4201525],[132.8248431,33.4230006],[132.8264536,33.4457953],[132.8064564,33.4570411],[132.8203703,33.4725378],[132.8469381,33.4791808],[132.8658492,33.4720061],[132.9006744,33.4703517]]}},{"type":"Feature","properties":{"areaCode1":"630","areaCode2":""},"geometry":{"type":"LineString","coordinates":[[133.7699989,33.5157718],[133.8301336,33.513925],[133.8431386,33.506314],[133.8895777,33.5012167],[133.8922258,33.4995312],[133.8860985,33.4986566],[133.9346443,33.4869646],[133.9443491,33.4750935],[133.94153,33.4632429],[133.9577681,33.4418308],[133.9729619,33.4389632],[134.0124417,33.419665],[134.0151489,33.4240422],[134.0197936,33.4201408],[134.0140122,33.4193358],[134.031125,33.4123419],[134.0378061,33.3938197],[134.0337,33.38007],[134.0365842,33.3711302],[134.0524227,33.3693769],[134.0805278,33.3373147],[134.1018769,33.328405],[134.1098537,33.3056103],[134.1101856,33.2959563],[134.1064694,33.2969548],[134.110827,33.2936362],[134.1295763,33.2989827],[134.1494708,33.2863593],[134.1524831,33.281646],[134.1419099,33.286352],[134.1519171,33.2817355],[134.1605591,33.2697325],[134.1601059,33.262897],[134.1594157,33.2678159],[134.1629601,33.2635104],[134.1648347,33.2673132],[134.1675597,33.2603882],[134.1625317,33.2623991],[134.175615,33.2440171],[134.1867978,33.2620638],[134.1838975,33.2604507],[134.1864797,33.2943917],[134.1933486,33.3195636],[134.1989988,33.3248876],[134.1987294,33.3442739],[134.2055239,33.3686075],[134.2133494,33.3822203],[134.2088493,33.395687],[134.2114376,33.3925577],[134.2133708,33.4040322],[134.2413331,33.4501397],[134.242085,33.4639175],[134.268053,33.4942889],[134.2703594,33.5028456],[134.2898683,33.5201092],[134.2832924,33.5250269],[134.2943586,33.5379514],[134.2906032,33.5389482],[134.2957282,33.5423355],[134.2995752,33.5375051],[134.2977752,33.5408913],[134.3045399,33.5416732],[134.2970574,33.5479201],[134.301816,33.5496321],[134.3024307,33.5446726],[134.3056553,33.5486175]]}},{"type":"Feature","properties":{"areaCode1":"630","areaCode2":"631"},"geometry":{"type":"LineString","coordinates":[[133.7699989,33.5157718],[133.7936236,33.5492367],[133.8154358,33.5581697],[133.8218131,33.5673258],[133.8172094,33.5745019],[133.8205428,33.5799914],[133.8295067,33.5835356],[133.8433544,33.5767439],[133.8645772,33.5934147],[133.8569239,33.6038031],[133.8759744,33.6121781],[133.8724439,33.6201822],[133.8799444,33.6279858],[133.8764033,33.6412953],[133.8864469,33.6530094],[133.898445,33.6581917],[133.9033475,33.6450753],[133.9091428,33.6487114],[133.9193131,33.6439358],[133.96016,33.6660922],[133.9762039,33.6877881],[133.9905872,33.6935328],[134.0018433,33.71248],[134.0193642,33.7123044],[134.0271919,33.7187764],[134.0357092,33.7118178],[134.0650375,33.7194522]]}},{"type":"Feature","properties":{"areaCode1":"631","areaCode2":""},"geometry":{"type":"LineString","coordinates":[[133.2587211,33.3641072],[133.281372,33.3767065],[133.2805844,33.3850844],[133.2957005,33.3896973],[133.2881294,33.4025619],[133.2911725,33.4051399],[133.2948832,33.4059793],[133.3047418,33.3913099],[133.2897809,33.3826486],[133.2991892,33.3792312],[133.299395,33.3739465],[133.3061753,33.3802881],[133.3140763,33.3758473],[133.3179275,33.3829144],[133.3244894,33.3791869],[133.3209217,33.3760456],[133.3237428,33.3693658],[133.3191992,33.3700611],[133.3237586,33.3649292],[133.3113919,33.3665664],[133.31767,33.3593236],[133.3121256,33.3567164],[133.3189697,33.3548692],[133.3217319,33.3618822],[133.3313972,33.3622878],[133.3267875,33.3681378],[133.3332519,33.3759167],[133.3293522,33.3869167],[133.3423817,33.3923769],[133.3402292,33.3960967],[133.3458622,33.4007914],[133.3714767,33.40215],[133.3786022,33.3927639],[133.3763028,33.4013831],[133.3902675,33.4060019],[133.4096128,33.3979725],[133.4073725,33.4037814],[133.4125322,33.41105],[133.4202856,33.4071019],[133.4201883,33.4122967],[133.4250389,33.4127131],[133.4287244,33.4075481],[133.4294097,33.4152614],[133.4402992,33.4123803],[133.4457184,33.4212612],[133.4573988,33.4199575],[133.4611792,33.4322719],[133.4539124,33.4318826],[133.4419459,33.4402171],[133.4434514,33.4348952],[133.4348471,33.4331379],[133.4321022,33.4267344],[133.4237306,33.4292958],[133.4173425,33.4395272],[133.4068422,33.4272669],[133.4107839,33.4242967],[133.4048161,33.4280189],[133.4030722,33.4141239],[133.3966406,33.4247897],[133.39296,33.4170975],[133.3843189,33.4211911],[133.3841231,33.4107428],[133.3781764,33.4151311],[133.3782497,33.4222364],[133.3709714,33.4248508],[133.3670758,33.4066769],[133.3585741,33.4089233],[133.3647692,33.4113983],[133.3645342,33.4158225],[133.3504286,33.4158608],[133.3684847,33.4301472],[133.3874636,33.4318006],[133.3899506,33.4264803],[133.4054072,33.4319811],[133.4079172,33.4392144],[133.4009667,33.4378992],[133.4006522,33.4421392],[133.3957189,33.4421444],[133.3979667,33.4453256],[133.4053819,33.4428544],[133.4057344,33.4475769],[133.4130783,33.4428807],[133.4248473,33.4493714],[133.4236722,33.4396962],[133.432847,33.4372386],[133.4421691,33.4501312],[133.4503204,33.4520266],[133.4570211,33.4432184],[133.4648542,33.4524708],[133.5081878,33.4683982],[133.5041324,33.4689038],[133.5140301,33.4754878],[133.574885,33.4955],[133.5772354,33.5008416],[133.5831853,33.5010941],[133.5589854,33.4981395],[133.5596664,33.5084763],[133.5458961,33.5174092],[133.5511474,33.520895],[133.5464359,33.5221221],[133.5483957,33.5255759],[133.5615397,33.5316758],[133.5599964,33.5360967],[133.5518186,33.5367285],[133.5526191,33.5408036],[133.559008,33.5387549],[133.566037,33.54342],[133.5732707,33.5366266],[133.5653824,33.5311812],[133.5647849,33.5146268],[133.5733415,33.5150981],[133.5648049,33.5120046],[133.5625748,33.5034914],[133.565912,33.5007928],[133.5813822,33.512739],[133.5841476,33.50624],[133.5987646,33.5189861],[133.7206362,33.5397387],[133.749752,33.5358554],[133.7562549,33.5310051],[133.7515658,33.5278959],[133.7575649,33.5281644],[133.7499957,33.5279896],[133.753863,33.5205718],[133.7699989,33.5157718]]}},{"type":"Feature","properties":{"areaCode1":"631","areaCode2":""},"geometry":{"type":"LineString","coordinates":[[133.2587211,33.3641072],[133.2646656,33.3594169],[133.2645461,33.3500567],[133.2602247,33.3476403],[133.2638269,33.3405693]]}},{"type":"Feature","properties":{"areaCode1":"631","areaCode2":"632"},"geometry":{"type":"LineString","coordinates":[[133.0153642,33.4810058],[133.0339714,33.4799931],[133.0442219,33.4745306],[133.0588019,33.4797381],[133.0602311,33.4703397],[133.0682833,33.4657808],[133.0734181,33.4525453],[133.0900578,33.4520656],[133.1012053,33.4427492],[133.1232997,33.4556],[133.1510975,33.4609569],[133.15836,33.4668889],[133.1756083,33.4643675],[133.1831322,33.4725183],[133.1968194,33.4742828],[133.2058994,33.4666278],[133.2495281,33.4545381],[133.2566014,33.4379272],[133.2452508,33.4310347],[133.2081081,33.4287517],[133.2095925,33.4046483],[133.1958603,33.3964997],[133.1755222,33.3987306],[133.1791264,33.3831272],[133.1757306,33.3785186],[133.2086086,33.3821958],[133.2276611,33.3793258],[133.2312439,33.3692925],[133.2411097,33.3646972],[133.2638269,33.3405693]]}},{"type":"Feature","properties":{"areaCode1":"632","areaCode2":""},"geometry":{"type":"LineString","coordinates":[[132.5345708,32.7296578],[132.5505464,32.7166028],[132.5405792,32.7069567],[132.5417944,32.7029167],[132.5718383,32.7133936],[132.5666114,32.7274153],[132.57202,32.7349822],[132.5459539,32.7550981],[132.5440631,32.7426414],[132.5481531,32.7389467],[132.5421308,32.7309417],[132.5345708,32.7296578]]}},{"type":"Feature","properties":{"areaCode1":"632","areaCode2":""},"geometry":{"type":"LineString","coordinates":[[132.6265111,32.7963378],[132.6307233,32.8015778],[132.6486078,32.8005911],[132.6489667,32.8046386],[132.6561964,32.8012181],[132.6554028,32.8062367],[132.6402297,32.8090361],[132.6469864,32.809895],[132.6440261,32.819775],[132.6499067,32.8188861],[132.651515,32.8272353],[132.6544933,32.8294894],[132.6570011,32.8237603],[132.664565,32.8322506],[132.6594506,32.8392892],[132.6740081,32.8404328],[132.6566133,32.8531289],[132.66973,32.8621136],[132.6678308,32.8646136],[132.6900997,32.8745233],[132.6880258,32.8801756],[132.696275,32.8868281],[132.7073578,32.8884836],[132.7072819,32.8754958],[132.7135508,32.8822131],[132.713642,32.8752931],[132.7225015,32.8810274],[132.7038728,32.8961372],[132.7164442,32.8933494],[132.7219483,32.89888],[132.7196986,32.9027778],[132.7112958,32.8999831],[132.7130673,32.9092706],[132.7171003,32.908614],[132.7082569,32.9259596],[132.6998243,32.9177256],[132.6941492,32.9205761],[132.6960484,32.9285392],[132.6859467,32.9196942],[132.6773576,32.9260151],[132.6788135,32.9200457],[132.6716333,32.9233783],[132.6717962,32.9187257],[132.6668173,32.9189897],[132.6655776,32.9246448],[132.6555329,32.9252013]]}},{"type":"Feature","properties":{"areaCode1":"632","areaCode2":""},"geometry":{"type":"LineString","coordinates":[[132.6265111,32.7963378],[132.6446806,32.7867653],[132.6423517,32.7831328],[132.6336989,32.7843622],[132.6403936,32.7694817],[132.6290886,32.7664617],[132.6304597,32.7618297],[132.6373061,32.7670217],[132.6501183,32.7656314],[132.6481783,32.7756517],[132.6545647,32.7811342],[132.6686794,32.7843947],[132.6834878,32.7810789],[132.6907789,32.7882683],[132.6989581,32.7863278],[132.6950111,32.7903385],[132.6863747,32.7887092],[132.6832786,32.7957049],[132.6875083,32.7915625],[132.7108892,32.7991],[132.7159117,32.7938525],[132.7185203,32.7977942],[132.7215281,32.7860006],[132.7433442,32.7729964],[132.7574467,32.7530653],[132.7703683,32.7619344],[132.7794639,32.7541058],[132.7867331,32.7568469],[132.7912897,32.7478056],[132.8023842,32.7468328],[132.8041114,32.7528528],[132.8155456,32.7533392],[132.8151542,32.7616211],[132.8280347,32.7612386],[132.8269372,32.765335],[132.8330872,32.7657881],[132.8333736,32.7752533],[132.8394664,32.7813094],[132.8459292,32.7780847],[132.8617369,32.7906404],[132.8657322,32.7849793],[132.8714978,32.7857147],[132.8712128,32.7764964],[132.8651344,32.7713733],[132.8689622,32.7709375],[132.8683461,32.7656261],[132.8790947,32.7699325],[132.8759242,32.7750808],[132.8803325,32.78322],[132.8750398,32.7875339],[132.8794564,32.7896669],[132.9163564,32.7869275],[132.9200125,32.7782375],[132.9301352,32.7832242],[132.934807,32.7784742],[132.932625,32.784335],[132.9384631,32.7865281],[132.9475203,32.7800538],[132.9394249,32.7759154],[132.9453511,32.7648442],[132.9550219,32.7696701],[132.9556366,32.7789368],[132.965192,32.7747756],[132.9696951,32.7778726],[132.9575295,32.77187],[132.9521469,32.7628461],[132.9544967,32.7565392],[132.9639187,32.7579368],[132.9612292,32.7505994],[132.9683965,32.7518561],[132.9714172,32.7475806],[132.9657094,32.7293933],[132.9868969,32.7335147],[133.0028022,32.7215283],[133.0201372,32.7234257],[133.0196019,32.7442503],[133.0142075,32.7548172],[133.0179178,32.7615556],[133.0102519,32.767478],[133.002705,32.7871458],[132.9654971,32.7990349],[132.9518654,32.8129591],[132.9503609,32.8206033],[132.9610042,32.8295019],[132.9536131,32.8358244],[132.9573889,32.839995],[132.9524781,32.8447556],[132.9573383,32.8503147],[132.9494367,32.8559317],[132.9508747,32.8600033],[132.9871792,32.8680403],[132.9936222,32.8624011],[133.0018381,32.8796228],[133.0093742,32.8812064],[133.0058303,32.9005281],[133.0091231,32.9125975],[132.9973397,32.9236419],[133.0007958,32.9305647],[132.9935198,32.9356849],[133.0004322,32.9434681],[132.9929887,32.952492],[132.9997946,32.9718036],[133.0055835,32.9743491],[132.9992408,32.9806921],[133.0082621,32.9985569],[133.0056206,32.9966284],[133.0082847,33.0114151],[133.0140683,33.0101332],[133.0113669,33.014738],[133.0153574,33.0111499],[133.0118186,33.0146833],[133.0178654,33.0223494],[133.0369867,33.0376647],[133.0709417,33.0378259],[133.0819138,33.0266456],[133.0964761,33.0246797],[133.0930603,33.0340647],[133.0977447,33.0538147],[133.1091383,33.0628067],[133.1100923,33.0693481],[133.1052871,33.0731946],[133.1153886,33.0741645],[133.1119847,33.0789045],[133.1178334,33.0861624],[133.1434322,33.0980919],[133.1705736,33.1504228],[133.1934811,33.1675231],[133.206995,33.1650161],[133.208135,33.1492606],[133.223005,33.1532967],[133.2144975,33.1649125],[133.2189449,33.1613665],[133.2193861,33.1680069],[133.2244206,33.1705556],[133.2110106,33.1849592],[133.2186431,33.1939433],[133.2412219,33.1967367],[133.2346664,33.2035822],[133.2386506,33.2159911],[133.2563253,33.225595],[133.2538873,33.2309726],[133.2502336,33.2297669],[133.2560939,33.2378681],[133.2473752,33.2421356],[133.2476661,33.2495636],[133.2554789,33.2497425],[133.2642214,33.2573639],[133.2553072,33.2675081],[133.2596958,33.2798014],[133.247985,33.2795381],[133.2519611,33.2767564],[133.2437263,33.2739869],[133.2405688,33.2809082],[133.2436172,33.2792149],[133.2459,33.2920417],[133.2385153,33.2966233],[133.2445739,33.3013069],[133.2514994,33.2997069],[133.2488397,33.3057969],[133.2609058,33.3090644],[133.2600853,33.3134119],[133.2460922,33.3155392],[133.2316176,33.3266737],[133.2434253,33.334669],[133.2494212,33.3277993],[133.2496093,33.3336916],[133.2573625,33.3331958],[133.2584339,33.340584],[133.2638269,33.3405693]]}},{"type":"Feature","properties":{"areaCode1":"700","areaCode2":""},"geometry":{"type":"LineString","coordinates":[[130.9346129,34.3924192],[130.955082,34.3889196],[130.9565616,34.3968588],[130.9498962,34.4027746],[130.9585471,34.4079297],[130.9721935,34.4077071],[130.9799879,34.3994797],[131.0028312,34.3975424],[131.0160268,34.4052038],[131.0208329,34.3912922],[131.0293461,34.3892092],[131.0365418,34.378868],[131.034759,34.370604],[131.0206458,34.3748261],[131.0055512,34.3704816],[131.0008616,34.3740378],[130.9804302,34.3634747]]}},{"type":"Feature","properties":{"areaCode1":"700","areaCode2":""},"geometry":{"type":"LineString","coordinates":[[130.9346129,34.3924192],[130.9374261,34.4036918],[130.9464693,34.4033615],[130.9587775,34.4118151],[130.9579409,34.4221391],[130.9611296,34.4276403],[130.9717316,34.4297044],[130.9740517,34.4423279],[130.9807154,34.435221],[131.0032752,34.4278184],[131.0049361,34.4150063],[131.0198769,34.4110006],[131.0464091,34.4109231],[131.0633096,34.4214605],[131.0686508,34.418421],[131.0743807,34.424578],[131.0976445,34.4202096],[131.1127901,34.4092389],[131.1282985,34.4121242],[131.1319388,34.4178129],[131.1307145,34.4110179],[131.1395656,34.3996323],[131.1374747,34.3908539],[131.1434452,34.3805789],[131.155842,34.3724558],[131.1880147,34.3805984],[131.199272,34.3976434],[131.2090268,34.3803584],[131.2051153,34.3748739],[131.2146272,34.370929],[131.2249955,34.378818],[131.2211932,34.3857172],[131.2253567,34.3932883],[131.2482026,34.3815401],[131.2561892,34.3839296],[131.2559619,34.3896656],[131.2620045,34.3841603],[131.2753314,34.3902427],[131.2806151,34.3835621],[131.2908176,34.3849595],[131.2920986,34.3801886],[131.3063464,34.3828261],[131.3073578,34.3873703],[131.3252263,34.3926453],[131.3312889,34.4144508],[131.3372671,34.4182093],[131.3478184,34.4175215],[131.3565726,34.4104699],[131.3761264,34.4154589],[131.3777223,34.4226401],[131.3876226,34.4166952],[131.3964492,34.4198491],[131.4012214,34.4282734],[131.416273,34.4277913],[131.4092838,34.4330013],[131.4174133,34.4358304],[131.4141561,34.4407151],[131.4204134,34.4372807],[131.4210493,34.4418376],[131.3960826,34.4482836],[131.3969033,34.4601518],[131.4167488,34.4490906],[131.4351367,34.4664101],[131.4319406,34.4723436],[131.4413381,34.4711103],[131.443453,34.4781691],[131.4473743,34.47659],[131.4408353,34.4835524],[131.4472936,34.4856425],[131.4538333,34.4802278],[131.462012,34.4859706],[131.4671433,34.5011264],[131.4604036,34.499745],[131.4576154,34.507806],[131.4500645,34.5069901],[131.454914,34.5112178],[131.4501034,34.5168786],[131.455917,34.5205341],[131.455388,34.5255026],[131.4668258,34.5383897],[131.4724855,34.5326551],[131.5021292,34.5329772],[131.5197858,34.55714],[131.5389972,34.563005],[131.5405131,34.5693575],[131.5547803,34.5798606],[131.5559903,34.5882686],[131.5507264,34.5934733],[131.5575617,34.6000461],[131.5548322,34.6076103],[131.5603114,34.6184111],[131.5800308,34.6202831],[131.5789997,34.6255744],[131.5875644,34.6237767],[131.5845389,34.6217161],[131.5892492,34.6191542],[131.6030447,34.6230033],[131.5989466,34.6234791],[131.6071208,34.6282144],[131.6026647,34.6341003],[131.6031089,34.6294658],[131.5982475,34.6282939],[131.5953011,34.6343475],[131.5921317,34.6284964],[131.5889828,34.6332372],[131.5945222,34.6376033],[131.5904853,34.6460178],[131.5962178,34.6466611],[131.6037583,34.6620161],[131.612865,34.6670136],[131.6345672,34.6645083],[131.6437269,34.65574],[131.6382181,34.6459908],[131.6504308,34.6408875],[131.6476378,34.6424897],[131.6519742,34.646515],[131.6438352,34.6471595],[131.6459289,34.65321],[131.6554403,34.6534142],[131.6559311,34.6577425],[131.6632836,34.6554689],[131.6748481,34.6647006],[131.6678867,34.6759953],[131.6845781,34.6747592],[131.6906217,34.681045]]}},{"type":"Feature","properties":{"areaCode1":"700","areaCode2":""},"geometry":{"type":"LineString","coordinates":[[131.1269561,34.7932578],[131.1369135,34.7583333],[131.1607936,34.7634272],[131.1636892,34.7782069],[131.1571586,34.7750011],[131.1461728,34.7791739],[131.1493127,34.783825],[131.1435422,34.7813364],[131.1504061,34.7856222],[131.1489672,34.7897994],[131.1418694,34.7883606],[131.1308464,34.7986431],[131.1269561,34.7932578]]}},{"type":"Feature","properties":{"areaCode1":"700","areaCode2":""},"geometry":{"type":"LineString","coordinates":[[131.1666412,34.4290537],[131.1723166,34.4228952],[131.1728125,34.4083764],[131.1886856,34.3986439],[131.1964764,34.4026673],[131.1959756,34.3980664],[131.2147425,34.4006993],[131.2076739,34.4118387],[131.213868,34.4129215],[131.2121918,34.4168341],[131.2246527,34.4273889],[131.2277515,34.4273179],[131.2224712,34.4166162],[131.2324431,34.4236684],[131.2483728,34.4257371],[131.2548236,34.423061],[131.2522874,34.4178927],[131.2613702,34.4183865],[131.256616,34.422443],[131.2613011,34.4299266],[131.252384,34.4382028],[131.2174019,34.4256517],[131.1963049,34.4292727],[131.1860187,34.4234116],[131.1787651,34.4288316],[131.1724823,34.4276043],[131.1725098,34.4317033],[131.1666412,34.4290537]]}},{"type":"Feature","properties":{"areaCode1":"700","areaCode2":""},"geometry":{"type":"LineString","coordinates":[[131.2708704,34.5060409],[131.2775875,34.5180147],[131.2834986,34.5117217],[131.2940156,34.5112889],[131.29175,34.5050369],[131.2804123,34.5020946],[131.2785438,34.4971357],[131.2708704,34.5060409]]}},{"type":"Feature","properties":{"areaCode1":"700","areaCode2":""},"geometry":{"type":"LineString","coordinates":[[131.4006301,34.4974738],[131.4084346,34.5125588],[131.41578,34.5123778],[131.4183131,34.4931355],[131.407569,34.4892763],[131.4006301,34.4974738]]}},{"type":"Feature","properties":{"areaCode1":"700","areaCode2":"702"},"geometry":{"type":"LineString","coordinates":[[130.9801808,34.3621817],[130.9804302,34.3634747]]}},{"type":"Feature","properties":{"areaCode1":"700","areaCode2":"702"},"geometry":{"type":"LineString","coordinates":[[130.9801808,34.3621817],[131.0010397,34.3525997],[131.0203478,34.3254231],[131.0326472,34.3217683],[131.0355244,34.3115564],[131.0579086,34.3051461],[131.0673872,34.2918944],[131.074695,34.2932842],[131.0835756,34.2841561],[131.0871203,34.2673719],[131.1022983,34.2619167],[131.1058836,34.2677203],[131.1230589,34.2643142],[131.1394633,34.2723061],[131.1549197,34.2711203],[131.1643553,34.2621661],[131.1724661,34.2640672],[131.1721839,34.2561756],[131.1607422,34.2417761],[131.1600219,34.2310306],[131.1487581,34.2320389],[131.1447361,34.2253308],[131.1287767,34.2206394],[131.1070992,34.2053939],[131.1090817,34.1979628],[131.0987311,34.1874267],[131.1168644,34.1597664],[131.1047494,34.1576053],[131.0914978,34.1668592],[131.090285,34.1535286],[131.0826064,34.1471928],[131.0843142,34.1308386],[131.1013539,34.1230956],[131.1000917,34.1181747],[131.1133658,34.1081617],[131.1100372,34.0990942],[131.1252689,34.0829908],[131.1645189,34.0925281],[131.1809883,34.1182336],[131.2102733,34.1132731],[131.2148219,34.1200461],[131.2375292,34.1269797],[131.2413803,34.1411642],[131.2553897,34.1449803],[131.2628128,34.14004],[131.2745306,34.1415608],[131.2839311,34.1618314],[131.2937328,34.166705],[131.3107731,34.1611472],[131.3182764,34.1668422],[131.3252408,34.1607333],[131.3184528,34.1502972],[131.3292736,34.1503922],[131.3475142,34.1372414],[131.3695925,34.1377067]]}},{"type":"Feature","properties":{"areaCode1":"700","areaCode2":"704"},"geometry":{"type":"LineString","coordinates":[[131.3692697,34.1506978],[131.379055,34.1574869],[131.3787181,34.1664819],[131.3892297,34.1731294],[131.3906458,34.1796272],[131.4012028,34.1809811],[131.3982689,34.1890544],[131.4054803,34.197115],[131.4009194,34.2006892],[131.4050122,34.2097128],[131.4160622,34.2105928],[131.4328967,34.2222814],[131.4464325,34.2222708],[131.4559831,34.2314933],[131.4627369,34.2319697],[131.4638011,34.2379314],[131.4815092,34.2448156],[131.4876181,34.2398067],[131.4991758,34.2404053],[131.5004733,34.2479197],[131.5074097,34.2512578],[131.5040022,34.2585553],[131.5162853,34.2734603],[131.5138792,34.277895],[131.5263953,34.2816181],[131.52171,34.2890806],[131.5408344,34.3047239],[131.5494978,34.2989758],[131.5578931,34.3080572],[131.5663633,34.3280783],[131.5582281,34.3339847],[131.5606147,34.3452728],[131.5537875,34.3615858],[131.5340364,34.3690214],[131.5332814,34.3776931],[131.5482789,34.3887939],[131.5383119,34.4002886],[131.5366272,34.4104917],[131.5408675,34.4150428],[131.5431217,34.408795],[131.5692636,34.4133997],[131.5782978,34.4073183],[131.6064344,34.4096467],[131.6055511,34.4180022],[131.6274067,34.4433778],[131.6341983,34.4448694],[131.6344719,34.4554194],[131.6404831,34.45949],[131.6383733,34.4642408],[131.6499558,34.4698678],[131.6528603,34.4796661],[131.6458717,34.4871392],[131.6506347,34.4905731],[131.6462792,34.4990039],[131.6679697,34.5040953]]}},{"type":"Feature","properties":{"areaCode1":"700","areaCode2":"704"},"geometry":{"type":"LineString","coordinates":[[131.3692697,34.1506978],[131.3775003,34.1448886],[131.3695925,34.1377067]]}},{"type":"Feature","properties":{"areaCode1":"702","areaCode2":""},"geometry":{"type":"LineString","coordinates":[[130.77487,34.1122042],[130.7799417,34.1151692],[130.7837503,34.1061989],[130.7897892,34.1086381],[130.7958014,34.1046922],[130.79988,34.0933658],[130.7954133,34.0925525],[130.7895191,34.1007488],[130.7821767,34.0978014],[130.77487,34.1122042]]}},{"type":"Feature","properties":{"areaCode1":"702","areaCode2":""},"geometry":{"type":"LineString","coordinates":[[130.838078,34.3513162],[130.8401881,34.3551864],[130.8568294,34.3546121],[130.8657696,34.3594016],[130.8704991,34.3653708],[130.8669604,34.3738563],[130.8804896,34.3637578],[130.8775777,34.3534292],[130.8588666,34.353125],[130.8473423,34.3409626],[130.838078,34.3513162]]}},{"type":"Feature","properties":{"areaCode1":"702","areaCode2":""},"geometry":{"type":"LineString","coordinates":[[130.8603877,34.1108124],[130.861782,34.1040299],[130.8728316,34.0986588],[130.8704311,34.086357],[130.8740063,34.0843994],[130.8709542,34.0864434],[130.8742457,34.0899061],[130.8799123,34.0867686],[130.8814601,34.0834259],[130.8756103,34.0807316],[130.8880874,34.072059],[130.8883626,34.0653543],[130.8919814,34.063357],[130.895572,34.0707315],[130.9026649,34.0682222],[130.9013057,34.0602765],[130.9065172,34.0638423],[130.9120653,34.0591445],[130.9143154,34.0434839],[130.9035599,34.0253486],[130.9161151,34.0206217],[130.9086942,33.9924964],[130.9168977,33.9788576],[130.9136862,33.9634369],[130.9058426,33.9542108],[130.9200199,33.9525921],[130.9165411,33.9383798],[130.9283676,33.9384238],[130.9246204,33.9474105],[130.9379506,33.9491572],[130.9967577,33.989764],[130.9929599,33.9952473],[130.9967515,33.9951345],[130.9975613,34.0040774],[131.0035037,33.999113],[131.0062748,34.0030787],[131.0004786,34.008862],[131.0033576,34.0165231],[131.0117089,34.0096299],[131.0146363,34.0120375],[131.0212583,34.0201189],[131.0121998,34.0269684],[131.0306222,34.0392756],[131.0284126,34.0456731],[131.0368476,34.0570821],[131.0434229,34.0573969],[131.0474989,34.0422589],[131.1003319,34.0328677],[131.1334338,33.9904645],[131.1396389,33.9925623],[131.1341875,34.0042953],[131.1506519,34.0035204],[131.1461898,33.9951551],[131.1559705,33.9888085],[131.1700761,33.9968603],[131.1606102,33.9866268],[131.1671277,33.9788714],[131.1610367,33.9738681],[131.1692008,33.9783686],[131.1746404,33.9745013],[131.1679766,33.9713641],[131.1732793,33.9693724],[131.161978,33.9698733],[131.1601471,33.9644583],[131.1697275,33.9635759],[131.158527,33.9612862],[131.157722,33.9533098],[131.1805284,33.9304009],[131.1855005,33.9316083],[131.1847683,33.9389848],[131.2104913,33.9445015],[131.2089209,33.9589282],[131.2190565,33.9575686],[131.2177048,33.9497993],[131.2240036,33.9490655],[131.2276347,33.9643411],[131.2260763,33.9467108],[131.2309368,33.9574111],[131.2332207,33.9540191],[131.2153258,33.9367203],[131.2225151,33.9338035],[131.2313824,33.9376512],[131.2332461,33.9481331],[131.2390053,33.9514343],[131.2424397,33.9443208],[131.2461939,33.9460719],[131.2432894,33.941474],[131.2488745,33.9429384],[131.2340171,33.9364393],[131.2325513,33.9270818],[131.2524619,33.9367969],[131.2559322,33.9319266],[131.2466546,33.9313796],[131.2447475,33.926393],[131.2484024,33.9289439],[131.2506296,33.9235932],[131.2461402,33.9213588],[131.2444061,33.9255418],[131.2420684,33.9197676],[131.2612684,33.9272629],[131.2684295,33.9228877],[131.2936909,33.9355153],[131.2841373,33.9373357],[131.2951101,33.935412],[131.2911628,33.9384915],[131.3001033,33.9407234],[131.3064888,33.9494659],[131.313894,33.9494127],[131.3160097,33.9544253],[131.3297874,33.952165],[131.3482895,33.9660447],[131.3557882,33.966419],[131.3477255,33.9807671],[131.3529528,33.9870934],[131.3615189,33.9868586],[131.3630755,33.997018]]}},{"type":"Feature","properties":{"areaCode1":"702","areaCode2":""},"geometry":{"type":"LineString","coordinates":[[130.8603877,34.1108124],[130.8652484,34.1140751],[130.8666773,34.1368103],[130.8789089,34.1362676],[130.8809615,34.1420091],[130.8865911,34.1416749],[130.8839381,34.1374476],[130.8879073,34.1349423],[130.9006494,34.1386819],[130.9045621,34.1474074],[130.8958814,34.1531322],[130.9160512,34.159889],[130.9261323,34.1704086],[130.9258799,34.1800534],[130.9335377,34.1890563],[130.9298052,34.2115273],[130.9162408,34.2149547],[130.9224989,34.2255913],[130.9214733,34.2397353],[130.900539,34.2544089],[130.8895506,34.2725853],[130.8668614,34.287829],[130.8728226,34.2954599],[130.8819992,34.2953657],[130.8849054,34.3108691],[130.8928048,34.3098258],[130.8908103,34.3177258],[130.8975976,34.3172802],[130.8913151,34.3189423],[130.8979519,34.3247878],[130.8913401,34.3243095],[130.8904821,34.3465955],[130.9020302,34.3533686],[130.9013796,34.3630885],[130.9062537,34.3633817],[130.9141727,34.3514706],[130.921324,34.3536833],[130.9278772,34.3413234],[130.9350232,34.3521219],[130.9487302,34.3522895],[130.9804302,34.3634747]]}},{"type":"Feature","properties":{"areaCode1":"702","areaCode2":""},"geometry":{"type":"LineString","coordinates":[[130.8745049,33.9463895],[130.893493,33.9392585],[130.8991988,33.9218183],[130.9101314,33.9261744],[130.9012214,33.9188242],[130.90264,33.9146243],[130.9109926,33.9111379],[130.9234396,33.9143261],[130.9283501,33.9267358],[130.9218154,33.9337436],[130.9246823,33.936858],[130.9146854,33.9383427],[130.9176698,33.9508714],[130.9142534,33.9535101],[130.9049399,33.9524477],[130.8953026,33.9442149],[130.882631,33.9536493],[130.8745049,33.9463895]]}},{"type":"Feature","properties":{"areaCode1":"702","areaCode2":"704"},"geometry":{"type":"LineString","coordinates":[[131.2920172,34.0012122],[131.2966258,33.9960714],[131.3070389,33.9986142],[131.3089531,33.9938742],[131.3486511,34.0027436],[131.3530494,33.9971844],[131.3630755,33.997018]]}},{"type":"Feature","properties":{"areaCode1":"702","areaCode2":"704"},"geometry":{"type":"LineString","coordinates":[[131.2920172,34.0012122],[131.2947783,34.0108056],[131.3048792,34.0149717],[131.3014358,34.0189864],[131.3073381,34.0254583],[131.3066611,34.0318519],[131.3149422,34.0363025],[131.3185653,34.0467739],[131.3329569,34.0513475],[131.33852,34.0668769],[131.3496808,34.0749347],[131.3457158,34.0815242],[131.3533625,34.0875481],[131.3518725,34.0986794],[131.3452028,34.1076875],[131.3522789,34.1094931],[131.3610656,34.1048911],[131.3759694,34.1149928],[131.3793158,34.1213661],[131.3695925,34.1377067]]}},{"type":"Feature","properties":{"areaCode1":"703","areaCode2":""},"geometry":{"type":"LineString","coordinates":[[131.8915928,33.9784367],[131.9190853,33.9676933],[131.9254422,33.952254],[131.9302603,33.9618944],[131.9282526,33.9524768],[131.9363704,33.9472191],[131.9545477,33.9502016],[131.9629641,33.9458789],[131.9693727,33.9324706],[131.9686926,33.9288522],[131.9621844,33.9298031],[131.96551,33.9183454],[131.9757485,33.9174312],[131.9768809,33.9221336],[131.9687357,33.9223603],[131.9808654,33.9296659],[132.0252626,33.9017351],[132.0529621,33.915844],[132.0542153,33.9219427],[132.0566716,33.9141119],[132.0448926,33.9086766],[132.0597106,33.9100923],[132.0742565,33.9053605],[132.0782877,33.8920393],[132.1198776,33.8757494],[132.1200444,33.8687507],[132.1127668,33.8605891],[132.1173222,33.8578211],[132.1165045,33.832281],[132.1446117,33.8336103],[132.1579489,33.8454258],[132.1582658,33.859725],[132.1462411,33.8669061],[132.1483175,33.8748161],[132.1278553,33.8879761],[132.1328336,33.8940217],[132.1267922,33.8994972],[132.1321725,33.9096175],[132.1248542,33.926521],[132.1271695,33.9409072],[132.1226166,33.9419817],[132.1187805,33.9530984],[132.1245982,33.9469931],[132.1296381,33.9524613],[132.1280021,33.9576441],[132.1522331,33.9561686],[132.1847369,33.9613633],[132.2128799,34.0020626],[132.2205163,34.0418589],[132.2159191,34.0438837],[132.2207381,34.0468168],[132.2088263,34.0546493],[132.2117083,34.0558209],[132.2068846,34.0708243],[132.2115769,34.0715656],[132.2111998,34.0832436],[132.1997521,34.1095407],[132.2042612,34.1205756],[132.1989599,34.1185247],[132.2032269,34.1252822],[132.2199231,34.1270411],[132.2224629,34.131041],[132.2334555,34.1268739],[132.2362571,34.1317906],[132.2573495,34.1314671],[132.2476399,34.133433],[132.2484397,34.1377977],[132.2584145,34.1365366],[132.2484548,34.1378679],[132.2523759,34.1580982],[132.2489738,34.1700108],[132.2461121,34.165925],[132.2446315,34.1698611],[132.2493872,34.1710186],[132.2492215,34.1772179],[132.2441672,34.171008],[132.2457594,34.1789599],[132.2409995,34.1771149],[132.2412624,34.1822209],[132.2338122,34.1809644],[132.2308565,34.1855262],[132.2392724,34.1875598],[132.2313896,34.1873426],[132.2322988,34.1961123],[132.2466778,34.2009088],[132.2455952,34.2106726]]}},{"type":"Feature","properties":{"areaCode1":"703","areaCode2":""},"geometry":{"type":"LineString","coordinates":[[131.9471053,33.7807492],[131.9614903,33.7822417],[131.9621614,33.7943072],[131.9720408,33.7981317],[131.9905944,33.7876941],[131.9935561,33.7798947],[131.9619411,33.7684288],[131.9514958,33.7713353],[131.9471053,33.7807492]]}},{"type":"Feature","properties":{"areaCode1":"703","areaCode2":""},"geometry":{"type":"LineString","coordinates":[[132.027755,33.7941969],[132.0359189,33.7869425],[132.0421778,33.7901469],[132.0498689,33.7845664],[132.0578144,33.7891508],[132.0589986,33.8018219],[132.0726578,33.8031217],[132.0751056,33.8133731],[132.0853533,33.8155586],[132.0878614,33.8256228],[132.1060006,33.82474],[132.1184858,33.8301483],[132.1083323,33.8373999],[132.1045702,33.8348034],[132.1046549,33.8433804],[132.096154,33.8434257],[132.0915586,33.8488353],[132.0825889,33.8452683],[132.0710486,33.8584878],[132.0676544,33.8483406],[132.0810822,33.8362439],[132.0786181,33.8275711],[132.06695,33.8188372],[132.0604036,33.8193369],[132.0547242,33.7984992],[132.027755,33.7941969]]}},{"type":"Feature","properties":{"areaCode1":"703","areaCode2":""},"geometry":{"type":"LineString","coordinates":[[132.1266125,33.7195106],[132.1333036,33.7270639],[132.1448867,33.7305358],[132.1390317,33.7464647],[132.1518078,33.7638147],[132.1462983,33.7542839],[132.1524419,33.7488681],[132.1460817,33.7402156],[132.1516731,33.7248008],[132.1339558,33.7128981],[132.1266125,33.7195106]]}},{"type":"Feature","properties":{"areaCode1":"703","areaCode2":""},"geometry":{"type":"LineString","coordinates":[[132.1721628,33.8032858],[132.1856144,33.8108444],[132.1948783,33.808005],[132.2060383,33.8172933],[132.2211144,33.8157897],[132.2239739,33.80776],[132.2327303,33.8067128],[132.235935,33.7979078],[132.2495358,33.7952444],[132.2596056,33.7796007],[132.2739514,33.7811808],[132.2562475,33.7664903],[132.2565211,33.7711664],[132.2399944,33.7822842],[132.2153269,33.7810897],[132.2126325,33.7876514],[132.2018881,33.7932108],[132.1989106,33.8034792],[132.1903592,33.8041847],[132.1742653,33.7948269],[132.1721628,33.8032858]]}},{"type":"Feature","properties":{"areaCode1":"703","areaCode2":""},"geometry":{"type":"LineString","coordinates":[[132.1726799,33.9236656],[132.1768522,33.9190842],[132.174942,33.9028829],[132.1799885,33.8983249],[132.176066,33.894535],[132.1870602,33.8932835],[132.1897681,33.8860579],[132.203928,33.8790709],[132.2044414,33.8720004],[132.1994599,33.8712319],[132.2081053,33.8567555],[132.2201221,33.8745078],[132.2569342,33.8780917],[132.2642014,33.8689078],[132.2700839,33.8732531],[132.2793183,33.8708506],[132.2682386,33.8762644],[132.268087,33.8895639],[132.2780914,33.8942119],[132.2823469,33.8994254],[132.2791822,33.8999967],[132.2885558,33.902145],[132.2924489,33.8981417],[132.2896683,33.8907644],[132.3009964,33.8965453],[132.3249722,33.8912856],[132.3267275,33.8816911],[132.3313978,33.8865292],[132.336145,33.8842994],[132.3380308,33.8784889],[132.324935,33.8643217],[132.3264978,33.8579506],[132.3317125,33.857765],[132.3470986,33.869685],[132.3611108,33.860645],[132.3721592,33.8619825],[132.3693722,33.8766144],[132.3633125,33.8825767],[132.3671277,33.8924583],[132.3623375,33.8962633],[132.3718994,33.9035151],[132.3756247,33.913975],[132.3902944,33.9113556],[132.3905964,33.9161214],[132.3989564,33.9178219],[132.4081578,33.9095986],[132.4211736,33.92518],[132.431865,33.9262489],[132.4353694,33.9322717],[132.4426425,33.9277192],[132.4720519,33.9501736],[132.4453694,33.94198],[132.4376031,33.9449958],[132.4386878,33.9518011],[132.4165281,33.9529234],[132.4019378,33.9412525],[132.4057692,33.9330042],[132.4020192,33.9286753],[132.3778439,33.9246831],[132.3698369,33.9284225],[132.36124,33.9184306],[132.3533086,33.917625],[132.3578228,33.9109422],[132.3539864,33.9071444],[132.34364,33.9043979],[132.341415,33.9088097],[132.3433161,33.9050661],[132.3311775,33.9012633],[132.316726,33.9060231],[132.3232267,33.9135689],[132.3198136,33.9227311],[132.3124194,33.9148161],[132.300859,33.9204997],[132.30173,33.9298967],[132.2881525,33.9404189],[132.2859736,33.9553603],[132.2634656,33.9485814],[132.2490836,33.9538953],[132.2449747,33.9628372],[132.2336108,33.9676383],[132.2297168,33.9588439],[132.2126988,33.9641067],[132.212448,33.952787],[132.2055281,33.9491324],[132.192973,33.9550683],[132.1844759,33.9536644],[132.1885339,33.9344761],[132.1821735,33.9290392],[132.1759792,33.9303328],[132.1726799,33.9236656]]}},{"type":"Feature","properties":{"areaCode1":"703","areaCode2":""},"geometry":{"type":"LineString","coordinates":[[132.3364322,33.9493186],[132.3485467,33.9462],[132.3525867,33.9393494],[132.3566158,33.9415219],[132.3512768,33.9607594],[132.3382828,33.9562575],[132.3364322,33.9493186]]}},{"type":"Feature","properties":{"areaCode1":"703","areaCode2":""},"geometry":{"type":"LineString","coordinates":[[132.4017903,34.023325],[132.4060175,34.0141103],[132.4273953,34.0107931],[132.4308122,34.0147911],[132.4151206,34.0303069],[132.4028539,34.0273053],[132.4017903,34.023325]]}},{"type":"Feature","properties":{"areaCode1":"703","areaCode2":"704"},"geometry":{"type":"LineString","coordinates":[[131.8784336,34.2746042],[131.894175,34.2514308],[131.8881511,34.2431672],[131.8913808,34.2350425],[131.9120428,34.2302372],[131.9196792,34.2215908],[131.9372697,34.2299236],[131.9428817,34.2226719],[131.9385636,34.2191997],[131.9448078,34.2006358],[131.9602889,34.1976133],[131.9581486,34.1814942],[131.9658414,34.1764669],[131.9566517,34.1693875],[131.9551542,34.1633911],[131.9601656,34.1584739],[131.9580319,34.1494717],[131.9524775,34.1472469],[131.958595,34.1337714],[131.9525456,34.1280197],[131.9589761,34.1243522],[131.9610778,34.1133097],[131.9647386,34.1136675],[131.9670014,34.0890614],[131.9821214,34.0881058],[131.9957536,34.0795167],[131.99086,34.0709361],[131.9953172,34.07105],[131.9975297,34.0643808],[132.0060308,34.0676028],[132.0121631,34.0624706],[132.0242547,34.0692689],[132.0307675,34.0452458],[132.0222775,34.02551],[131.9915047,34.0291078],[131.98271,34.0245361],[131.9652731,34.0328542],[131.9606617,34.0268781],[131.9652164,34.0221661],[131.9608718,34.0154951],[131.9087861,33.9969394],[131.8991503,33.9911189],[131.8994156,33.98506],[131.8915928,33.9784367]]}},{"type":"Feature","properties":{"areaCode1":"703","areaCode2":"704"},"geometry":{"type":"LineString","coordinates":[[131.8784336,34.2746042],[131.8823839,34.2789969],[131.8812903,34.3086189]]}},{"type":"Feature","properties":{"areaCode1":"704","areaCode2":""},"geometry":{"type":"LineString","coordinates":[[131.3630545,33.9970397],[131.3696848,33.9981616],[131.3782216,34.00842],[131.3833407,34.0221956],[131.3708526,34.0267981],[131.3865085,34.0320287],[131.3827157,34.0356371],[131.3856722,34.0513443],[131.3987111,34.0492888],[131.3967578,34.0439505],[131.4043209,34.0425333],[131.3953847,34.0369341],[131.3946627,34.0253248],[131.4171294,34.0213023],[131.4054164,34.0140553],[131.4013727,33.9982817],[131.394468,33.9976784],[131.3956324,33.9848773],[131.4000484,33.9860895],[131.4008997,33.9942834],[131.4094904,33.9971598],[131.4092043,34.0051423],[131.4149743,34.007656],[131.4115755,34.006819],[131.4115283,34.0120619],[131.4163145,34.0096905],[131.41651,34.0152162],[131.4228809,34.0155722],[131.4318814,34.0064366],[131.4240081,33.989267],[131.4331911,33.9901755],[131.4406198,33.9826559],[131.4420396,33.9915551],[131.4483553,33.9951684],[131.4546176,33.9945995],[131.4564629,33.9873675],[131.4614358,33.9882966],[131.4635275,33.9935417],[131.4545494,34.0023742],[131.4571898,34.0055503],[131.4622246,34.0036763],[131.4797064,34.0118382],[131.4791876,34.0181507],[131.4698446,34.0186637],[131.4655648,34.027517],[131.4735791,34.0375646],[131.4842409,34.0281458],[131.4875627,34.0306569],[131.5087447,34.0229275],[131.5158644,34.0140062],[131.508374,34.0106988],[131.509083,34.0036115],[131.5170584,34.002884],[131.522671,34.007736],[131.5267865,33.9991961],[131.5401655,33.9975133],[131.5617715,34.0070282],[131.5627152,34.0126721],[131.5805971,34.0202989],[131.5878542,34.0320557],[131.5994237,34.0386092],[131.6041536,34.0371695],[131.6022324,34.0274537],[131.6098746,34.0207919],[131.6233052,34.0396862],[131.6345617,34.0468712],[131.6413717,34.0441454],[131.6451238,34.0473093],[131.6447025,34.0370904],[131.6687152,34.0450695],[131.676815,34.0425547],[131.6787914,34.0545033],[131.6906274,34.0541822],[131.6885638,34.0472631],[131.6977778,34.0464872],[131.6981206,34.0533702],[131.70725,34.0539744],[131.7093658,34.060435],[131.723493,34.057341],[131.7292253,34.0621563],[131.7397175,34.0617423],[131.7422629,34.0720055],[131.7453533,34.0657183],[131.7523184,34.0707699],[131.7515643,34.0655219],[131.7613763,34.0678822],[131.7388741,34.0552573],[131.73364,34.0488781],[131.7372335,34.0456886],[131.7424447,34.052426],[131.7472089,34.0457703],[131.7583011,34.0482744],[131.7635989,34.0587573],[131.7652616,34.0535054],[131.7749382,34.0533459],[131.7800269,34.0535102],[131.7829776,34.0613679],[131.7821535,34.0547727],[131.7867398,34.0537681],[131.7969129,34.0591419],[131.798761,34.0534152],[131.792829,34.0505393],[131.8008055,34.0484727],[131.7893583,34.0424266],[131.7810954,34.0275113],[131.7884668,34.0246836],[131.7865586,34.0278463],[131.8023402,34.0432319],[131.8184592,34.0353767],[131.8214424,34.0277286],[131.8276098,34.0293835],[131.8267635,34.0235383],[131.8147529,34.0227255],[131.8120077,34.0159345],[131.8044182,34.016135],[131.7827369,33.9952399],[131.7873785,33.9876747],[131.7704748,33.9807395],[131.7779062,33.9739433],[131.7983543,33.9772233],[131.8097264,33.9677706],[131.8167906,33.9695439],[131.8218814,33.9759844],[131.8159004,33.9758853],[131.8169236,33.9821205],[131.8076701,33.9842439],[131.8040255,33.9807868],[131.7945352,33.9873932],[131.8183966,33.9930523],[131.8337642,34.0068933],[131.8317434,34.0113716],[131.836664,34.0095779],[131.8342958,34.0069823],[131.8512571,34.0090958],[131.8530127,34.0036221],[131.8562335,34.0083992],[131.8592095,34.0008068],[131.864171,34.0070507],[131.8684791,33.9936516],[131.8615268,33.988129],[131.8751647,33.9904543],[131.8826544,33.9810903],[131.8915928,33.9784367]]}},{"type":"Feature","properties":{"areaCode1":"704","areaCode2":""},"geometry":{"type":"LineString","coordinates":[[131.3630755,33.997018],[131.3630545,33.9970397]]}},{"type":"Feature","properties":{"areaCode1":"704","areaCode2":""},"geometry":{"type":"LineString","coordinates":[[131.5556438,33.9908618],[131.5641084,33.9938846],[131.5673381,33.9862943],[131.5819515,33.9927499],[131.6014617,34.0148961],[131.5827213,34.0238601],[131.5680075,34.0127146],[131.5681757,34.0036095],[131.5577786,33.9978282],[131.5556438,33.9908618]]}},{"type":"Feature","properties":{"areaCode1":"704","areaCode2":""},"geometry":{"type":"LineString","coordinates":[[131.6913982,34.0081284],[131.7033238,34.0025526],[131.7149768,33.9888547],[131.7193853,33.9896394],[131.7188666,33.9795064],[131.7327383,33.9823422],[131.7110064,33.9999461],[131.7149553,34.0133689],[131.7092503,34.0243535],[131.7149286,34.0319997],[131.7089525,34.0354108],[131.7058977,34.0322231],[131.7050056,34.0080307],[131.6913982,34.0081284]]}},{"type":"Feature","properties":{"areaCode1":"704","areaCode2":""},"geometry":{"type":"LineString","coordinates":[[131.7263539,34.02835],[131.734125,34.0379325],[131.7479817,34.0375031],[131.7527056,34.0326903],[131.76274,34.0480842],[131.7802233,34.0485614],[131.7547583,34.0285714],[131.7523742,34.0322],[131.7436231,34.0221844],[131.7312711,34.0211794],[131.7263539,34.02835]]}},{"type":"Feature","properties":{"areaCode1":"704","areaCode2":""},"geometry":{"type":"LineString","coordinates":[[131.8042643,33.9466061],[131.8060768,33.9393178],[131.8182978,33.9362081],[131.8196364,33.9306975],[131.8353606,33.9334656],[131.8567033,33.9524809],[131.8618856,33.9506939],[131.859898,33.9655763],[131.8777117,33.9705862],[131.8733799,33.9710574],[131.8696085,33.9818588],[131.8666526,33.9781361],[131.8596074,33.9828281],[131.857747,33.9899918],[131.8566352,33.9809027],[131.8520005,33.9803597],[131.8552176,33.9760262],[131.8413842,33.9666989],[131.8490084,33.9675094],[131.847385,33.9499874],[131.8406866,33.956742],[131.8335267,33.9565816],[131.833272,33.9479553],[131.8206818,33.9447784],[131.816604,33.9527232],[131.8215028,33.9592466],[131.8042643,33.9466061]]}},{"type":"Feature","properties":{"areaCode1":"710","areaCode2":""},"geometry":{"type":"LineString","coordinates":[[130.0390263,33.4700145],[130.0497488,33.4882161],[130.045337,33.4964345],[130.062206,33.4975177],[130.0836037,33.508],[130.0922816,33.505973],[130.1012336,33.5160092],[130.1068387,33.5094239],[130.126801,33.5100447],[130.1351194,33.5179496],[130.1245928,33.5258069],[130.1538921,33.5370588],[130.1538901,33.5436829],[130.1639689,33.5505985],[130.164114,33.5610296],[130.1556542,33.5600332],[130.1419453,33.5478987],[130.1374654,33.5546558],[130.1261442,33.5568126],[130.127847,33.552863],[130.1159503,33.5467479],[130.1201902,33.5583674],[130.1263454,33.5616786],[130.1321422,33.5586685],[130.1358747,33.5667773],[130.130363,33.5659312],[130.1196762,33.5746043],[130.1201624,33.5713752],[130.0980141,33.5638529],[130.0974133,33.5747703],[130.0875931,33.5812987],[130.1020549,33.5881626],[130.1079266,33.5854178],[130.1075936,33.5970795],[130.1230273,33.5900158],[130.147613,33.5929357],[130.1617548,33.610578],[130.160638,33.6155011],[130.155097,33.6152108],[130.1570768,33.6284246],[130.1673822,33.6327661],[130.1736841,33.6285538],[130.1992425,33.640485],[130.208948,33.6520569],[130.207725,33.6670396],[130.2369509,33.6491908],[130.2239465,33.6342113],[130.2329402,33.6272457],[130.2292357,33.6232801],[130.2323807,33.6163451],[130.2750689,33.609777],[130.267384,33.5935459],[130.2629437,33.6026909],[130.2507219,33.5999323],[130.2600365,33.5907194],[130.2651074,33.5945468],[130.272945,33.5826157],[130.295535,33.5806191],[130.3119,33.5879314],[130.3129599,33.5979773],[130.3248806,33.5986384],[130.323698,33.5936947],[130.3302458,33.5994107],[130.3532438,33.59517],[130.3777122,33.6059511],[130.3830356,33.5987373],[130.3788561,33.5970754],[130.3809863,33.5938492],[130.3932116,33.5973022],[130.3846397,33.6000595],[130.3882729,33.6016757],[130.3847026,33.6075053],[130.3899721,33.6097787],[130.3945233,33.6023421],[130.4020326,33.6050364],[130.3959527,33.6102025],[130.4013352,33.6184697],[130.4139766,33.6170138],[130.4149415,33.6208191],[130.403128,33.6231051],[130.4095645,33.6328904],[130.4041049,33.6344331],[130.4113054,33.6437439],[130.4082265,33.6446563],[130.4213847,33.6428751],[130.421267,33.6481847],[130.4050164,33.652172],[130.4344495,33.6621621],[130.4255796,33.6750584],[130.4327946,33.6795229],[130.4306114,33.6866936],[130.4075328,33.6832279],[130.4027618,33.6791432],[130.4070434,33.6758548],[130.3985449,33.6710205],[130.3676101,33.6647189],[130.3602956,33.65823],[130.3602957,33.6438692],[130.339726,33.6519686],[130.3338452,33.6493361],[130.3258234,33.6592814],[130.3184511,33.6610006],[130.346267,33.6618824],[130.3772049,33.6734561],[130.4139649,33.7003352],[130.4211226,33.7185572],[130.432169,33.7161202],[130.4523961,33.72969],[130.4660422,33.7500245],[130.4710197,33.7727078],[130.4657291,33.785678],[130.4610846,33.7883517],[130.455386,33.7841386],[130.4593915,33.7908575],[130.4549676,33.7848551],[130.4477482,33.7862937],[130.4454899,33.7960992],[130.4512673,33.8027842],[130.4439668,33.8154203],[130.4486353,33.8174709],[130.4506133,33.8114094],[130.4591823,33.8095514],[130.4682769,33.8133791],[130.481079,33.8385307],[130.477514,33.8578554],[130.4879991,33.8509872],[130.5114224,33.856872],[130.5282143,33.8733181],[130.5297988,33.883474],[130.5268509,33.8854377],[130.5265765,33.8817871],[130.5243358,33.8897121],[130.5429434,33.8890857]]}},{"type":"Feature","properties":{"areaCode1":"710","areaCode2":""},"geometry":{"type":"LineString","coordinates":[[130.2859798,33.6794681],[130.2986042,33.6602935],[130.3165785,33.661567],[130.304352,33.6872721],[130.2900948,33.6877773],[130.2859798,33.6794681]]}},{"type":"Feature","properties":{"areaCode1":"710","areaCode2":""},"geometry":{"type":"LineString","coordinates":[[130.2941795,33.6169686],[130.2992729,33.6242961],[130.2984386,33.635879],[130.3047422,33.6379834],[130.3143361,33.61557],[130.303429,33.6063756],[130.2941795,33.6169686]]}},{"type":"Feature","properties":{"areaCode1":"710","areaCode2":""},"geometry":{"type":"LineString","coordinates":[[130.393988,33.6629859],[130.4161894,33.6753305],[130.4223638,33.6745733],[130.4282487,33.6648985],[130.4162,33.657759],[130.4140816,33.6614003],[130.4015842,33.6563171],[130.393988,33.6629859]]}},{"type":"Feature","properties":{"areaCode1":"710","areaCode2":""},"geometry":{"type":"LineString","coordinates":[[130.4056881,33.8980492],[130.4090194,33.8929722],[130.4289531,33.8866339],[130.4359655,33.8944929],[130.4328856,33.8969239],[130.4362976,33.895019],[130.4372697,33.8995989],[130.4386718,33.8962315],[130.4373442,33.9022992],[130.4484092,33.9119731],[130.4380703,33.9158003],[130.4290397,33.9093178],[130.4081017,33.9112608],[130.4056881,33.8980492]]}},{"type":"Feature","properties":{"areaCode1":"710","areaCode2":"711"},"geometry":{"type":"LineString","coordinates":[[130.5414411,33.8845208],[130.5429434,33.8890857]]}},{"type":"Feature","properties":{"areaCode1":"710","areaCode2":"711"},"geometry":{"type":"LineString","coordinates":[[130.5414411,33.8845208],[130.5569397,33.864275],[130.5678478,33.8609447],[130.5687311,33.8494756],[130.582375,33.8406339],[130.5812375,33.8311289],[130.5916308,33.8179306],[130.6127556,33.8229389],[130.6359672,33.8127461]]}},{"type":"Feature","properties":{"areaCode1":"710","areaCode2":"712"},"geometry":{"type":"LineString","coordinates":[[130.5397281,33.6814878],[130.5454714,33.6929272],[130.5409647,33.6983475],[130.5419183,33.7072292],[130.5478375,33.7173747],[130.5590569,33.7206175],[130.5477369,33.7306117],[130.5550722,33.7514625],[130.5636928,33.7563522],[130.5829239,33.7559492],[130.5922564,33.7641408],[130.6051211,33.7624533],[130.6005803,33.7715217],[130.6163189,33.7822161],[130.6322658,33.7800122],[130.6336394,33.7907819],[130.6398156,33.7906181],[130.6334911,33.8016986],[130.6379542,33.8067203],[130.6359672,33.8127461]]}},{"type":"Feature","properties":{"areaCode1":"710","areaCode2":"712"},"geometry":{"type":"LineString","coordinates":[[130.5397281,33.6814878],[130.5513094,33.6680794],[130.5740283,33.6597761],[130.5662289,33.6468075],[130.5857658,33.6323667],[130.5844792,33.6187333],[130.5987694,33.6129925],[130.5857864,33.6016347],[130.5816661,33.6079675],[130.5805689,33.60265],[130.5680883,33.6069408],[130.5581811,33.5990778],[130.5670878,33.5896008],[130.5681783,33.5793383],[130.5738586,33.5760894],[130.580505,33.558615],[130.6118136,33.5260853],[130.6099106,33.5195272],[130.621305,33.51306],[130.6214464,33.5060989]]}},{"type":"Feature","properties":{"areaCode1":"710","areaCode2":"713"},"geometry":{"type":"LineString","coordinates":[[130.5364708,33.4389819],[130.5504267,33.4412],[130.5535958,33.4499292],[130.5653553,33.4486978],[130.580938,33.4372522],[130.5846194,33.4410267],[130.5637189,33.4590489],[130.5609111,33.4753831],[130.5672519,33.4818981],[130.5663131,33.4768075],[130.5800864,33.4727328],[130.5890194,33.4857342],[130.6103178,33.4928869],[130.6214464,33.5060989]]}},{"type":"Feature","properties":{"areaCode1":"710","areaCode2":"720"},"geometry":{"type":"LineString","coordinates":[[130.0390263,33.4700145],[130.044925,33.4674372],[130.0680692,33.4725042],[130.0905611,33.4685607],[130.1009236,33.4708672],[130.1069264,33.4778286],[130.1389664,33.4703978],[130.1507419,33.47762],[130.1687864,33.4676458]]}},{"type":"Feature","properties":{"areaCode1":"710","areaCode2":"721"},"geometry":{"type":"LineString","coordinates":[[130.1687864,33.4676458],[130.1831536,33.4667681],[130.1986658,33.4812003],[130.2333144,33.4789228],[130.2499183,33.4704972],[130.2752406,33.4796042],[130.2969236,33.4628506],[130.3110253,33.4620519],[130.3348464,33.4504953],[130.3364442,33.4451494],[130.3454281,33.4450214],[130.3557869,33.4332397],[130.3688114,33.4362808],[130.3782189,33.4249592],[130.3967192,33.4274303],[130.4047661,33.4162414],[130.4168089,33.4104489],[130.4077039,33.4020561],[130.4109708,33.3950403],[130.4186978,33.4010747],[130.4284719,33.3968792],[130.43815,33.4000692],[130.4422139,33.4156336],[130.4580806,33.4197814],[130.459865,33.4270989],[130.4765933,33.4384639],[130.48025,33.4361175],[130.5035358,33.4469258],[130.5093839,33.4436675],[130.5124603,33.4494469],[130.5364708,33.4389819]]}},{"type":"Feature","properties":{"areaCode1":"711","areaCode2":""},"geometry":{"type":"LineString","coordinates":[[130.5429434,33.8890857],[130.5635291,33.8916521],[130.5672477,33.8821726],[130.5810592,33.8781327],[130.6316924,33.8836713],[130.663242,33.9011423],[130.6573076,33.9098365],[130.6616761,33.9075767],[130.6650717,33.9103828],[130.6621751,33.9170257],[130.6670974,33.9150178],[130.6823894,33.9242681],[130.6855939,33.9322282],[130.681562,33.937166],[130.6877375,33.9343401],[130.7137611,33.938914],[130.7288554,33.9359727],[130.7320833,33.932929],[130.7279019,33.9309997],[130.7380137,33.9270081],[130.7396112,33.9343326],[130.7526287,33.9319614],[130.7525781,33.9390796],[130.7397816,33.939135],[130.7526146,33.939156],[130.7526033,33.9452485],[130.7697226,33.948997],[130.7687858,33.9406297],[130.760077,33.9396147],[130.760102,33.9339307],[130.7687919,33.9339493],[130.7688012,33.9291231],[130.7524699,33.9259239],[130.7536133,33.9208531],[130.7753198,33.9271817],[130.7775146,33.9342669],[130.8091012,33.9314613],[130.8133854,33.9291525],[130.8065219,33.9296211],[130.8185653,33.9229626],[130.8172134,33.9165361],[130.8065463,33.9146234],[130.8169561,33.9151836],[130.8149702,33.9029137],[130.7967174,33.8906006],[130.7765913,33.8915436],[130.7629165,33.8858933],[130.7837982,33.8859225],[130.7537086,33.8781757],[130.7451646,33.8882431],[130.7489256,33.8779077],[130.74257,33.8736215],[130.7729379,33.8796601],[130.7709531,33.8740003],[130.7756114,33.8807116],[130.7822901,33.8820397],[130.7821228,33.8777521],[130.8031535,33.891458],[130.804748,33.8816202],[130.7997532,33.8740811],[130.7943721,33.8745041],[130.8050488,33.8751413],[130.8089199,33.8792037],[130.8058402,33.8921314],[130.8210483,33.9026218],[130.8197249,33.9068837],[130.8227598,33.9036103],[130.8235872,33.9195223],[130.8550309,33.929487],[130.8607445,33.9238908],[130.8482891,33.9193159],[130.8504905,33.9149218],[130.8686212,33.9225779],[130.8693416,33.9180943],[130.8492304,33.9096898],[130.8482049,33.9054546],[130.8533085,33.9038701],[130.8547999,33.9087123],[130.8718119,33.9159809],[130.8805304,33.9094238],[130.8770631,33.9060887],[130.8866577,33.9067865],[130.8666667,33.8980073],[130.8740037,33.8949223],[130.8877858,33.9020629],[130.8930471,33.8962667],[130.8841258,33.8961106],[130.8776631,33.8894327],[130.8940178,33.8935903],[130.8878043,33.8884892],[130.891547,33.8876417],[130.8946971,33.892137],[130.9206065,33.8974594],[130.9311012,33.9069685],[130.9462441,33.9383765],[130.9645633,33.9469069],[130.9630076,33.9621967],[130.975435,33.9574288],[130.9921465,33.9622136],[130.9850362,33.9579896],[130.9891774,33.957694],[131.0021556,33.9698844],[131.0083647,33.9677558],[131.0008888,33.9640224],[131.0070549,33.9616882],[131.0108461,33.9654594],[131.023846,33.9596366],[131.018135,33.9502109],[131.0220069,33.9428866],[131.010419,33.941603],[131.0108309,33.930684],[131.0009132,33.9246089],[131.0158245,33.9196034],[131.0045773,33.9148097],[131.0019151,33.9095181],[131.0053997,33.9041664],[130.9985473,33.9020724],[130.9968573,33.9072668],[130.9937222,33.9053758],[130.9977676,33.9029969],[130.9872086,33.8999563],[130.9891937,33.894599],[131.0047684,33.8915502],[130.9997522,33.8736522],[130.9940225,33.8751454],[130.9951958,33.8850613],[130.990545,33.885627],[130.9893945,33.8801229],[130.9872244,33.8837983],[130.9828795,33.8650256],[130.9990482,33.8678257],[130.9934594,33.8510298],[130.9867943,33.8548822],[130.9813548,33.8409914],[130.9762598,33.8418274],[130.9832567,33.8378886],[130.9910939,33.8466071],[130.9763201,33.8343671],[130.960379,33.8390431],[130.9566919,33.8296142],[130.9607578,33.8222852],[130.9766214,33.8257068],[130.9608421,33.8221906],[130.9665789,33.8100253],[130.9796922,33.8123518],[130.9665561,33.8094983],[130.9799582,33.8119206],[130.9839366,33.8086325],[131.0117521,33.8195608],[131.0166836,33.8097197],[131.0050022,33.8064442],[131.0124982,33.7999117],[130.9962494,33.8098336],[131.0029154,33.8014324],[130.9878502,33.796514],[130.9850237,33.7850493],[130.9934672,33.7947037],[131.00195,33.7950885],[130.9956027,33.7910284],[131.0014977,33.7898243],[131.00301,33.7810733],[130.991907,33.7736225],[131.0011942,33.7748029],[130.9992581,33.7693831],[131.0131993,33.7777167],[131.0106551,33.7822321],[131.017711,33.7679864],[131.0008461,33.7572338],[131.0043533,33.7481404],[131.0083172,33.7439131],[131.0132326,33.7513843],[131.0190522,33.7468771],[131.0138136,33.7318496],[131.0218611,33.7297268],[131.0406023,33.6905063],[131.0557455,33.6905581],[131.050049,33.6859065],[131.053696,33.6864127],[131.0593336,33.6730887],[131.0647108,33.6751627],[131.0606389,33.673035],[131.0665695,33.6599728],[131.0804109,33.6479752],[131.082735,33.6356549],[131.0861006,33.6381557],[131.0848785,33.6346796],[131.095734,33.6261887],[131.0936814,33.6235667],[131.1078403,33.6168678],[131.1079489,33.6239252],[131.1133067,33.6239375],[131.1141214,33.6176793],[131.1149359,33.6305735],[131.1245828,33.6286215],[131.1221882,33.6245969],[131.1317158,33.6242387],[131.128903,33.6314023],[131.1608759,33.6165073],[131.1842419,33.6228025],[131.1786908,33.6212609],[131.1851735,33.6221871],[131.1855716,33.6168494]]}},{"type":"Feature","properties":{"areaCode1":"711","areaCode2":""},"geometry":{"type":"LineString","coordinates":[[130.7774211,33.9460739],[130.7774331,33.9404754],[130.784142,33.9405087],[130.7806399,33.9352164],[130.8098514,33.9326691],[130.8186592,33.9256691],[130.8207486,33.9278894],[130.8123058,33.9313617],[130.8145201,33.9342181],[130.8218839,33.9296683],[130.8506861,33.9411643],[130.8450462,33.9392383],[130.8322916,33.9498436],[130.8143184,33.9434361],[130.8086484,33.949198],[130.8261541,33.9555162],[130.7997056,33.9461131],[130.7774211,33.9460739]]}},{"type":"Feature","properties":{"areaCode1":"711","areaCode2":""},"geometry":{"type":"LineString","coordinates":[[131.0246459,33.8566636],[131.0321411,33.8200136],[131.0418608,33.8212556],[131.0354779,33.8567886],[131.0246459,33.8566636]]}},{"type":"Feature","properties":{"areaCode1":"711","areaCode2":"712"},"geometry":{"type":"LineString","coordinates":[[130.6359672,33.8127461],[130.6484506,33.8094786],[130.6579906,33.8191467],[130.6745733,33.8215242],[130.6806517,33.8110869],[130.6878972,33.812615],[130.6929511,33.80651],[130.7004292,33.8066161],[130.7206769,33.7741808],[130.7381411,33.7705617],[130.7576869,33.7696006],[130.7723631,33.7864686],[130.79642,33.7797439],[130.8025936,33.7732411],[130.7993161,33.7650819],[130.8055906,33.7347439],[130.8209328,33.7254886],[130.8208975,33.7209975],[130.8445961,33.7244075],[130.8551792,33.7356969],[130.8672547,33.7353233],[130.8715719,33.707075],[130.8784386,33.6997217],[130.8748558,33.6906206],[130.8897425,33.6691722],[130.88248,33.6569433],[130.89319,33.6493928],[130.8902906,33.6414108],[130.89356,33.6359086],[130.9024144,33.6408839],[130.9082303,33.6366997],[130.8980622,33.6142986],[130.9118225,33.596585],[130.9119439,33.5885133],[130.9184314,33.5861811],[130.9236442,33.5604542],[130.9200078,33.5520133],[130.9331119,33.5326567],[130.9312117,33.5254794],[130.9402194,33.5091325],[130.9379589,33.4992217],[130.9471608,33.4955356],[130.9498875,33.4876692]]}},{"type":"Feature","properties":{"areaCode1":"711","areaCode2":"750"},"geometry":{"type":"LineString","coordinates":[[130.9498875,33.4876692],[130.9767669,33.5070969],[131.0019564,33.5122064],[131.0151578,33.5090675],[131.0295861,33.5188592],[131.0358131,33.5190817],[131.0441375,33.5100297],[131.0651586,33.5099892],[131.0757006,33.5052975],[131.1075903,33.5076278],[131.1280136,33.5015833],[131.1336253,33.5057733],[131.1768553,33.5069381],[131.1683847,33.5152256],[131.1662747,33.5273575],[131.1885164,33.5477869],[131.1898006,33.5622567],[131.1723422,33.5830333],[131.1855716,33.6168494]]}},{"type":"Feature","properties":{"areaCode1":"712","areaCode2":"713"},"geometry":{"type":"LineString","coordinates":[[130.6214464,33.5060989],[130.6272514,33.5041908],[130.6339153,33.5094933],[130.6360244,33.5048106],[130.6421442,33.5055047],[130.6559294,33.5104103],[130.6824586,33.4914289],[130.6902511,33.4944136],[130.7103956,33.4912519],[130.7269389,33.4835908],[130.7659039,33.4879494],[130.78577,33.48103],[130.7912289,33.4709911],[130.8063525,33.4720419],[130.8093986,33.4850678],[130.8192911,33.4896983],[130.8426633,33.4856239],[130.8477928,33.4786636],[130.8359669,33.4685783],[130.8531547,33.4476781],[130.8903856,33.4526672],[130.9002808,33.4492108]]}},{"type":"Feature","properties":{"areaCode1":"712","areaCode2":"750"},"geometry":{"type":"LineString","coordinates":[[130.9262858,33.4576239],[130.9421317,33.4853339],[130.9498875,33.4876692]]}},{"type":"Feature","properties":{"areaCode1":"712","areaCode2":"753"},"geometry":{"type":"LineString","coordinates":[[130.9002808,33.4492108],[130.9262858,33.4576239]]}},{"type":"Feature","properties":{"areaCode1":"713","areaCode2":""},"geometry":{"type":"LineString","coordinates":[[130.3557841,33.1403569],[130.3733095,33.1412871],[130.3770039,33.1282368],[130.372579,33.1204197],[130.3976637,33.1078619],[130.387692,33.0952073],[130.4135195,33.0849734],[130.4253828,33.0528524],[130.419274,33.0360979],[130.4231066,33.0295442],[130.407691,33.0172632],[130.4087869,33.0105604],[130.3920424,33.0044824],[130.4143127,33.016799],[130.4192393,33.0076306],[130.4094823,33.0094787],[130.3953802,33.0021784],[130.4141364,33.0023137]]}},{"type":"Feature","properties":{"areaCode1":"713","areaCode2":"721"},"geometry":{"type":"LineString","coordinates":[[130.3393772,33.2019311],[130.3426861,33.2082814],[130.3559561,33.2095447],[130.3783858,33.2213056],[130.3790483,33.2291786],[130.3698839,33.2392419],[130.3733536,33.2443172],[130.3852047,33.2404608],[130.3902539,33.2452142],[130.3904783,33.2593792],[130.4000183,33.2590994],[130.4020964,33.2486511],[130.4148961,33.2526486],[130.4195094,33.2616031],[130.4176833,33.2688517],[130.4295653,33.2740117],[130.4279306,33.2909122],[130.4384953,33.2893766],[130.4350844,33.2758833],[130.4390828,33.2658375],[130.4502069,33.2654111],[130.4487256,33.2784075],[130.4679767,33.2872831],[130.4553667,33.2946967],[130.4560236,33.3014225],[130.4840911,33.3053511],[130.489395,33.3159289],[130.4769919,33.3260033],[130.4798206,33.330785],[130.4870511,33.3327092],[130.4994558,33.3255756],[130.5088367,33.3432931],[130.5260903,33.3401078],[130.5328028,33.3461311],[130.5359786,33.3429619],[130.5421272,33.3726397],[130.5410642,33.4212228],[130.5364708,33.4389819]]}},{"type":"Feature","properties":{"areaCode1":"713","areaCode2":"721"},"geometry":{"type":"LineString","coordinates":[[130.3393772,33.2019311],[130.340555,33.1884458],[130.35312,33.1804622],[130.3557841,33.1403569]]}},{"type":"Feature","properties":{"areaCode1":"713","areaCode2":"741"},"geometry":{"type":"LineString","coordinates":[[130.4141364,33.0023137],[130.4281356,33.0053611],[130.4841828,33.0015331],[130.4991033,33.0065597],[130.5060239,33.0027092],[130.5157928,33.0140181],[130.5046947,33.0270231],[130.4967281,33.0517575],[130.5168733,33.0655661],[130.5314386,33.0639703],[130.5353675,33.0780514],[130.5413664,33.0820106],[130.5656122,33.087105],[130.5617956,33.1041886],[130.5707994,33.1067381],[130.5768769,33.1150169],[130.6025583,33.1148078],[130.6142269,33.1085017],[130.6324653,33.1134586],[130.6453786,33.1123144],[130.6463197,33.1083625],[130.65957,33.1094844],[130.6543992,33.1139481],[130.6596381,33.1154828],[130.6629225,33.1343211],[130.6689,33.1389531],[130.6665089,33.1550456],[130.6786647,33.1640406],[130.6800214,33.1713078],[130.69077,33.1640653],[130.6920536,33.1515467],[130.7323675,33.1544839],[130.7376367,33.1460092],[130.7708894,33.1243311],[130.7920117,33.1236925],[130.8185128,33.1142997],[130.8203794,33.1065692],[130.8398231,33.1040525]]}},{"type":"Feature","properties":{"areaCode1":"713","areaCode2":"753"},"geometry":{"type":"LineString","coordinates":[[130.82475,33.2510506],[130.8294781,33.2577322],[130.8679878,33.2636867],[130.8520742,33.2774692],[130.8663483,33.2921117],[130.8542883,33.3233892],[130.8572986,33.3269014],[130.8494839,33.3375894],[130.8450289,33.3386975],[130.8439828,33.3334544],[130.8353481,33.3435456],[130.8611578,33.3616575],[130.8626814,33.3768936],[130.8863503,33.3796958],[130.8866731,33.4021192],[130.8920119,33.4065203],[130.8910703,33.4278756],[130.8976528,33.4388364],[130.8949208,33.446155],[130.9002808,33.4492108]]}},{"type":"Feature","properties":{"areaCode1":"713","areaCode2":"753"},"geometry":{"type":"LineString","coordinates":[[130.82475,33.2510506],[130.8262617,33.2367625],[130.8595861,33.2291256],[130.8448975,33.2228164],[130.8364892,33.2105989],[130.8636775,33.1930608],[130.8874967,33.1864794],[130.8857183,33.1762919],[130.8735919,33.1684261],[130.8796464,33.1529853],[130.8707275,33.1465828],[130.866225,33.1268456],[130.8594586,33.121365],[130.8616475,33.1175258],[130.8398231,33.1040525]]}},{"type":"Feature","properties":{"areaCode1":"720","areaCode2":""},"geometry":{"type":"LineString","coordinates":[[129.7397119,33.5734022],[129.7474969,33.5825856],[129.7539636,33.5778108],[129.7688544,33.5820897],[129.7735178,33.5753928],[129.7710952,33.5688321],[129.7611082,33.5673793],[129.7649253,33.5648823],[129.7603631,33.5628944],[129.7397119,33.5734022]]}},{"type":"Feature","properties":{"areaCode1":"720","areaCode2":""},"geometry":{"type":"LineString","coordinates":[[129.7829718,33.4512683],[129.790045,33.4589997],[129.7987839,33.4572297],[129.7987891,33.4529425],[129.8080436,33.4582381],[129.7937217,33.4720442],[129.8041181,33.4775933],[129.8065811,33.48576],[129.8130247,33.4794028],[129.8201672,33.4838322],[129.8264619,33.4794483],[129.8260322,33.4684169],[129.8392664,33.4622139],[129.8350003,33.4423019],[129.8387961,33.450635],[129.8495164,33.4448288],[129.8531753,33.4561656],[129.8589575,33.4540831],[129.8525674,33.4686316],[129.8573602,33.4690657],[129.8500564,33.4751919],[129.8406442,33.4698131],[129.8317167,33.4750608],[129.8454992,33.4796181],[129.8346472,33.4894139],[129.8416237,33.491272],[129.8296375,33.5052094],[129.8364375,33.5137317],[129.82811,33.5182486],[129.8454235,33.5172455],[129.8507624,33.5066053],[129.8575188,33.5058952],[129.8575531,33.5128953],[129.8488281,33.5156167],[129.8488317,33.521955],[129.8398719,33.5223811],[129.8469708,33.5251944],[129.8569711,33.5193369],[129.8523808,33.5260456],[129.8564258,33.5332986],[129.8466003,33.5424556],[129.8513922,33.5536369],[129.8458464,33.5560358],[129.8494397,33.5566672],[129.8608028,33.5497712],[129.8595573,33.545141],[129.8564149,33.5466272],[129.8588533,33.5433986],[129.8693747,33.5371431],[129.8782945,33.5381624],[129.8806424,33.5282293],[129.8743281,33.5159742],[129.8787972,33.5226297],[129.8866452,33.5222191],[129.8820753,33.5237206],[129.8827669,33.5405634],[129.8945717,33.5378569],[129.8901205,33.5456654],[129.8950722,33.5510873],[129.9036981,33.5450624],[129.9092114,33.5493709],[129.9178611,33.5417646],[129.930229,33.5509926],[129.9299268,33.5364488],[129.9459407,33.528373],[129.9577001,33.5293392],[129.9565624,33.5182274],[129.969284,33.5113463],[129.9613005,33.5038367],[129.9533557,33.5035125],[129.944041,33.4933147],[129.9455358,33.4843957],[129.9373421,33.4800801],[129.9477115,33.4724411],[129.9501453,33.478467],[129.9558131,33.4687772],[129.9537224,33.4746309],[129.9609085,33.4730511],[129.9568392,33.4795551],[129.9661557,33.4824649],[129.9709569,33.4748291],[129.9599702,33.4687146],[129.9644076,33.463308],[129.9586174,33.4650352],[129.9607393,33.4606916],[129.9692578,33.4613942],[129.9618322,33.4583533],[129.9788234,33.4563743],[129.9989099,33.4467857],[130.0223955,33.4466615],[130.0411665,33.4559627],[130.0360435,33.4605293],[130.0390263,33.4700145]]}},{"type":"Feature","properties":{"areaCode1":"720","areaCode2":""},"geometry":{"type":"LineString","coordinates":[[129.7829718,33.4512683],[129.7861711,33.4481744],[129.7896803,33.451355],[129.7893612,33.4420125],[129.7973528,33.4435542],[129.8027547,33.4361175],[129.8145964,33.433075],[129.818945,33.4242614],[129.8316118,33.4220446],[129.8235775,33.4208875],[129.8235261,33.4120311],[129.8331519,33.4139767],[129.8378261,33.4077592],[129.8538071,33.4031537],[129.8614031,33.4059325],[129.8590072,33.4114675],[129.8628067,33.4123539],[129.8666747,33.4095122],[129.8638611,33.4061356],[129.8706496,33.4048218],[129.8665742,33.4041514],[129.8662858,33.3961972],[129.8718254,33.3936304],[129.8647819,33.3936565],[129.8709684,33.3882278],[129.8647426,33.3849919],[129.8688579,33.372779],[129.863016,33.3761606],[129.8584171,33.3678536],[129.8467941,33.3626018],[129.8509053,33.3543614],[129.8452359,33.3541763],[129.8505209,33.3480726],[129.8438728,33.3516587],[129.8422209,33.3469371],[129.848642,33.3366658],[129.8427009,33.3413112],[129.8356975,33.3344432],[129.8328423,33.3394233],[129.8275695,33.3371637],[129.8335307,33.3285099],[129.8410317,33.3323764],[129.8495974,33.3288336],[129.8428302,33.3251671],[129.8422359,33.3172144],[129.8360566,33.3229066],[129.8358124,33.3171777],[129.8393843,33.3174872],[129.8358802,33.311555],[129.8277683,33.3120249],[129.8312136,33.3041166],[129.8467283,33.3014905],[129.8537182,33.2935899],[129.8509422,33.2897856],[129.8440731,33.2931798],[129.8423794,33.286738],[129.8368172,33.2867186],[129.8213894,33.3105103],[129.8137011,33.3087283],[129.8204766,33.3160397],[129.8178702,33.3203821],[129.8178369,33.3149533],[129.8123502,33.3144007],[129.8106146,33.3201599],[129.8183051,33.3211591],[129.8076536,33.3228484],[129.8027478,33.3313135],[129.807185,33.3357722],[129.8087603,33.3300336],[129.8111386,33.3327277],[129.8041475,33.3383612],[129.7941994,33.3372505],[129.7997773,33.3343528],[129.7965115,33.3340949],[129.7908143,33.3403991]]}},{"type":"Feature","properties":{"areaCode1":"720","areaCode2":""},"geometry":{"type":"LineString","coordinates":[[129.8481367,33.5993467],[129.8597014,33.6128203],[129.8559361,33.6167383],[129.8646044,33.6175275],[129.8588767,33.6092886],[129.8632983,33.6086261],[129.8615003,33.5974869],[129.8683839,33.5963425],[129.8642744,33.5863522],[129.8583481,33.5869775],[129.8585958,33.5921778],[129.8481367,33.5993467]]}},{"type":"Feature","properties":{"areaCode1":"720","areaCode2":""},"geometry":{"type":"LineString","coordinates":[[129.8683399,33.5466268],[129.8764338,33.5497959],[129.8738781,33.5594845],[129.8808289,33.5675397],[129.8936885,33.5544685],[129.8812124,33.5442164],[129.8683399,33.5466268]]}},{"type":"Feature","properties":{"areaCode1":"720","areaCode2":"721"},"geometry":{"type":"LineString","coordinates":[[129.8973933,33.2236556],[129.9312014,33.2299244],[129.9506497,33.2570197],[129.9611356,33.2547933],[129.9805256,33.2745158],[130.0254172,33.2830314],[130.0368131,33.2780447],[130.0633178,33.2972153],[130.0777183,33.3021908],[130.0861139,33.3122281],[130.09778,33.3144403],[130.1167733,33.3269008],[130.1274669,33.3397578],[130.1429642,33.3390086],[130.1409189,33.3466828],[130.1461897,33.3554325],[130.1394317,33.3721972],[130.1410311,33.3805553],[130.1539303,33.3916925],[130.1563511,33.4092761],[130.1645117,33.4094156],[130.17053,33.4157883],[130.1564317,33.4197783],[130.1679431,33.4315942],[130.17006,33.4490581],[130.1644925,33.4552647],[130.1687864,33.4676458]]}},{"type":"Feature","properties":{"areaCode1":"720","areaCode2":"721"},"geometry":{"type":"LineString","coordinates":[[129.8973933,33.2236556],[129.9055908,33.2001292],[129.9126372,33.1970761],[129.9120022,33.1862678],[129.9182217,33.1825586],[129.9172511,33.1712392],[129.9285336,33.1737697],[129.9386153,33.165375]]}},{"type":"Feature","properties":{"areaCode1":"720","areaCode2":"730"},"geometry":{"type":"LineString","coordinates":[[129.7589675,33.2908511],[129.7682497,33.2857894],[129.7904919,33.2577322],[129.8144517,33.2422653],[129.8098931,33.2301958],[129.81308,33.2209428],[129.8068967,33.2111694],[129.8167406,33.1977358],[129.8172603,33.1844456],[129.8378006,33.1732547],[129.8527033,33.1768531],[129.8580222,33.1707906],[129.8853931,33.1619347],[129.8879142,33.1561747],[129.9386153,33.165375]]}},{"type":"Feature","properties":{"areaCode1":"720","areaCode2":"730"},"geometry":{"type":"LineString","coordinates":[[129.7589675,33.2908511],[129.7766167,33.3329944],[129.7908143,33.3403991]]}},{"type":"Feature","properties":{"areaCode1":"721","areaCode2":""},"geometry":{"type":"LineString","coordinates":[[130.1260586,33.1171846],[130.1276569,33.103579],[130.1319969,33.1042811],[130.1377067,33.0967794],[130.1291057,33.0918482],[130.1406589,33.0943758],[130.1458227,33.0866495],[130.1447183,33.0729922],[130.1589417,33.0608628],[130.1580836,33.0571942],[130.1708027,33.0519574],[130.1712118,33.0358263],[130.1822585,33.0305025],[130.1776764,33.0301856],[130.1827347,33.0247717],[130.1791858,33.0178967],[130.185263,33.0197007],[130.1812422,33.015107],[130.187885,33.0116731],[130.1899004,33.0003982],[130.1868369,32.9998739],[130.1937789,32.9953894],[130.1912033,32.9901547],[130.2050781,32.9909183],[130.2109461,32.9854547],[130.2092828,32.9790503],[130.2144873,32.9825141],[130.2247764,32.9721951],[130.2249213,32.9607756],[130.2219308,32.9632642],[130.2118713,32.955132],[130.2035864,32.9571204]]}},{"type":"Feature","properties":{"areaCode1":"721","areaCode2":""},"geometry":{"type":"LineString","coordinates":[[130.1260586,33.1171846],[130.1493557,33.1123908],[130.1688211,33.1297363],[130.1917272,33.1404196],[130.1900726,33.1460787],[130.2231054,33.1650642],[130.2324044,33.1837685],[130.2312064,33.1921419],[130.2473343,33.1919854],[130.2464297,33.2029012],[130.2591132,33.1971651],[130.2514127,33.1902321],[130.2599895,33.1799936],[130.2857318,33.161697],[130.2878146,33.1469186],[130.3557841,33.1403569]]}},{"type":"Feature","properties":{"areaCode1":"721","areaCode2":"730"},"geometry":{"type":"LineString","coordinates":[[129.9223567,33.0904933],[129.9266206,33.1076419],[129.9387325,33.1127214],[129.9513856,33.1099861],[129.9566647,33.1180428],[129.9562847,33.1286275],[129.9489133,33.1338758],[129.9415347,33.1575794],[129.9433572,33.1644444],[129.9386153,33.165375]]}},{"type":"Feature","properties":{"areaCode1":"721","areaCode2":"730"},"geometry":{"type":"LineString","coordinates":[[129.9223567,33.0904933],[129.9333347,33.088105],[129.9395928,33.0728864],[129.9828728,33.0571158],[129.9963861,33.0448469],[129.9934744,33.0390619],[130.0008339,33.0258719],[130.0149519,33.0174789],[130.0279692,33.0200231],[130.0280139,33.0124456],[130.0426331,33.0039161]]}},{"type":"Feature","properties":{"areaCode1":"721","areaCode2":"731"},"geometry":{"type":"LineString","coordinates":[[130.0426331,33.0039161],[130.0598653,32.9865856],[130.0760478,32.9875686],[130.0886822,32.9740317],[130.1313414,32.9682947],[130.1439106,32.9717103],[130.1500919,32.9625906],[130.2035864,32.9571204]]}},{"type":"Feature","properties":{"areaCode1":"730","areaCode2":""},"geometry":{"type":"LineString","coordinates":[[129.3485103,33.1822939],[129.3701875,33.1692944],[129.3936683,33.1733481],[129.4339942,33.1909264],[129.4473899,33.2069665],[129.4526328,33.2064089],[129.4533477,33.2142779],[129.4638097,33.2141028],[129.4878203,33.2511647],[129.5013506,33.2593783],[129.5047383,33.2694747],[129.4957072,33.2754614],[129.4974517,33.2780544],[129.4895314,33.2777497],[129.4854546,33.2840197],[129.4882594,33.2872089],[129.4767616,33.2879784],[129.4927481,33.2906817],[129.4949692,33.2825528],[129.5100114,33.2876547],[129.5122367,33.2902798],[129.5004636,33.3005806],[129.5273681,33.3029483],[129.5321044,33.3113819],[129.5159203,33.3236649],[129.5138463,33.3304461],[129.5203047,33.3298316],[129.520425,33.3260784],[129.5359622,33.3329918],[129.5443725,33.3306685],[129.5413806,33.3361631],[129.5461717,33.3399006],[129.5457929,33.3486977],[129.5701474,33.3571],[129.5584306,33.3659089],[129.5621921,33.3661145],[129.5584977,33.3707161],[129.5531133,33.3690612],[129.5629316,33.3819584],[129.5538935,33.3901433],[129.5634125,33.3903521],[129.555957,33.3964992],[129.5591531,33.4009706],[129.5550022,33.40933],[129.5427794,33.4087042],[129.5333572,33.4010206],[129.5268833,33.4014431],[129.5293342,33.4046961],[129.5241225,33.406725],[129.5178436,33.4000844],[129.5275417,33.3941267],[129.5178103,33.3912572],[129.5219411,33.3868833],[129.5422367,33.3904693],[129.5456055,33.3854613],[129.5499907,33.3880031],[129.552435,33.3812743],[129.5392635,33.3772505],[129.5414173,33.3724929],[129.5246814,33.3801528],[129.5318136,33.3690206],[129.5240628,33.35453],[129.5137176,33.3567954],[129.5189149,33.3667878],[129.5152752,33.3675142],[129.5193585,33.3673301],[129.5173008,33.3735072],[129.5220822,33.3757056],[129.51221,33.3817367],[129.5060922,33.3775092],[129.5080194,33.3734114],[129.5032378,33.3740592],[129.5064468,33.366504],[129.4986244,33.3554297],[129.4816133,33.3558703],[129.4760342,33.350656],[129.4671408,33.3539983],[129.4542936,33.3486933],[129.4416275,33.3521486],[129.4374706,33.3479828],[129.4424339,33.3422781],[129.4392436,33.3385011],[129.4429342,33.3250233],[129.4369222,33.3243525],[129.4376806,33.3175539],[129.4325275,33.3143858],[129.4361367,33.3075379],[129.4397898,33.3097909],[129.4364261,33.3044694],[129.4469144,33.2969876],[129.4471646,33.291798],[129.4240339,33.2906858],[129.4211241,33.2838223],[129.4260712,33.2843402],[129.4273156,33.2799467],[129.4138425,33.2761528],[129.4059453,33.27887],[129.4079114,33.2678658],[129.4036844,33.2653742],[129.4121931,33.2606897],[129.4056369,33.2546975],[129.4104786,33.2489531],[129.4276326,33.2470658],[129.4232214,33.2409311],[129.4348954,33.2359962],[129.4278351,33.232283],[129.4202922,33.2395611],[129.4239039,33.2259769],[129.4112428,33.2391831],[129.3982525,33.2398706],[129.3822725,33.2276311],[129.3804161,33.20799],[129.3930917,33.1969578],[129.4014397,33.199471],[129.4073879,33.1959582],[129.3999162,33.1800309],[129.3945194,33.1863086],[129.3731903,33.1844761],[129.3718737,33.1911124],[129.3651888,33.1873418],[129.3700381,33.1922674],[129.3627161,33.2032247],[129.3563928,33.2026906],[129.35667,33.2075428],[129.3515489,33.2021983],[129.3562275,33.1982692],[129.3532749,33.1899971],[129.3564318,33.1939883],[129.3589581,33.1920737],[129.3543121,33.1892734],[129.3584642,33.188935],[129.3485103,33.1822939]]}},{"type":"Feature","properties":{"areaCode1":"730","areaCode2":""},"geometry":{"type":"LineString","coordinates":[[129.39737,33.3606369],[129.4158119,33.3509247],[129.4350741,33.3548211],[129.4316519,33.3611664],[129.4359963,33.3582659],[129.4366294,33.363702],[129.4371364,33.3577956],[129.429972,33.3790453],[129.4373722,33.3938396],[129.4349632,33.4050169],[129.4283654,33.4093183],[129.4337003,33.42028],[129.4279343,33.422117],[129.4372542,33.4313014],[129.4329156,33.4348731],[129.4349122,33.4425633],[129.4205694,33.4321997],[129.4216389,33.4084914],[129.4125731,33.3984567],[129.4038036,33.3636531],[129.39737,33.3606369]]}},{"type":"Feature","properties":{"areaCode1":"730","areaCode2":""},"geometry":{"type":"LineString","coordinates":[[129.4966192,33.4719064],[129.5213367,33.4715392],[129.5132061,33.4806922],[129.5285039,33.4864528],[129.5273906,33.4812454],[129.5347519,33.4746956],[129.5430448,33.4760414],[129.5426847,33.4723567],[129.5534275,33.4692567],[129.5570242,33.4777822],[129.5566011,33.4739013],[129.5621936,33.4731294],[129.5756922,33.4814611],[129.5751744,33.4879647],[129.5835236,33.4957225],[129.5651639,33.5013142],[129.5671864,33.4916439],[129.5545126,33.4890004],[129.5566936,33.5105756],[129.5474031,33.5088108],[129.5295417,33.5010425],[129.4966192,33.4719064]]}},{"type":"Feature","properties":{"areaCode1":"730","areaCode2":""},"geometry":{"type":"LineString","coordinates":[[129.5036906,33.1403888],[129.5150307,33.140482],[129.5437166,33.1517621],[129.550876,33.1438157],[129.5499525,33.1363316],[129.5397567,33.1376818],[129.535633,33.1308415],[129.5036906,33.1403888]]}},{"type":"Feature","properties":{"areaCode1":"730","areaCode2":""},"geometry":{"type":"LineString","coordinates":[[129.50486,33.4277956],[129.5070778,33.4354222],[129.5242933,33.4426097],[129.5283533,33.4537147],[129.5450997,33.4418439],[129.5371633,33.4423301],[129.5331991,33.4390533],[129.5371539,33.4369058],[129.5134044,33.4310653],[129.5134581,33.4257608],[129.50486,33.4277956]]}},{"type":"Feature","properties":{"areaCode1":"730","areaCode2":""},"geometry":{"type":"LineString","coordinates":[[129.5522806,33.2212416],[129.5609059,33.218336],[129.554401,33.2240433],[129.5684698,33.2292782],[129.5666286,33.2452253],[129.5619946,33.2394922],[129.5561811,33.2452001],[129.5666902,33.2471314],[129.5632878,33.2575918],[129.567413,33.2570803],[129.5678788,33.2632409],[129.5758254,33.2624365],[129.5689415,33.2663704],[129.5703992,33.2709154],[129.5753549,33.2675117],[129.5718643,33.2739103],[129.5809792,33.2798497],[129.5759794,33.2737931],[129.5795812,33.2660803],[129.5923898,33.2769583],[129.587112,33.2774454],[129.5895857,33.2842269],[129.5848003,33.2852786],[129.5879788,33.290547],[129.5837019,33.288846],[129.583907,33.2919962],[129.5881862,33.2948485],[129.5910192,33.2910449],[129.6068377,33.3119128],[129.6154092,33.3077353],[129.6225886,33.3099057],[129.6096749,33.3133674],[129.6122169,33.3160624],[129.587358,33.3048503],[129.58384,33.3111637],[129.5752522,33.3087612],[129.5767206,33.3133849],[129.5621892,33.3245342],[129.5632509,33.3331143],[129.5760598,33.3323327],[129.5716027,33.3459738],[129.5740103,33.3634295],[129.5773249,33.3628234],[129.5684378,33.3707052],[129.56944,33.3777506],[129.5980183,33.3815726],[129.5909769,33.3752194],[129.5921614,33.3688225],[129.5968165,33.3744627],[129.6061673,33.3685004],[129.6184561,33.3764228],[129.6169319,33.3723078],[129.6254681,33.3616053],[129.6334296,33.3625508],[129.6317536,33.3712786],[129.6445123,33.3642257],[129.6464911,33.3718794],[129.6556419,33.3712642],[129.6574768,33.3775377],[129.665716,33.3817496],[129.6640638,33.3917613],[129.6724036,33.399487],[129.6772733,33.3905357],[129.6856781,33.3874068],[129.6805661,33.3828191],[129.6741107,33.3853233],[129.6740446,33.3686043],[129.6724899,33.3659898],[129.6699606,33.3702535],[129.6681916,33.3658772],[129.6777838,33.3530574],[129.6868843,33.3545643],[129.6868224,33.3614889],[129.6969882,33.3613082],[129.6933401,33.3511054],[129.6968146,33.3539583],[129.7031207,33.3471678],[129.7147794,33.3479004],[129.7258289,33.3508553],[129.7231276,33.3536891],[129.7301074,33.3561071],[129.7306655,33.3617048],[129.7344945,33.3586573],[129.7453713,33.3670457],[129.7551135,33.3657966],[129.7631378,33.3543],[129.7711122,33.3544608],[129.7759678,33.3716974],[129.7834158,33.3728366],[129.7915178,33.3689598],[129.7908143,33.3403991]]}},{"type":"Feature","properties":{"areaCode1":"730","areaCode2":""},"geometry":{"type":"LineString","coordinates":[[129.5522806,33.2212416],[129.5587012,33.2141416],[129.5664872,33.2218034],[129.5659674,33.2180229],[129.5726123,33.2157679],[129.5711965,33.2191413],[129.576005,33.2135598],[129.5859813,33.2180827],[129.5816943,33.2129349],[129.5949137,33.2127635],[129.5957853,33.2087108],[129.6028889,33.2132336],[129.6045036,33.2218851],[129.6146745,33.2243213],[129.6059089,33.220732],[129.6086433,33.2166864],[129.6006215,33.2071349],[129.6045251,33.203474],[129.6117747,33.2076261],[129.6158553,33.2035657],[129.6218026,33.2166129],[129.6201874,33.2059482],[129.6244897,33.2043789],[129.6202552,33.2045815],[129.6219845,33.1998423],[129.6177274,33.1960494],[129.6272348,33.1873397],[129.6268812,33.1913154],[129.6388118,33.1992278],[129.6354513,33.2236598],[129.6396069,33.2231857],[129.6443765,33.2072785],[129.6502787,33.2065655],[129.6438613,33.1976395],[129.6568209,33.1928633],[129.650797,33.1915761],[129.6512187,33.1859143],[129.6564482,33.1841862],[129.6496816,33.1836512],[129.6519677,33.1807309],[129.6475974,33.177118],[129.6473322,33.1817808],[129.643154,33.1812131],[129.6443553,33.1737108],[129.6398829,33.175743],[129.635341,33.1670164],[129.6421954,33.1666241],[129.6394773,33.1696164],[129.6503916,33.1740706],[129.6488361,33.1691709],[129.6624377,33.171422],[129.6589298,33.1671435],[129.6674283,33.1660132],[129.6674341,33.1614454],[129.6707181,33.1688868],[129.6759836,33.1616715],[129.6769499,33.1658109],[129.6815363,33.1627427],[129.6770779,33.1550751],[129.6819887,33.1457355],[129.6909764,33.1403726],[129.6982557,33.1418982],[129.6985532,33.1368503],[129.6891744,33.1342878],[129.6834191,33.1395203],[129.6825368,33.1331445],[129.6863308,33.1329075],[129.6787433,33.1326571],[129.6811812,33.1260729],[129.6759257,33.1299365],[129.6648618,33.1235018],[129.6608099,33.1289974],[129.6636719,33.1302315],[129.6572791,33.1332069],[129.666391,33.1012572],[129.6726733,33.1066484],[129.6747489,33.1124705],[129.670671,33.1184093],[129.6741136,33.1199862],[129.6782339,33.113703],[129.7117202,33.1160513],[129.6994877,33.1245997],[129.7081192,33.1230627],[129.7107299,33.1266492],[129.7095636,33.1389743],[129.7020068,33.1426379],[129.7069155,33.1478888],[129.6990376,33.1596846],[129.7013453,33.1631474],[129.7053089,33.158968],[129.7083824,33.1601208],[129.7041267,33.1636294],[129.7099302,33.1653856],[129.7144139,33.1588688],[129.712896,33.1651542],[129.7169002,33.1666091],[129.7161428,33.1618025],[129.7232753,33.1608158],[129.7237567,33.1642206],[129.723286,33.1577123],[129.728849,33.1589902],[129.7288321,33.1553185],[129.7210006,33.1540835],[129.7222554,33.1460912],[129.727498,33.1504101],[129.7287382,33.1459319],[129.7204908,33.1424876],[129.7196857,33.1364816],[129.7266576,33.1362217],[129.725003,33.1280158],[129.7314183,33.1241065],[129.7353338,33.1264364],[129.7306021,33.1364006],[129.7360077,33.1404005],[129.7416169,33.1318654],[129.7545254,33.1473304],[129.7548001,33.1413093],[129.7601199,33.1401745],[129.7669918,33.1471876],[129.7713539,33.1432099],[129.7835374,33.1446931],[129.7979255,33.1328479],[129.7935052,33.1253359],[129.7960701,33.1111638],[129.7879288,33.1028978],[129.7962854,33.0918555],[129.7942704,33.0823558],[129.7993357,33.0769433],[129.807098,33.0774688],[129.8004636,33.0751217],[129.8007567,33.0713061],[129.8069328,33.0724895],[129.7977669,33.0698466],[129.7981104,33.0662263],[129.8114132,33.0682865],[129.8195475,33.0609681],[129.8162845,33.0655251],[129.8233337,33.0677906],[129.8376644,33.0591789],[129.8209211,33.0552738],[129.8265396,33.0530756],[129.8209213,33.0376418],[129.8319672,33.0392683],[129.8329057,33.0494279],[129.8365409,33.0483229],[129.8394359,33.056401],[129.8446078,33.0478247],[129.8545799,33.0624103],[129.8640717,33.0596434],[129.8749288,33.0654154],[129.8928989,33.0567694],[129.9042867,33.0393672],[129.9239616,33.0332206],[129.9451789,33.0158442],[129.9442854,32.9995215],[129.9492209,32.9906646]]}},{"type":"Feature","properties":{"areaCode1":"730","areaCode2":""},"geometry":{"type":"LineString","coordinates":[[129.5775891,33.1865094],[129.5905618,33.1710725],[129.5835811,33.1679777],[129.5814866,33.1607915],[129.5913957,33.1633127],[129.5935538,33.1761708],[129.5856258,33.1818797],[129.5887001,33.1908273],[129.5928569,33.1872251],[129.5906823,33.1835945],[129.5948794,33.1846183],[129.5937782,33.1925599],[129.5816475,33.1927033],[129.579208,33.1893636],[129.5838051,33.1856468],[129.5775891,33.1865094]]}},{"type":"Feature","properties":{"areaCode1":"730","areaCode2":""},"geometry":{"type":"LineString","coordinates":[[129.7186028,33.4150392],[129.7264,33.4143509],[129.7324508,33.4059183],[129.7447069,33.4068036],[129.7513217,33.415435],[129.7472514,33.4212917],[129.7554117,33.4202997],[129.7581311,33.41539],[129.7568974,33.4282903],[129.7615353,33.4251869],[129.7634369,33.4336142],[129.7902656,33.42481],[129.7888672,33.4299789],[129.7932433,33.4302383],[129.7788039,33.4342514],[129.7689218,33.443252],[129.7700811,33.4515289],[129.7742594,33.4525706],[129.7679398,33.456301],[129.77108,33.4613636],[129.7533272,33.4703539],[129.7506253,33.4636742],[129.7559289,33.4616506],[129.7511228,33.4600556],[129.7547798,33.4576488],[129.7517493,33.4542123],[129.759596,33.4548676],[129.7518678,33.4535089],[129.7499664,33.4437936],[129.7391981,33.4377408],[129.7452751,33.42993],[129.7238864,33.4227286],[129.7186028,33.4150392]]}},{"type":"Feature","properties":{"areaCode1":"730","areaCode2":""},"geometry":{"type":"LineString","coordinates":[[129.7288219,33.1001198],[129.73948,33.0786961],[129.7442881,33.0779],[129.7459378,33.0826649],[129.7493059,33.0775383],[129.7394651,33.0716023],[129.7451804,33.0678777],[129.7420345,33.0617516],[129.7566592,33.0642421],[129.7584766,33.0566074],[129.7546125,33.0558079],[129.767591,33.0500897],[129.7647392,33.0586055],[129.7813259,33.0619966],[129.7781463,33.0664161],[129.7710536,33.0658531],[129.7718252,33.0733415],[129.768156,33.0707575],[129.7578415,33.0804128],[129.7582819,33.0885501],[129.7693939,33.1007357],[129.7701225,33.0898173],[129.7618716,33.0812206],[129.7667392,33.08327],[129.7658783,33.0767492],[129.7723667,33.0814624],[129.7719832,33.0776372],[129.7784796,33.0757351],[129.7870416,33.0790776],[129.786153,33.083237],[129.7930847,33.0817046],[129.7951386,33.091248],[129.7864973,33.1041026],[129.7946054,33.1126812],[129.7950186,33.1358827],[129.7656776,33.1432951],[129.7578496,33.1313197],[129.7737429,33.1260981],[129.7576078,33.1276161],[129.7618369,33.1223895],[129.7573155,33.1201103],[129.7606721,33.1137436],[129.7546936,33.1140043],[129.7508735,33.1247422],[129.7436424,33.1214992],[129.7429493,33.1147552],[129.7541983,33.1000418],[129.7312165,33.103418],[129.7288219,33.1001198]]}},{"type":"Feature","properties":{"areaCode1":"730","areaCode2":""},"geometry":{"type":"LineString","coordinates":[[129.7959073,33.4126328],[129.8135442,33.3997711],[129.8074986,33.3929558],[129.8138242,33.3833283],[129.8079147,33.3820375],[129.8093583,33.3719642],[129.8145764,33.3666097],[129.8091972,33.3685092],[129.8035557,33.3624019],[129.8100497,33.3562097],[129.8076192,33.3505556],[129.8124314,33.3482851],[129.8199178,33.3556305],[129.8231938,33.3612707],[129.8185858,33.3656686],[129.8243612,33.361181],[129.8283705,33.3657939],[129.8361953,33.362405],[129.8425078,33.3662778],[129.8368223,33.3712802],[129.8471889,33.3673658],[129.8586917,33.3755482],[129.8558172,33.38466],[129.84017,33.3871511],[129.8397,33.3791975],[129.8339051,33.3838284],[129.8286939,33.3906192],[129.8336494,33.3998844],[129.8300956,33.4068589],[129.7959073,33.4126328]]}},{"type":"Feature","properties":{"areaCode1":"730","areaCode2":"731"},"geometry":{"type":"LineString","coordinates":[[129.9492209,32.9906646],[129.9582209,32.9921988],[129.9663288,32.9831043],[129.9866794,32.9872267],[129.9986897,32.9960816],[130.0118289,32.9970219],[130.0151861,32.9907508],[130.0426331,33.0039161]]}},{"type":"Feature","properties":{"areaCode1":"731","areaCode2":""},"geometry":{"type":"LineString","coordinates":[[129.2217494,33.0008956],[129.2471969,33.0232947],[129.2500667,33.0131528],[129.2610806,33.0205889],[129.2529625,33.0072953],[129.2551161,33.0000844],[129.24653,32.9980092],[129.2456608,32.9932339],[129.2338556,32.9887456],[129.2402861,32.9957483],[129.234925,32.9973381],[129.2394977,32.999551],[129.2217494,33.0008956]]}},{"type":"Feature","properties":{"areaCode1":"731","areaCode2":""},"geometry":{"type":"LineString","coordinates":[[129.3404047,33.0076097],[129.3458353,32.9975692],[129.3624397,33.0042781],[129.3547692,33.0112122],[129.3527492,33.0212025],[129.34221,33.0156719],[129.3442097,33.0105525],[129.3404047,33.0076097]]}},{"type":"Feature","properties":{"areaCode1":"731","areaCode2":""},"geometry":{"type":"LineString","coordinates":[[129.5547415,33.0006466],[129.5835967,33.0128761],[129.5901261,33.0229275],[129.5838978,33.0292808],[129.5811147,33.0253742],[129.56152,33.0303856],[129.5640614,33.0177633],[129.5660179,33.0239288],[129.567819,33.0199327],[129.5736444,33.0240044],[129.5756915,33.0205614],[129.571291,33.0219266],[129.5663022,33.0110661],[129.5602944,33.0117422],[129.5652012,33.0077896],[129.5568147,33.0086358],[129.5547415,33.0006466]]}},{"type":"Feature","properties":{"areaCode1":"731","areaCode2":""},"geometry":{"type":"LineString","coordinates":[[129.5863166,33.0297949],[129.5989436,33.0234236],[129.6024292,33.0287511],[129.6093869,33.0221272],[129.6128389,33.0341122],[129.6204722,33.0306172],[129.6291092,33.0397725],[129.6235526,33.0426897],[129.6346489,33.0508278],[129.6275842,33.0579231],[129.6384689,33.0602139],[129.6294972,33.0639511],[129.6155214,33.0603372],[129.6077808,33.0651911],[129.6044828,33.0591308],[129.6101092,33.0539614],[129.603285,33.0571014],[129.6005506,33.0474458],[129.5989567,33.0525069],[129.5917983,33.0466103],[129.5863166,33.0297949]]}},{"type":"Feature","properties":{"areaCode1":"731","areaCode2":""},"geometry":{"type":"LineString","coordinates":[[129.59225,32.9360072],[129.5991086,32.922725],[129.6108311,32.9161125],[129.625585,32.9265028],[129.6233853,32.9380308],[129.6105717,32.943055],[129.6117214,32.9398808],[129.6021819,32.9398256],[129.59821,32.9465608],[129.6027778,32.9502619],[129.5936736,32.9437647],[129.59225,32.9360072]]}},{"type":"Feature","properties":{"areaCode1":"731","areaCode2":""},"geometry":{"type":"LineString","coordinates":[[129.6248419,32.9523217],[129.6385917,32.9475981],[129.6402254,32.9349195],[129.6356175,32.9390239],[129.6379572,32.9301561],[129.6331044,32.9286453],[129.6400161,32.9254886],[129.6387508,32.9182278],[129.642168,32.93282],[129.6521941,32.9310404],[129.6551225,32.9207653],[129.6625467,32.9163622],[129.6597997,32.9103589],[129.6799643,32.8796261],[129.6749304,32.8814558],[129.6797219,32.8781851],[129.6772818,32.8669023],[129.6915493,32.8443555],[129.7017123,32.8401515],[129.7016577,32.8310821],[129.7179503,32.8338805],[129.7192791,32.8221322],[129.7298453,32.8175429],[129.7375071,32.8056881],[129.7459469,32.8221251],[129.7572315,32.8212182],[129.7582377,32.8155064],[129.7560586,32.8188875],[129.7624467,32.8234514],[129.7662134,32.8217448],[129.7610527,32.8176543],[129.7686357,32.8150263],[129.7698172,32.820743],[129.7771085,32.8189757],[129.7700874,32.8144282],[129.773072,32.8130261],[129.7657364,32.8001228],[129.7766287,32.7981435],[129.7823376,32.788363],[129.7910091,32.7863726],[129.7904935,32.779151],[129.8025125,32.7760649],[129.8005698,32.7687857],[129.7917492,32.7657776],[129.7965649,32.7650434],[129.7970353,32.7600726],[129.8029986,32.7617294],[129.8074594,32.7535691],[129.8073067,32.7607114],[129.8144941,32.7590113],[129.8045578,32.7440642],[129.8162464,32.7380079],[129.8240595,32.7472111],[129.8297561,32.7439659],[129.8259566,32.739967],[129.8319522,32.7335225],[129.8154443,32.7181702],[129.8277023,32.7162976],[129.8296559,32.7231057],[129.8355591,32.72464],[129.8360766,32.7203443],[129.8399241,32.7272922],[129.845582,32.7201349],[129.85217,32.7288719],[129.8494744,32.7311496],[129.8566075,32.7314192],[129.8593636,32.7452026],[129.8706864,32.7487044],[129.867477,32.7473614],[129.8699634,32.7374116],[129.8576245,32.7266127],[129.8610139,32.72181],[129.8518248,32.7207982],[129.849718,32.7049359],[129.8428938,32.7056688],[129.8474771,32.6991424],[129.8333121,32.6974431],[129.8372271,32.6888042],[129.8293534,32.6896632],[129.8289296,32.6859773],[129.8199619,32.6950157],[129.8258998,32.6956614],[129.8300886,32.7083291],[129.8177124,32.7062914],[129.8171681,32.6981464],[129.8053564,32.6908809],[129.7923003,32.6949277],[129.7909095,32.687973],[129.7940707,32.6897285],[129.8033034,32.6780256],[129.8130834,32.6835294],[129.8112331,32.6876654],[129.8203443,32.6852114],[129.8170261,32.654665],[129.8097786,32.6558789],[129.802516,32.6483252],[129.8022991,32.6413813],[129.7901113,32.6262902],[129.7906182,32.6147617],[129.7793509,32.6109636],[129.7802556,32.603864],[129.7671221,32.5948581],[129.7535604,32.5924293],[129.758073,32.5881942],[129.7527794,32.581408],[129.7555208,32.5897888],[129.7503709,32.5925266],[129.7357902,32.5810689],[129.7389091,32.5693404],[129.7642407,32.5831227],[129.7735139,32.5809595],[129.7813551,32.5715606],[129.7845047,32.5770026],[129.7796616,32.5776466],[129.7798863,32.5829708],[129.7855629,32.5798606],[129.7849076,32.5830044],[129.8045096,32.5906994],[129.8376624,32.6207514],[129.8349778,32.6324394],[129.8407904,32.6378691],[129.8386462,32.641255],[129.8464627,32.6376027],[129.8628755,32.6452832],[129.871836,32.6443461],[129.8724712,32.6510041],[129.8836913,32.6524267],[129.8957894,32.6618954],[129.901518,32.6794061],[129.9144121,32.6933445],[129.9131081,32.7125536],[129.9257555,32.7078343],[129.9292447,32.7229451],[129.9341341,32.7174706],[129.9430784,32.7260165],[129.9406307,32.7318587],[129.9565526,32.7415072],[129.9469426,32.7552815],[129.9552551,32.7641455],[129.9805379,32.7635261],[129.9913552,32.7535358],[129.9989911,32.7620419],[130.0049646,32.7578311],[130.0241625,32.7583856],[130.0317532,32.7639619],[130.027703,32.7646419],[130.0394397,32.7661182],[130.0677813,32.787754],[130.0856326,32.7908845],[130.0835665,32.7945976],[130.1266994,32.7876492],[130.1441062,32.7960289]]}},{"type":"Feature","properties":{"areaCode1":"731","areaCode2":""},"geometry":{"type":"LineString","coordinates":[[129.6248419,32.9523217],[129.6352161,32.9510536],[129.6265725,32.9575393],[129.6328361,32.9637261],[129.6276092,32.96783],[129.6268464,32.9780725],[129.6330414,32.9873064],[129.643085,32.9950736],[129.6463696,32.9867842],[129.6519708,32.9867144],[129.6512447,32.9989856],[129.6617981,33.0003778],[129.6534119,33.0058461],[129.6558878,33.0084394],[129.6483425,33.0176625],[129.6470067,33.0377714],[129.6501375,33.0417011],[129.659925,33.0394914],[129.6621325,33.0609753],[129.6783833,33.0624319],[129.6719875,33.0693361],[129.6598975,33.0698872],[129.6725794,33.07169],[129.6758411,33.0747822],[129.6725558,33.0778147],[129.6779219,33.0773078],[129.66161,33.0770358],[129.6785369,33.0859611],[129.6731322,33.0934586],[129.6817948,33.0993292],[129.6961842,33.087895],[129.7006506,33.0909444],[129.7064636,33.0784803],[129.7086067,33.0879058],[129.7189947,33.0818064],[129.7216842,33.0780292],[129.7138657,33.0711099],[129.7297591,33.0753514],[129.7337533,33.0674168],[129.7303353,33.0662081],[129.7372797,33.0640322],[129.724297,33.0529985],[129.7308767,33.0510069],[129.7270789,33.0466283],[129.7360894,33.0462461],[129.7373672,33.0539467],[129.7416667,33.0487434],[129.7400031,33.0578253],[129.7496703,33.0602667],[129.7500453,33.0538622],[129.7622219,33.0489694],[129.7520128,33.0386019],[129.7468611,33.0411275],[129.7376215,33.0164188],[129.7329392,33.0166161],[129.7365853,33.0123828],[129.7316014,33.0056125],[129.741013,33.0025939],[129.7322669,33.0018531],[129.7407672,32.9924158],[129.7387289,32.9886106],[129.7450431,32.9873558],[129.7432406,32.9929514],[129.7522367,33.0006294],[129.7598903,32.9934758],[129.7557325,32.9996597],[129.7638837,32.9995825],[129.7627044,33.0055339],[129.75198,33.0038033],[129.7641292,33.0218933],[129.7706525,33.0131069],[129.7793094,33.0133925],[129.7864906,33.0053132],[129.7906836,33.0096158],[129.8006119,33.0083758],[129.8113092,32.9996174],[129.8103406,32.9933022],[129.8152382,32.9950051],[129.8106502,32.9924319],[129.8153624,32.9871226],[129.8114725,32.9837981],[129.8227342,32.9817792],[129.8247078,32.9708629],[129.8170101,32.9738805],[129.818418,32.9686227],[129.811227,32.9696026],[129.8068311,32.961213],[129.8158175,32.9565334],[129.8148467,32.9481749],[129.8185683,32.9471314],[129.8150179,32.9454954],[129.8168858,32.9368269],[129.8124264,32.9396846],[129.8174511,32.9333186],[129.8130904,32.932611],[129.8164981,32.9260529],[129.8131267,32.9199155],[129.8070981,32.9164628],[129.7980639,32.922546],[129.8029141,32.9348933],[129.8006843,32.9395346],[129.7941633,32.9329329],[129.7984996,32.9545084],[129.7863239,32.9486603],[129.7833686,32.9413348],[129.7890991,32.9207596],[129.7849018,32.9183106],[129.7938146,32.9148143],[129.7852534,32.9142965],[129.7835129,32.9079716],[129.7899422,32.8994925],[129.7887005,32.9054764],[129.7955142,32.9021227],[129.7925465,32.9084028],[129.7949541,32.9052378],[129.7977237,32.9101051],[129.8069171,32.9087068],[129.8046657,32.8943516],[129.8109929,32.8948111],[129.8032034,32.8801023],[129.7944687,32.8829945],[129.7964294,32.8892811],[129.7905628,32.8851515],[129.788582,32.867116],[129.7950327,32.8735585],[129.7998458,32.8637204],[129.8172507,32.8633383],[129.8257842,32.856089],[129.8233122,32.8535801],[129.844926,32.8438292],[129.8406419,32.8413011],[129.8479737,32.831789],[129.8490399,32.8416972],[129.8546367,32.8448156],[129.8480483,32.8537061],[129.850655,32.8589905],[129.8588913,32.8546935],[129.8574481,32.847111],[129.8690104,32.8444193],[129.8673603,32.850743],[129.8721701,32.8518689],[129.8730254,32.858536],[129.8701096,32.8608392],[129.881212,32.8648334],[129.8808202,32.8822187],[129.8922686,32.8682798],[129.8980119,32.8799924],[129.9126973,32.8660001],[129.9304314,32.8665177],[129.927282,32.8599004],[129.9333011,32.8572566],[129.9517177,32.8631939],[129.9582994,32.8546062],[129.9574643,32.846872],[129.9751251,32.849197],[129.9797422,32.843954],[129.9762032,32.8375905],[129.9838969,32.8407106],[129.9855749,32.835352],[129.9864216,32.8416222],[130.004954,32.840474],[130.0007442,32.8475395],[129.9937613,32.8490926],[129.9910105,32.8585266],[129.9626948,32.8759748],[129.9644259,32.8844749],[129.9724613,32.8858912],[129.97122,32.8903755],[129.9558063,32.8897006],[129.9575529,32.8956065],[129.9485696,32.8960543],[129.9564635,32.9053776],[129.9476784,32.9068467],[129.9519855,32.9080658],[129.9447379,32.9091505],[129.9464487,32.9118086],[129.9307016,32.9237179],[129.9271203,32.9362875],[129.9274108,32.947781],[129.9311167,32.9491274],[129.9273488,32.9486331],[129.9310886,32.9501613],[129.9321976,32.9654948],[129.9283272,32.9686926],[129.9317336,32.9721884],[129.9367838,32.9690366],[129.9357896,32.9756418],[129.9421007,32.9742887],[129.9440792,32.983376],[129.9507992,32.9863503],[129.9492209,32.9906646]]}},{"type":"Feature","properties":{"areaCode1":"731","areaCode2":""},"geometry":{"type":"LineString","coordinates":[[129.7730013,32.5536708],[129.7758067,32.5491744],[129.7913187,32.5570033],[129.7891278,32.5691278],[129.7865043,32.5707822],[129.7861064,32.5652724],[129.7789658,32.5696319],[129.7730013,32.5536708]]}},{"type":"Feature","properties":{"areaCode1":"731","areaCode2":""},"geometry":{"type":"LineString","coordinates":[[129.9001311,32.9282133],[129.9163564,32.9043525],[129.9267988,32.9074737],[129.9173858,32.920992],[129.9001311,32.9282133]]}},{"type":"Feature","properties":{"areaCode1":"731","areaCode2":""},"geometry":{"type":"LineString","coordinates":[[130.1529669,32.899126],[130.1742405,32.8700273]]}},{"type":"Feature","properties":{"areaCode1":"731","areaCode2":""},"geometry":{"type":"LineString","coordinates":[[130.1529669,32.899126],[130.1585653,32.9080101],[130.1644843,32.9069328],[130.1670169,32.9150812],[130.1860879,32.9133988],[130.1859902,32.9224229],[130.1938769,32.9272001],[130.1917747,32.9295151],[130.2018345,32.9290615],[130.1997201,32.9383282],[130.2044784,32.9428822],[130.1995034,32.9425238],[130.2035864,32.9571204]]}},{"type":"Feature","properties":{"areaCode1":"731","areaCode2":"732"},"geometry":{"type":"LineString","coordinates":[[130.1356783,32.8079364],[130.1459533,32.8097231],[130.1564467,32.8255453],[130.1582572,32.8415333],[130.1482325,32.8453189],[130.1742405,32.8700273]]}},{"type":"Feature","properties":{"areaCode1":"731","areaCode2":"732"},"geometry":{"type":"LineString","coordinates":[[130.1356783,32.8079364],[130.1441062,32.7960289]]}},{"type":"Feature","properties":{"areaCode1":"732","areaCode2":""},"geometry":{"type":"LineString","coordinates":[[130.1257606,32.6875531],[130.13296,32.6813183],[130.1423509,32.6814487],[130.1422719,32.6778911],[130.1584217,32.6854278],[130.1598681,32.693985],[130.1713258,32.692215],[130.1670734,32.6967886],[130.2020186,32.7204476],[130.2099938,32.7387594],[130.2057914,32.7555219],[130.1999289,32.7576587],[130.196866,32.7535749],[130.1930997,32.7605264],[130.1840224,32.763413],[130.189653,32.7669844],[130.1857601,32.7750385],[130.1932895,32.7802268],[130.1894226,32.7868779],[130.1790601,32.7945583],[130.1441062,32.7960289]]}},{"type":"Feature","properties":{"areaCode1":"732","areaCode2":""},"geometry":{"type":"LineString","coordinates":[[130.1257606,32.6875531],[130.1331267,32.6786803],[130.1272811,32.6511389],[130.129532,32.6407816],[130.1487717,32.6334171],[130.153936,32.6236701],[130.161623,32.627087],[130.1686199,32.6211768],[130.1751316,32.6073033],[130.1654071,32.597709],[130.1673661,32.5907341],[130.1811188,32.5927435],[130.1892735,32.6007259],[130.1978992,32.6015897],[130.1878247,32.6059256],[130.187082,32.6116857],[130.2006001,32.609183],[130.203759,32.6042471],[130.2192153,32.6056261],[130.2322964,32.611385],[130.2396422,32.6275491],[130.2552821,32.6286779],[130.2594906,32.6343158],[130.255077,32.6395159],[130.2587397,32.6375395],[130.2659969,32.6479567],[130.2595877,32.6530956],[130.3004965,32.651345],[130.3134564,32.6541167],[130.3217806,32.6650921],[130.3348243,32.6652068],[130.3341305,32.6702659],[130.3432718,32.6684893],[130.3402032,32.6715345],[130.3473246,32.6731911],[130.3540888,32.6877018],[130.3595038,32.6888469],[130.3456212,32.7085921],[130.3517837,32.7149314],[130.3535361,32.7120421],[130.3765464,32.7399798],[130.3756777,32.7587258],[130.3705883,32.7642345],[130.374612,32.7651237],[130.3757575,32.7791163],[130.3819284,32.7798473],[130.3714333,32.788136],[130.3800153,32.7845092],[130.3659261,32.8035949],[130.3645622,32.8159776],[130.3573694,32.8163009],[130.3410957,32.8551352],[130.3310363,32.8638678],[130.3080308,32.8725929],[130.3116226,32.8776094],[130.2971905,32.881371],[130.2611214,32.8715217],[130.2452772,32.8741874],[130.248821,32.8770237],[130.22466,32.8603383],[130.1952363,32.8481212],[130.1742405,32.8700273]]}},{"type":"Feature","properties":{"areaCode1":"735","areaCode2":""},"geometry":{"type":"LineString","coordinates":[[129.1667008,34.103881],[129.171708,34.1177887],[129.1676073,34.1418926],[129.1760473,34.1485546],[129.172719,34.1653007],[129.178538,34.1683338],[129.1763154,34.1761079],[129.1816962,34.1869695],[129.1781947,34.1887551],[129.1796353,34.2195169],[129.1820026,34.2275844],[129.1914298,34.2343123],[129.1852794,34.2492643],[129.1992552,34.2700257],[129.1997851,34.2738644],[129.1938253,34.2742284],[129.1979396,34.282342],[129.1959939,34.3124228],[129.2009649,34.3141676],[129.1980902,34.3185138],[129.2044965,34.3312234],[129.2150536,34.3264544],[129.2212309,34.3314349],[129.2278004,34.3241938],[129.2222825,34.2901611],[129.2278291,34.2976964],[129.2319026,34.2920406],[129.23781,34.3005601],[129.2445628,34.2980004],[129.2558602,34.3115416],[129.2564952,34.3065687],[129.2615559,34.306766],[129.2522581,34.3035024],[129.2516857,34.298835],[129.2600684,34.3005046],[129.2566506,34.2921162],[129.2629535,34.2912104],[129.266376,34.3050338],[129.2798781,34.3060538],[129.2786336,34.2973994],[129.2853897,34.2949724],[129.2819298,34.2845903],[129.2910551,34.2785381],[129.28435,34.2899162],[129.2933417,34.2908341],[129.2833599,34.298288],[129.2843887,34.3045066],[129.289434,34.3043973],[129.2767465,34.3093473],[129.2808066,34.3134397],[129.2734038,34.3106839],[129.2707272,34.3164205],[129.2745669,34.3175557],[129.265489,34.3211606],[129.2667463,34.3282736],[129.267494,34.3214182],[129.2760567,34.3208845],[129.2783124,34.3266805],[129.2803335,34.3159409],[129.288479,34.3201972],[129.2866189,34.3136023],[129.2946408,34.3202067],[129.290735,34.3141527],[129.2926721,34.3087454],[129.2987239,34.3098014],[129.2964093,34.3004656],[129.3013964,34.3028476],[129.3013665,34.3097004],[129.3030846,34.30634],[129.3100604,34.3082287],[129.2998358,34.2965692],[129.3055392,34.2957839],[129.3016567,34.2953396],[129.2982184,34.2820898],[129.3050724,34.2768872],[129.3084356,34.2892227],[129.3182589,34.2758692],[129.3115779,34.2838937],[129.3176211,34.2843432],[129.3145132,34.2860113],[129.3188038,34.2898427],[129.3138329,34.2875703],[129.3177971,34.2913399],[129.3133085,34.2906664],[129.3206504,34.294348],[129.3149497,34.2989074],[129.3229842,34.2931884],[129.3344399,34.2980353],[129.3343825,34.2891118],[129.341557,34.2932835],[129.3384934,34.2994015],[129.3456404,34.2951186],[129.3430593,34.2913077],[129.3478328,34.297557],[129.350494,34.2896467],[129.3458226,34.2860441],[129.3535964,34.2766146],[129.3416036,34.2776445],[129.3349485,34.2713341],[129.3291402,34.2761763],[129.3243403,34.2673542],[129.3268144,34.2627234],[129.3165327,34.2611929],[129.3240224,34.2561178],[129.3165964,34.2499327],[129.3153763,34.2426218],[129.3233663,34.2349867],[129.3175848,34.2323209],[129.3236387,34.2316992],[129.3258371,34.2261426],[129.3184164,34.2269925],[129.3050108,34.2150264],[129.304708,34.2216131],[129.2979685,34.222031],[129.2959604,34.2150745],[129.3044694,34.2107432],[129.2983601,34.2022181],[129.2992778,34.1946138],[129.2888618,34.1999669],[129.2828506,34.1879635],[129.2920308,34.1916938],[129.2975142,34.1855154],[129.2963562,34.1795988],[129.2886101,34.1760032],[129.2971099,34.1728382],[129.2954457,34.1607211],[129.2829949,34.1647486],[129.2845653,34.1576235],[129.2804957,34.1539134],[129.2852428,34.1449665],[129.2739914,34.1465492],[129.2824049,34.1307191],[129.2765122,34.1332498],[129.2740879,34.1274875],[129.2542744,34.1264281],[129.2621424,34.1226875],[129.2624135,34.1166936],[129.2545884,34.1096494],[129.2467283,34.1122633],[129.2398978,34.1016324],[129.2358192,34.1126713],[129.2312457,34.1134579],[129.2297856,34.0948676],[129.2193982,34.0963057],[129.2205092,34.0882159],[129.2146089,34.083951],[129.217643,34.1003747],[129.2118101,34.104832],[129.2141698,34.1130766],[129.2109516,34.1060447],[129.2058646,34.1075394],[129.2029218,34.1033655],[129.1970599,34.1057576],[129.1965233,34.1128935],[129.1838551,34.1186641],[129.1846674,34.1133038],[129.1770854,34.113257],[129.1736563,34.1060014],[129.1667008,34.103881]]}},{"type":"Feature","properties":{"areaCode1":"735","areaCode2":""},"geometry":{"type":"LineString","coordinates":[[129.227341,34.3623949],[129.2437749,34.3692889],[129.2416862,34.3648601],[129.2511275,34.354814],[129.2565771,34.3613203],[129.2517212,34.3631259],[129.2530412,34.3671209],[129.2634273,34.3665526],[129.2708136,34.3747869],[129.2765407,34.3731325],[129.2753319,34.3869757],[129.2741544,34.3822885],[129.2681778,34.3856827],[129.2745659,34.4044011],[129.272004,34.4157577],[129.2852536,34.4152386],[129.2753661,34.4175142],[129.2707444,34.4247133],[129.2809876,34.4278234],[129.2738876,34.4304849],[129.2805342,34.4321335],[129.2727786,34.4340654],[129.2741276,34.4411125],[129.2857278,34.443589],[129.2908705,34.4395216],[129.2896201,34.4340218],[129.2945865,34.4329176],[129.2922239,34.444919],[129.3014389,34.4480325],[129.2995756,34.4534886],[129.3120872,34.4501151],[129.3107104,34.4556206],[129.3059728,34.4556195],[129.3106833,34.4609404],[129.3045528,34.4641144],[129.2949982,34.4506816],[129.2816929,34.4483289],[129.2840919,34.4521199],[129.2738617,34.4569875],[129.2781195,34.4629661],[129.2739201,34.4689851],[129.2801519,34.4808267],[129.2930778,34.4861254],[129.2932822,34.4964826],[129.303396,34.5112006],[129.306345,34.525977],[129.3117956,34.5232465],[129.3102827,34.5141866],[129.3110442,34.5183265],[129.3150625,34.5156169],[129.3119591,34.5197651],[129.3174458,34.5257931],[129.3148219,34.5286606],[129.3218328,34.5300314],[129.3182584,34.5369814],[129.325356,34.5352744],[129.328544,34.5279239],[129.3345949,34.5286696],[129.3379696,34.5350559],[129.344952,34.532346],[129.3392089,34.5371417],[129.334902,34.5344073],[129.3381672,34.5380873],[129.3283046,34.5334651],[129.3283173,34.5506528],[129.3142118,34.5492599],[129.3161375,34.558491],[129.3099252,34.5568819],[129.3064862,34.5680758],[129.2951945,34.556115],[129.2887635,34.5561643],[129.2857488,34.5627667],[129.2868197,34.5692079],[129.2922281,34.5698096],[129.2979843,34.5834432],[129.3060035,34.5891209],[129.304842,34.6026736],[129.3179163,34.6268689],[129.3197665,34.6472019],[129.3337975,34.6496885],[129.3353861,34.6380285],[129.3532664,34.6500328],[129.3625048,34.6460247],[129.3646384,34.6387301],[129.3741733,34.6469396],[129.3956226,34.6393236],[129.3870865,34.6423376],[129.3835926,34.6496193],[129.3885102,34.6546705],[129.3954099,34.65244],[129.395173,34.6630491],[129.4026547,34.6641993],[129.4044039,34.6694784],[129.4003133,34.670235],[129.4077585,34.6734165],[129.4083416,34.678326],[129.4192404,34.6756331],[129.4251712,34.6793951],[129.4282527,34.6723289],[129.4347969,34.6731939],[129.4294924,34.6816928],[129.4177794,34.6791376],[129.4149069,34.6822845],[129.4180526,34.6955626],[129.4237038,34.6986442],[129.4202259,34.6922207],[129.4403625,34.6930179],[129.4391595,34.6983729],[129.449355,34.7066993],[129.4481321,34.6970459],[129.4585411,34.702067],[129.454762,34.6963056],[129.4574686,34.6923644],[129.4638341,34.7012064],[129.4642738,34.6951144],[129.4737057,34.6933633],[129.4717186,34.6894189],[129.4826692,34.6944827],[129.4798474,34.6880719],[129.4712484,34.6867697],[129.4754988,34.6848584],[129.4712267,34.6814626],[129.4759078,34.6808502],[129.4714139,34.6779092],[129.4735027,34.6740876],[129.478774,34.6786046],[129.478389,34.6722693],[129.4862763,34.675447],[129.4869635,34.6833816],[129.4937481,34.6834555],[129.4949011,34.6777822],[129.4877494,34.6778942],[129.4841722,34.6675259],[129.4907018,34.6647249],[129.4975418,34.6689897],[129.4823229,34.6583548],[129.4806751,34.6523166],[129.4711442,34.659897],[129.4652946,34.6542552],[129.4786978,34.65081],[129.4717468,34.6439539],[129.4792196,34.6470602],[129.4816122,34.6407382],[129.4844245,34.6460361],[129.4911517,34.6451126],[129.4815414,34.6321947],[129.4850316,34.6306492],[129.4785365,34.6292692],[129.4816329,34.6270369],[129.4709719,34.6274944],[129.4796329,34.6173413],[129.4679445,34.6187545],[129.4604456,34.6137694],[129.4466043,34.6317991],[129.4467767,34.6254826],[129.4418686,34.6248564],[129.4525776,34.6228286],[129.4513622,34.6174194],[129.4578767,34.6126699],[129.4383362,34.6181159],[129.437246,34.6244502],[129.4331761,34.6173316],[129.4392067,34.6119951],[129.4491946,34.6147534],[129.4535602,34.6028096],[129.4600255,34.6094869],[129.4589262,34.6053151],[129.471039,34.6084131],[129.4753718,34.5962351],[129.4724244,34.595471],[129.4793907,34.5955498],[129.471292,34.5877615],[129.4760234,34.5847966],[129.4712274,34.5752639],[129.4757606,34.5700404],[129.4691277,34.5683457],[129.4698827,34.5559563],[129.4733735,34.55506],[129.4686108,34.5499814],[129.4663134,34.5540041],[129.4566105,34.5541741],[129.4582403,34.5439166],[129.4637828,34.5435712],[129.4559356,34.5319035],[129.4526726,34.5349313],[129.4536929,34.5308737],[129.4451751,34.5305904],[129.4508516,34.5287164],[129.4512675,34.5230374],[129.4416391,34.5143178],[129.4367258,34.5161841],[129.4370601,34.5073918],[129.4171894,34.4918234],[129.4081714,34.4912065],[129.4112776,34.4883516],[129.4061083,34.487687],[129.399885,34.4753484],[129.3972978,34.4807606],[129.3977735,34.4733636],[129.3835067,34.4610034],[129.3863078,34.4573177],[129.3781532,34.4511869],[129.3740892,34.4565585],[129.3684217,34.4522187],[129.3738423,34.450575],[129.3715651,34.4461785],[129.3757992,34.4400211],[129.3840699,34.4398546],[129.3808643,34.4330612],[129.3856626,34.4277158],[129.382938,34.4235582],[129.3786933,34.4343802],[129.374792,34.4306454],[129.375187,34.4361429],[129.3727524,34.4339739],[129.3689472,34.4399033],[129.3712145,34.4328123],[129.3646578,34.4340128],[129.3649929,34.419764],[129.3715544,34.4233414],[129.3688615,34.4282386],[129.3754198,34.4260237],[129.3794667,34.4118208],[129.3744655,34.4128534],[129.3748085,34.4042346],[129.3741142,34.4085053],[129.3722576,34.4037886],[129.3685512,34.4072958],[129.36913,34.4027578],[129.3635034,34.4001427],[129.3666185,34.3989904],[129.3575289,34.3951294],[129.3517335,34.3859832],[129.3765004,34.3985041],[129.3769816,34.3947289],[129.3820761,34.3987761],[129.384769,34.3956122],[129.3878624,34.3991992],[129.38382,34.403605],[129.3899041,34.4008534],[129.3991521,34.4127583],[129.3918791,34.3968924],[129.3942772,34.3935752],[129.3901892,34.3950383],[129.3938807,34.3926104],[129.3874299,34.3898068],[129.3912898,34.3831153],[129.3830866,34.38541],[129.3850138,34.3910516],[129.3776887,34.3855378],[129.373685,34.3890706],[129.3829704,34.3725592],[129.3754559,34.3704258],[129.388707,34.3705495],[129.385553,34.3655999],[129.3934584,34.3598379],[129.3877571,34.3505542],[129.3829031,34.3520328],[129.3842263,34.3483358],[129.3647415,34.3463673],[129.3842633,34.3414511],[129.3881843,34.3471345],[129.3859502,34.3406844],[129.3947044,34.3353125],[129.3895207,34.3291756],[129.3889174,34.3348476],[129.3840034,34.3321529],[129.3868488,34.3370124],[129.3804441,34.333076],[129.3806357,34.3379346],[129.3641815,34.3385153],[129.3713949,34.3327608],[129.3634716,34.3303817],[129.3730585,34.3313851],[129.3769701,34.3272227],[129.3715291,34.3256231],[129.3780274,34.3246882],[129.3769551,34.3199572],[129.3756547,34.3231682],[129.3710014,34.3206759],[129.3785435,34.3178894],[129.3796394,34.3128331],[129.3734888,34.311778],[129.3768247,34.3170003],[129.3715016,34.314761],[129.3710249,34.3231032],[129.3675771,34.3216638],[129.3700424,34.3156896],[129.3667697,34.3208645],[129.3606283,34.3188276],[129.3714549,34.3118368],[129.3666812,34.3093865],[129.3639364,34.3143964],[129.3661508,34.3064124],[129.3528928,34.2953717],[129.3482856,34.3007562],[129.3557372,34.310515],[129.3458661,34.2999164],[129.3412033,34.3113487],[129.3403958,34.3055826],[129.338874,34.3087633],[129.3342937,34.3053184],[129.3403745,34.3133907],[129.3383766,34.3162895],[129.3345187,34.3072325],[129.3376446,34.3171004],[129.3330316,34.3186067],[129.3415778,34.3207743],[129.3380711,34.3236259],[129.3540693,34.318438],[129.3427516,34.3265593],[129.3485585,34.3297737],[129.3471418,34.3331124],[129.3513846,34.3309701],[129.3507143,34.3363968],[129.3431869,34.3367959],[129.3516609,34.3381678],[129.3535539,34.3346581],[129.3605784,34.339862],[129.350868,34.3402667],[129.3539804,34.3456317],[129.3472525,34.3413843],[129.3537986,34.3469409],[129.3463881,34.3455325],[129.350134,34.3529027],[129.3399695,34.3565408],[129.3441909,34.3621723],[129.3501541,34.3612703],[129.3525479,34.3656802],[129.3460524,34.3679314],[129.355373,34.3748437],[129.3470245,34.3774352],[129.3451585,34.3716756],[129.3416016,34.3735496],[129.342965,34.3670944],[129.3375145,34.3695176],[129.3328714,34.3640329],[129.3379077,34.3807798],[129.326582,34.3685577],[129.3287942,34.3642823],[129.320246,34.3704417],[129.3287194,34.3597491],[129.3224325,34.3626006],[129.3258253,34.3507143],[129.3196807,34.3568622],[129.3197307,34.3469284],[129.3176422,34.3538064],[129.3095674,34.3370315],[129.3118695,34.3471843],[129.3024418,34.3409596],[129.2997825,34.3496289],[129.3108868,34.3544247],[129.3123701,34.3600798],[129.3052887,34.3545679],[129.3019126,34.3671652],[129.3055416,34.367851],[129.3021026,34.3702633],[129.2995267,34.3663],[129.2983181,34.3699357],[129.3060039,34.3715587],[129.3027166,34.3744626],[129.3109669,34.3794992],[129.3080753,34.3830991],[129.3133704,34.3830271],[129.3091808,34.3859412],[129.3039507,34.3866085],[129.3021115,34.3805426],[129.2952897,34.3847687],[129.3001282,34.3799521],[129.2946478,34.3754801],[129.2864078,34.3809515],[129.2874406,34.3887944],[129.2877476,34.3850063],[129.2811533,34.3835208],[129.2925853,34.3732916],[129.2886293,34.3657697],[129.2818807,34.3686742],[129.2779231,34.3640092],[129.2988489,34.3547556],[129.2928358,34.3545421],[129.2942131,34.3514942],[129.2877582,34.3566994],[129.2920621,34.3490984],[129.2877855,34.3391007],[129.288772,34.3473793],[129.2809094,34.3543836],[129.2793718,34.3481462],[129.2844853,34.3476019],[129.2836708,34.3435653],[129.2765349,34.3545711],[129.2664433,34.3531971],[129.2733388,34.3552443],[129.2714294,34.3577241],[129.2658531,34.3518713],[129.2623484,34.3550844],[129.2540637,34.3498012],[129.2438716,34.3504018],[129.2335801,34.3532954],[129.227341,34.3623949]]}},{"type":"Feature","properties":{"areaCode1":"735","areaCode2":""},"geometry":{"type":"LineString","coordinates":[[129.2902296,34.3244334],[129.2949071,34.3226416],[129.3001094,34.3309133],[129.3039584,34.3273575],[129.3012191,34.3219804],[129.3076673,34.3257247],[129.3074727,34.3199104],[129.3107372,34.3262689],[129.3157526,34.3250755],[129.3187015,34.3230392],[129.3128159,34.3228974],[129.3125471,34.3159814],[129.3217801,34.3190662],[129.3169978,34.3126777],[129.3268131,34.3173951],[129.3202709,34.3079557],[129.329674,34.3132891],[129.3208091,34.305874],[129.3309252,34.3116988],[129.3291214,34.3065865],[129.3336919,34.304352],[129.3358969,34.3160534],[129.3298449,34.3149229],[129.3291491,34.3241238],[129.3240375,34.3247335],[129.3312232,34.327079],[129.3267631,34.328317],[129.3265486,34.3363642],[129.3162226,34.3287875],[129.3211638,34.3277866],[129.3177381,34.3257431],[129.2972509,34.3371216],[129.2902296,34.3244334]]}},{"type":"Feature","properties":{"areaCode1":"735","areaCode2":""},"geometry":{"type":"LineString","coordinates":[[129.3473778,34.2861403],[129.3597319,34.2706662],[129.3840443,34.2861394],[129.3938506,34.2995305],[129.373901,34.3034398],[129.3772737,34.2910576],[129.3689039,34.3027591],[129.3627709,34.299346],[129.3654541,34.2974975],[129.3577923,34.2988683],[129.3605081,34.2936991],[129.3565989,34.2981142],[129.3514899,34.2944537],[129.3544844,34.2862105],[129.3473778,34.2861403]]}},{"type":"Feature","properties":{"areaCode1":"735","areaCode2":""},"geometry":{"type":"LineString","coordinates":[[129.3889716,34.3419381],[129.3946562,34.3372641],[129.3978745,34.3407509],[129.3962485,34.3339369],[129.4065292,34.3357448],[129.4051636,34.3445714],[129.3988132,34.3419583],[129.4070895,34.3493271],[129.403708,34.3523283],[129.3984536,34.3488522],[129.4028987,34.3536654],[129.3975946,34.3596121],[129.3905191,34.3490538],[129.3945529,34.3435761],[129.3898989,34.3466274],[129.3921231,34.3423455],[129.3889716,34.3419381]]}},{"type":"Feature","properties":{"areaCode1":"736","areaCode2":""},"geometry":{"type":"LineString","coordinates":[[129.6423067,33.7672783],[129.6479689,33.7692441],[129.6446635,33.7646998],[129.6543338,33.7622722],[129.6462296,33.7515461],[129.653562,33.7471627],[129.6534502,33.7381184],[129.6574064,33.7379694],[129.6570194,33.7467556],[129.6683242,33.7486186],[129.6639312,33.7505186],[129.6675587,33.7575448],[129.6739928,33.7590449],[129.6718459,33.7531462],[129.6873613,33.7418189],[129.6784522,33.7376526],[129.6821773,33.7339211],[129.6768514,33.7274487],[129.6896468,33.7210796],[129.6955493,33.7269168],[129.6940173,33.718462],[129.6879045,33.7180453],[129.6932558,33.7155406],[129.6915747,33.7121006],[129.7090413,33.7105929],[129.7163592,33.7038891],[129.7173154,33.7113034],[129.718188,33.7076051],[129.7229841,33.7109955],[129.7182469,33.7162922],[129.7343911,33.7279966],[129.7344508,33.7393038],[129.7360876,33.7355513],[129.7535518,33.7388043],[129.7537046,33.7438488],[129.7642211,33.7379477],[129.7885138,33.7420519],[129.7878963,33.7549852],[129.7932869,33.7573958],[129.797614,33.7537726],[129.7984494,33.7634267],[129.7900765,33.7630809],[129.7768936,33.7741403],[129.7657396,33.7673019],[129.7579339,33.7756898],[129.7637094,33.7843401],[129.7727186,33.786178],[129.7860707,33.7856474],[129.7960518,33.7793629],[129.7994468,33.7883957],[129.786468,33.7875603],[129.77833,33.7966716],[129.7662432,33.7979628],[129.7600905,33.8066018],[129.7574577,33.8026258],[129.7545502,33.8072757],[129.7486357,33.8066704],[129.7650285,33.8124494],[129.7601257,33.8160424],[129.7647687,33.8200044],[129.7648281,33.8341482],[129.7730228,33.8419707],[129.7686959,33.8464395],[129.7252353,33.8500688],[129.7195319,33.8566379],[129.709634,33.8558964],[129.7066755,33.8601536],[129.7100529,33.8625981],[129.704082,33.8635193],[129.6935466,33.8573224],[129.7043822,33.8542671],[129.6952515,33.8558753],[129.693151,33.8513228],[129.6891122,33.8572419],[129.6785961,33.8471013],[129.6834056,33.8442125],[129.6783357,33.8410889],[129.6768519,33.8478267],[129.6713181,33.8377898],[129.6700963,33.8252477],[129.6765557,33.8220825],[129.6726039,33.8194523],[129.6886966,33.8054696],[129.6775714,33.8057111],[129.6730719,33.7998113],[129.6757157,33.7968961],[129.6615671,33.8133913],[129.6569869,33.8144599],[129.6496369,33.8068778],[129.6671009,33.8006073],[129.6568763,33.7962478],[129.6505701,33.8000159],[129.6607116,33.790226],[129.6553975,33.7891484],[129.6591884,33.7761793],[129.6779151,33.7778137],[129.6739746,33.7734954],[129.6801604,33.7719679],[129.6760589,33.7692419],[129.6821721,33.7680891],[129.6792976,33.7647372],[129.6860328,33.7596599],[129.6817534,33.7578065],[129.6705024,33.7689526],[129.6640272,33.7654213],[129.6600384,33.7720001],[129.6599279,33.7674123],[129.6545606,33.7686142],[129.6513468,33.773958],[129.6423067,33.7672783]]}},{"type":"Feature","properties":{"areaCode1":"737","areaCode2":""},"geometry":{"type":"LineString","coordinates":[[128.3808537,32.0409934],[128.3917212,32.0429955],[128.3928072,32.0543136],[128.4060119,32.0487576],[128.4159659,32.0507426],[128.4052711,32.0373172],[128.3999439,32.0424497],[128.3910721,32.0382094],[128.3808537,32.0409934]]}},{"type":"Feature","properties":{"areaCode1":"737","areaCode2":""},"geometry":{"type":"LineString","coordinates":[[128.5893281,32.7187003],[128.5905614,32.7271969],[128.6009272,32.7395386],[128.6089533,32.7402036],[128.6086467,32.7330436],[128.6003464,32.7290014],[128.6034704,32.7288022],[128.6013472,32.7126736],[128.5915283,32.7125381],[128.5893281,32.7187003]]}},{"type":"Feature","properties":{"areaCode1":"737","areaCode2":""},"geometry":{"type":"LineString","coordinates":[[128.5981061,32.6131558],[128.6090883,32.6274708],[128.6068175,32.6364078],[128.6115261,32.6469569],[128.6188155,32.6409995],[128.615625,32.6358676],[128.62268,32.6341827],[128.6132189,32.6296209],[128.6125178,32.6210772],[128.6162069,32.6202822],[128.6191444,32.6308454],[128.6262633,32.6273978],[128.6231131,32.6236258],[128.6288139,32.6219119],[128.6251881,32.617482],[128.6305783,32.6197578],[128.6390361,32.6093842],[128.6476078,32.6106297],[128.6430245,32.6038296],[128.6557661,32.6125581],[128.6506447,32.6201864],[128.667631,32.6300269],[128.6664619,32.6366383],[128.6422064,32.6189458],[128.6432456,32.6233439],[128.6357667,32.6284292],[128.6364194,32.6345356],[128.643865,32.6357025],[128.6402025,32.6401908],[128.6459364,32.6395931],[128.6435789,32.6432411],[128.6525894,32.6392825],[128.6550869,32.6421469],[128.6438053,32.6540333],[128.6671681,32.6450792],[128.6631519,32.6533511],[128.6497719,32.657315],[128.6589758,32.6596097],[128.6714228,32.6512739],[128.6633447,32.6670078],[128.6791792,32.6719761],[128.6608785,32.6700998],[128.65884,32.6767158],[128.6494778,32.6797728],[128.6531303,32.6912858],[128.6468242,32.6976853],[128.6532569,32.7033969],[128.6639892,32.7006456],[128.6585431,32.7056017],[128.6601761,32.7106589],[128.6555567,32.7097906],[128.6555143,32.7158919],[128.6536008,32.7122629],[128.6458908,32.7213714],[128.6476042,32.7364703],[128.6535826,32.7422906],[128.6466439,32.7510003],[128.6478814,32.757352],[128.6402936,32.76116],[128.6644061,32.7847833],[128.6668039,32.780191],[128.6817003,32.7788811],[128.6840089,32.7692406],[128.6973194,32.7664328],[128.7002834,32.7449671],[128.6957162,32.7483836],[128.6993743,32.744259],[128.6935481,32.7450716],[128.6916509,32.7380394],[128.7028519,32.7375425],[128.7037984,32.7414378],[128.7067092,32.7384658],[128.7035281,32.7423384],[128.7092844,32.7499067],[128.7124378,32.7467942],[128.71849,32.7527653],[128.7370308,32.7575017],[128.7408472,32.7563517],[128.7371272,32.7531942],[128.7251289,32.7527936],[128.7324614,32.7510572],[128.7245796,32.7469378],[128.7422,32.7509222],[128.7352845,32.7440871],[128.735551,32.7376181],[128.7387641,32.7384799],[128.7382884,32.7432365],[128.7497036,32.7534411],[128.7391672,32.7521961],[128.7533795,32.7587495],[128.7503344,32.7635689],[128.7550778,32.7694269],[128.7634245,32.7623425],[128.7623792,32.7551428],[128.7685533,32.7531569],[128.7672644,32.7419469],[128.7736619,32.7343039],[128.7783069,32.7363289],[128.7734236,32.7506072],[128.7928225,32.7610442],[128.7987508,32.7552324],[128.7927487,32.7653311],[128.7810594,32.7640883],[128.7750347,32.7553828],[128.76572,32.7616633],[128.7768825,32.7726244],[128.7757547,32.7782175],[128.7925619,32.777045],[128.7895128,32.7815556],[128.7975531,32.7850064],[128.7895817,32.7893386],[128.8049819,32.7924794],[128.8105792,32.7980626],[128.8091036,32.7782261],[128.8042733,32.7749992],[128.8262045,32.7602399],[128.8225698,32.7557676],[128.8196648,32.7602578],[128.8072349,32.7576732],[128.8093539,32.754498],[128.803602,32.7518554],[128.8102606,32.7520286],[128.8134605,32.746999],[128.8352572,32.76043],[128.8385381,32.7560436],[128.8297802,32.7542571],[128.8268258,32.7397881],[128.8311253,32.7416428],[128.8285964,32.7489556],[128.8320894,32.7519217],[128.8358464,32.7448353],[128.8478017,32.7531169],[128.8519217,32.7501286],[128.8570976,32.7433738],[128.8442369,32.7437575],[128.8395442,32.7247567],[128.8406803,32.7094491],[128.8514922,32.7013556],[128.8472523,32.6966063],[128.8531548,32.6981349],[128.8487356,32.6888555],[128.8563771,32.6950327],[128.8576271,32.686154],[128.8849876,32.6676537],[128.8855354,32.6563009],[128.8888749,32.6589774],[128.8973456,32.6512789],[128.8927372,32.6407522],[128.8742128,32.6380997],[128.8683568,32.6445938],[128.8263869,32.6354792],[128.8181419,32.6371425],[128.8140596,32.6443643],[128.81804,32.6463425],[128.8105977,32.6467898],[128.8087302,32.6553903],[128.7816914,32.6446244],[128.7701026,32.6447504],[128.7617566,32.6197413],[128.7665804,32.6165407],[128.7672861,32.6224866],[128.7726957,32.6199083],[128.7693365,32.6163908],[128.7831518,32.6122196],[128.7937456,32.5987983],[128.7931917,32.5913968],[128.7888708,32.5880232],[128.7828436,32.5913641],[128.7851994,32.5871935],[128.7719153,32.5739267],[128.7532975,32.5784206],[128.7484291,32.5888359],[128.7519956,32.5901814],[128.7355394,32.6074236],[128.6884008,32.6025233],[128.6656386,32.6084028],[128.6555933,32.6018681],[128.6608283,32.5950178],[128.6562267,32.5904228],[128.6363331,32.5936589],[128.6244517,32.6086847],[128.5981061,32.6131558]]}},{"type":"Feature","properties":{"areaCode1":"737","areaCode2":""},"geometry":{"type":"LineString","coordinates":[[128.6152289,32.6550872],[128.6277272,32.6770378],[128.6347931,32.6796992],[128.6406258,32.6727192],[128.6340617,32.6691781],[128.6404753,32.6639119],[128.6275892,32.6642328],[128.6356939,32.6585667],[128.6273503,32.6548789],[128.6353011,32.6534414],[128.6312322,32.6486767],[128.6358606,32.6460772],[128.6279485,32.6433139],[128.6294939,32.6379072],[128.6217286,32.6378794],[128.6152289,32.6550872]]}},{"type":"Feature","properties":{"areaCode1":"737","areaCode2":""},"geometry":{"type":"LineString","coordinates":[[128.8323447,32.8294453],[128.8378244,32.8383258],[128.8500875,32.8340467],[128.8479244,32.8294172],[128.8556631,32.8306772],[128.8560453,32.8364822],[128.8612364,32.8349033],[128.8650931,32.8229903],[128.8614485,32.8155971],[128.8713383,32.8065217],[128.8626052,32.8018359],[128.8762883,32.7976681],[128.8793319,32.8042608],[128.8731867,32.8084839],[128.8787114,32.8111],[128.8784308,32.8178489],[128.8675619,32.8219025],[128.8691492,32.8309769],[128.8616094,32.8436139],[128.8647881,32.8446286],[128.8842022,32.8338608],[128.88527,32.8261931],[128.8903481,32.8260139],[128.8869769,32.8241125],[128.9006431,32.8216489],[128.9002564,32.8146125],[128.9058408,32.8134511],[128.9030458,32.8028397],[128.9105919,32.7969825],[128.9042733,32.7962664],[128.9012175,32.7867831],[128.8928647,32.7844169],[128.8830222,32.7647431],[128.8645336,32.7636661],[128.8412115,32.7843452],[128.8387643,32.7794434],[128.8423425,32.7779867],[128.8361511,32.7793119],[128.8381728,32.7897592],[128.8327814,32.7981319],[128.8398253,32.8016872],[128.8402939,32.8127908],[128.8358703,32.8166531],[128.8396592,32.8304664],[128.8323447,32.8294453]]}},{"type":"Feature","properties":{"areaCode1":"737","areaCode2":""},"geometry":{"type":"LineString","coordinates":[[128.872635,32.8618181],[128.8793235,32.8614244],[128.8808361,32.8533219],[128.8902597,32.8519861],[128.8880844,32.8620078],[128.8914391,32.8640606],[128.9031889,32.8557131],[128.9007711,32.85078],[128.9135872,32.8443025],[128.9128392,32.8396628],[128.9200783,32.8432372],[128.9199322,32.8364606],[128.9298939,32.8282742],[128.9287733,32.8233183],[128.9152283,32.8252181],[128.9142744,32.8207867],[128.9343909,32.8159799],[128.9350917,32.8287589],[128.9425592,32.807653],[128.9398233,32.8002358],[128.9448475,32.8017753],[128.95202,32.81675],[128.9452942,32.8181989],[128.9415039,32.8273439],[128.9472553,32.8337097],[128.9548486,32.8282069],[128.96074,32.8309756],[128.9540608,32.834065],[128.9576378,32.8423867],[128.9537694,32.8463906],[128.9647231,32.8514411],[128.94818,32.8816928],[128.9403997,32.8838575],[128.9493625,32.8733206],[128.9424761,32.8629041],[128.9427982,32.8491289],[128.9277714,32.8720911],[128.9225889,32.8701178],[128.9369717,32.8494071],[128.9307534,32.8416379],[128.9331683,32.8378931],[128.9289383,32.8390325],[128.9244594,32.8480294],[128.9267033,32.85334],[128.9181708,32.8607502],[128.9212697,32.861145],[128.9163114,32.8701347],[128.9067411,32.8747686],[128.901225,32.8698806],[128.8950006,32.8783822],[128.8885022,32.8775022],[128.8897647,32.8665144],[128.8795469,32.8677942],[128.872635,32.8618181]]}},{"type":"Feature","properties":{"areaCode1":"737","areaCode2":""},"geometry":{"type":"LineString","coordinates":[[128.9301806,32.9195214],[128.936205,32.9104392],[128.9473647,32.9056644],[128.9531075,32.9099436],[128.9625311,32.9044583],[128.9703775,32.9106036],[128.9650881,32.9140481],[128.9550163,32.9095756],[128.9541696,32.9160361],[128.9670493,32.9185989],[128.9691033,32.929715],[128.9636753,32.9325169],[128.9573786,32.9274992],[128.9564333,32.9160664],[128.9482922,32.9193303],[128.9468103,32.9250075],[128.9366494,32.9256044],[128.9301806,32.9195214]]}},{"type":"Feature","properties":{"areaCode1":"737","areaCode2":""},"geometry":{"type":"LineString","coordinates":[[128.9608883,32.9002244],[128.9616494,32.9036297],[128.9715264,32.9034153],[128.9718406,32.8957256],[128.9832806,32.8948408],[128.9865936,32.8800478],[128.9858653,32.8895525],[128.9939122,32.8937136],[128.9993422,32.8782547],[129.0044108,32.8815427],[128.9967639,32.8950497],[129.0017398,32.9020416],[128.9882625,32.8978517],[128.9802814,32.9047347],[128.9833467,32.9092675],[128.9881785,32.9079523],[128.986254,32.9130498],[128.9797603,32.9135803],[128.9776297,32.9186994],[128.9906283,32.9233394],[128.9825261,32.9301383],[128.9896989,32.93307],[128.9989439,32.9275058],[129.0012108,32.9196242],[129.0107028,32.9259669],[129.0159103,32.9236444],[129.0131583,32.9173808],[129.0208517,32.9175389],[129.0237769,32.91273],[129.02143,32.9022641],[129.0279714,32.9039072],[129.0256272,32.8970575],[129.0303689,32.9011617],[129.0333411,32.8951969],[129.0223382,32.8890512],[129.0323994,32.8899483],[129.0263822,32.8851056],[129.0289339,32.8772522],[129.0204992,32.8733336],[129.0290742,32.8704192],[129.0284803,32.8624306],[129.0231911,32.8635861],[129.0302703,32.8543519],[129.0276394,32.8448803],[129.0235922,32.8483306],[129.0190242,32.8453425],[129.0210678,32.8519331],[129.0130403,32.8526825],[129.023405,32.8553778],[129.0106494,32.8566344],[129.0226572,32.8620744],[129.0125847,32.8684891],[129.0076106,32.8600906],[128.9963039,32.8696575],[128.9764431,32.8595144],[128.9819832,32.8703629],[128.9659578,32.8721881],[128.9749672,32.8782994],[128.9608883,32.9002244]]}},{"type":"Feature","properties":{"areaCode1":"737","areaCode2":""},"geometry":{"type":"LineString","coordinates":[[128.9626639,32.7504233],[128.9792169,32.7604597],[128.9879111,32.7564228],[128.9877175,32.7674342],[128.9919347,32.7696934],[128.9853686,32.7782539],[128.9925815,32.7813754],[128.9889047,32.7884197],[128.9923475,32.7914303],[128.9989397,32.7868297],[129.0076469,32.7715111],[129.0024561,32.7678122],[129.0046381,32.7599583],[129.0006144,32.7548312],[129.0070467,32.7551492],[129.0044781,32.7505819],[128.9876711,32.7547822],[128.9863678,32.7418256],[128.9793197,32.7460939],[128.9724228,32.74381],[128.9718228,32.7482756],[128.9665033,32.7454281],[128.9626639,32.7504233]]}},{"type":"Feature","properties":{"areaCode1":"737","areaCode2":""},"geometry":{"type":"LineString","coordinates":[[128.9916906,32.9438494],[129.0067378,32.9401853],[129.0147483,32.9491158],[129.0178011,32.942435],[129.0138039,32.9368703],[129.0187772,32.9387422],[129.0228286,32.9320392],[129.0279686,32.9396503],[129.0318328,32.9363522],[129.0355258,32.9458214],[129.0409775,32.9299986],[129.0379781,32.9272079],[129.0323275,32.9326594],[129.0262144,32.9195292],[129.0336542,32.9184753],[129.0368111,32.9256893],[129.0506961,32.9214531],[129.0481928,32.9163389],[129.0523765,32.9104925],[129.0676661,32.9045714],[129.0631456,32.9044042],[129.0651553,32.8980948],[129.0602603,32.8952508],[129.0590386,32.9065744],[129.0518994,32.9072339],[129.0532422,32.8990028],[129.0447206,32.9041783],[129.0457356,32.9078033],[129.0379886,32.9085022],[129.0416083,32.9075325],[129.0427439,32.9002261],[129.03859,32.8993522],[129.0432047,32.8927564],[129.0487278,32.8951692],[129.0522606,32.8884492],[129.0549239,32.8953661],[129.0600008,32.8889172],[129.0551856,32.8880264],[129.0576506,32.8782564],[129.0520272,32.8848183],[129.0429447,32.8856019],[129.0523078,32.8790397],[129.0498569,32.8743997],[129.0398192,32.8817456],[129.0404872,32.8724997],[129.0474372,32.8681131],[129.0471928,32.8604522],[129.0412894,32.8596458],[129.0488035,32.8533162],[129.0444889,32.8444183],[129.050365,32.8357758],[129.0452814,32.8293033],[129.0518733,32.8273358],[129.0432467,32.8223797],[129.0629019,32.8166178],[129.0686592,32.8357031],[129.0616751,32.8390326],[129.0652353,32.8392226],[129.0648436,32.8470911],[129.0629117,32.8439189],[129.0569231,32.8474059],[129.0631608,32.8488386],[129.0660761,32.8625178],[129.0910019,32.8548942],[129.1001775,32.8599231],[129.0979403,32.8698906],[129.0927121,32.8725121],[129.0975128,32.8741303],[129.0949614,32.8815664],[129.0822663,32.882126],[129.0886374,32.8819448],[129.0924503,32.8908289],[129.0849888,32.8900838],[129.0880526,32.8937966],[129.0811736,32.8958482],[129.0850436,32.9044664],[129.0954683,32.9033278],[129.0892476,32.9098251],[129.09661,32.9147158],[129.0958619,32.9190625],[129.0844171,32.9262536],[129.1093953,32.9264253],[129.1049831,32.9329878],[129.1114406,32.9412075],[129.1069456,32.9504034],[129.1012877,32.9508044],[129.1015941,32.9615209],[129.1031023,32.9555359],[129.1144217,32.9487397],[129.1178044,32.9385186],[129.1282392,32.9394447],[129.13098,32.9449867],[129.1404189,32.9368344],[129.149976,32.9575454],[129.1697303,32.9648444],[129.1725442,32.9708094],[129.1822836,32.9714186],[129.1836069,32.9788214],[129.174892,32.9887626],[129.1778647,32.9944278],[129.1743578,32.9969893],[129.1832992,33.0021633],[129.1749236,33.0072092],[129.1693587,32.9987077],[129.1655497,33.0087931],[129.1575398,32.9999228],[129.1332844,33.0020444],[129.1326222,32.9915903],[129.1266155,32.9915186],[129.1217894,32.9843777],[129.1143515,32.9910265],[129.1073055,32.9889363],[129.1157244,32.9883661],[129.110804,32.9879558],[129.1138438,32.9854669],[129.1086794,32.9809667],[129.1086512,32.9848309],[129.0976919,32.9802638],[129.0947345,32.9862164],[129.0915704,32.9807223],[129.0870752,32.9842037],[129.0965519,33.0006069],[129.0894389,33.0164189],[129.0982447,33.0257017],[129.0976372,33.0325081],[129.0930275,33.0322342],[129.0912539,33.0384803],[129.1050433,33.0489272],[129.0983573,33.0526006],[129.1043481,33.0607126],[129.1141522,33.0629106],[129.1085889,33.0639181],[129.1086433,33.0680172],[129.1201956,33.0988764],[129.1173889,33.1146161],[129.1029833,33.1241603],[129.1141272,33.1417722],[129.1107169,33.1478963],[129.1177033,33.1565372],[129.1157344,33.1636744],[129.1073494,33.1589667],[129.1007261,33.1330958],[129.0951542,33.1294992],[129.0992128,33.1249439],[129.0942836,33.1214147],[129.1044769,33.1133983],[129.0980681,33.1044569],[129.1097144,33.1007139],[129.1053081,33.0931825],[129.1076458,33.0878719],[129.1015958,33.0800467],[129.0854775,33.0761439],[129.0824299,33.0589334],[129.0742283,33.0565175],[129.0846922,33.043424],[129.0773939,33.0366939],[129.0880928,33.0246042],[129.0696787,33.0197099],[129.0737117,33.0218793],[129.0683179,33.0263677],[129.0681772,33.0459647],[129.0501814,33.0411669],[129.0532814,33.036325],[129.0462264,33.0348353],[129.0422994,33.0277178],[129.0453698,33.0145924],[129.0412083,33.0033986],[129.049862,32.9955855],[129.0421247,32.9930111],[129.0437758,32.9864489],[129.0486548,32.9813878],[129.0497852,32.9866597],[129.0568125,32.9809486],[129.0658077,32.9809837],[129.0523571,32.9789076],[129.0499269,32.9593936],[129.0476803,32.9762503],[129.0326397,32.9721797],[129.03002,32.9605883],[129.0196111,32.9766275],[129.0173256,32.9640836],[129.0123114,32.9765033],[128.9970575,32.9650922],[129.0035278,32.958492],[128.9978292,32.9532853],[129.007493,32.952591],[128.9975194,32.9492278],[129.0049393,32.945477],[128.9916906,32.9438494]]}},{"type":"Feature","properties":{"areaCode1":"737","areaCode2":""},"geometry":{"type":"LineString","coordinates":[[129.0283197,33.2007469],[129.0323889,33.1951431],[129.0466942,33.1959722],[129.04351,33.19118],[129.0496575,33.1828028],[129.0577241,33.1881206],[129.0620213,33.185056],[129.0600625,33.1924877],[129.0638045,33.1949106],[129.0723211,33.1878936],[129.0807136,33.1908144],[129.0889386,33.1860619],[129.0944089,33.1925508],[129.0821499,33.195903],[129.0834059,33.2066921],[129.0797466,33.2079445],[129.0917403,33.2107889],[129.0960381,33.2068832],[129.09953,33.2115506],[129.0972708,33.2156319],[129.0888175,33.2152033],[129.0824553,33.210364],[129.0694044,33.2115608],[129.0676011,33.2067519],[129.0552158,33.2105762],[129.0571236,33.2199722],[129.04918,33.2161214],[129.0464717,33.2193686],[129.0430806,33.2049697],[129.0385017,33.2111375],[129.0363369,33.2032786],[129.0283197,33.2007469]]}},{"type":"Feature","properties":{"areaCode1":"737","areaCode2":""},"geometry":{"type":"LineString","coordinates":[[129.0696618,33.2706137],[129.0918308,33.2874007],[129.1213003,33.2888188],[129.1187822,33.2916099],[129.124613,33.2930666],[129.1236195,33.3010106],[129.1281097,33.303249],[129.1416659,33.2960826],[129.1373993,33.2930199],[129.1407597,33.2773618],[129.1568775,33.2719122],[129.1317997,33.2578526],[129.1369846,33.2616713],[129.1320509,33.2629785],[129.1283256,33.259347],[129.1332673,33.2541462],[129.1315741,33.2497494],[129.1188434,33.2449489],[129.1031333,33.2507868],[129.0967207,33.2481459],[129.0917795,33.2524851],[129.0957212,33.2558581],[129.0924047,33.2527717],[129.0926376,33.2594655],[129.086958,33.259565],[129.0838433,33.2653021],[129.073541,33.2588259],[129.0759684,33.2651531],[129.0696618,33.2706137]]}},{"type":"Feature","properties":{"areaCode1":"737","areaCode2":""},"geometry":{"type":"LineString","coordinates":[[129.1149211,33.2079706],[129.1243594,33.2131406],[129.1355006,33.2036922],[129.1348975,33.196735],[129.1435247,33.1924561],[129.1424992,33.1868294],[129.1384303,33.1895694],[129.1313583,33.1853014],[129.1351431,33.1665392],[129.1323167,33.1585164],[129.1241731,33.1630322],[129.1195872,33.1790153],[129.124655,33.188825],[129.1149211,33.2079706]]}},{"type":"Feature","properties":{"areaCode1":"740","areaCode2":"741"},"geometry":{"type":"LineString","coordinates":[[130.9427236,32.9636817],[130.9549006,32.9582211],[130.96455,32.9468306],[130.9574686,32.9398711],[130.9663539,32.9242925],[130.9572625,32.9138403],[130.9667511,32.9032656],[130.9486419,32.8757758],[130.9790469,32.8719008],[130.9884689,32.8747514],[130.9725753,32.8566467],[130.9798206,32.8493331],[130.9802153,32.8411189],[130.9718433,32.8343572],[130.9791422,32.8232669],[130.9765539,32.8149742],[130.9896722,32.8137308],[130.9968247,32.8042425],[130.9948108,32.7972836],[130.9987172,32.7917078],[131.0140625,32.7857206],[131.0303639,32.7892992],[131.0384608,32.7836564],[131.0752592,32.7952361],[131.08524,32.7911314],[131.0937744,32.795135],[131.0999411,32.7907397],[131.1268881,32.7947619],[131.1418278,32.8047711],[131.1445869,32.8179564],[131.1568958,32.8196597],[131.1699219,32.814445],[131.1782197,32.8045694],[131.1958564,32.8006539],[131.2050008,32.7873492],[131.2019278,32.7679117],[131.2160503,32.7561328],[131.2342244,32.7534369]]}},{"type":"Feature","properties":{"areaCode1":"740","areaCode2":"741"},"geometry":{"type":"LineString","coordinates":[[130.9427236,32.9636817],[130.9553397,32.9806511],[130.9556828,33.0042369],[130.9702722,33.0237614]]}},{"type":"Feature","properties":{"areaCode1":"740","areaCode2":"753"},"geometry":{"type":"LineString","coordinates":[[130.9702722,33.0237614],[130.9908511,33.02382],[131.0032939,33.0328203],[131.0145358,33.0475661],[131.0126444,33.0543833],[131.0177433,33.0636908],[131.0106647,33.0699728],[131.0123192,33.0761869],[131.0240503,33.0875422],[131.0089814,33.1085858],[130.9935122,33.1201558],[130.9946092,33.1292953],[130.9783322,33.1409003],[130.9844022,33.1424011],[130.9820578,33.1574197],[130.9922178,33.1832031],[131.0155431,33.1774528],[131.0346661,33.1874078],[131.0388458,33.1941328],[131.0600197,33.1951744],[131.0943789,33.1852253],[131.1055844,33.1863531],[131.1170719,33.1786328],[131.1195131,33.1690072],[131.1478411,33.1550281],[131.1452989,33.1506839],[131.1612172,33.1407667],[131.1669286,33.1287375],[131.1635858,33.1164892],[131.1731841,33.1048423],[131.1745483,33.0830839],[131.1857597,33.0739],[131.1933011,33.0775456],[131.2042676,33.0615934],[131.2167242,33.0534572],[131.2265386,33.0190597],[131.2236253,33.0171642],[131.2473025,32.9958711],[131.247125,32.9825297],[131.2632147,32.9771522],[131.2561158,32.9635022],[131.2459811,32.9600022],[131.2529889,32.9560675],[131.2467894,32.9528983],[131.2526303,32.9464581],[131.2458031,32.939675],[131.2529808,32.9245119],[131.2573869,32.8874311],[131.2641681,32.8791267],[131.2733928,32.8816772],[131.2734381,32.8709964],[131.2942422,32.8571197],[131.3144056,32.8508025],[131.3295058,32.8330139]]}},{"type":"Feature","properties":{"areaCode1":"740","areaCode2":"761"},"geometry":{"type":"LineString","coordinates":[[131.2342244,32.7534369],[131.2464653,32.7693961],[131.2345331,32.7808142],[131.2453708,32.7865514],[131.2466139,32.7989928],[131.2552572,32.8046683],[131.2549764,32.8155806],[131.262615,32.8178647],[131.2651836,32.8264611],[131.2726408,32.8241531],[131.2858031,32.8314225],[131.2915525,32.8277992],[131.3228989,32.8286525],[131.3295058,32.8330139]]}},{"type":"Feature","properties":{"areaCode1":"741","areaCode2":""},"geometry":{"type":"LineString","coordinates":[[130.4141364,33.0023137],[130.4168457,32.9927097],[130.4153842,32.9966746],[130.4175141,32.9930583],[130.429683,32.9958693],[130.4255984,32.9939862],[130.4270589,32.9871768],[130.4306111,32.9875381],[130.4319316,32.9592181],[130.4405913,32.9293198],[130.4381286,32.9239472],[130.4410027,32.9311991],[130.4394269,32.9214483],[130.4433969,32.9152854],[130.4516494,32.9090964],[130.4613624,32.9196046],[130.463409,32.9119576],[130.4570193,32.9054343],[130.4625954,32.9014437],[130.4779114,32.9045783],[130.5232086,32.8809189],[130.5270976,32.8767493],[130.5227591,32.8692111],[130.5237098,32.8505846],[130.5639169,32.8419547],[130.5705334,32.8490229],[130.5844433,32.8419846],[130.5777061,32.8395254],[130.5836017,32.8328383],[130.5783732,32.8289164],[130.5911487,32.8252468],[130.589308,32.8168614],[130.5914597,32.8219392],[130.5948706,32.8180505],[130.5893889,32.8161644],[130.6016673,32.8104043],[130.6037039,32.8004544],[130.6125415,32.797942],[130.6143807,32.7926572],[130.6096865,32.7924886],[130.6031814,32.7786873],[130.5976991,32.7763807],[130.6025553,32.75291],[130.6062076,32.7539946],[130.6028149,32.7526283],[130.6045399,32.7453126],[130.6084389,32.7460692],[130.6046063,32.7449581],[130.6036667,32.7313383],[130.607043,32.7129869],[130.5901283,32.7091919],[130.5884487,32.7043564],[130.575104,32.7058176],[130.5808056,32.7040472],[130.5606231,32.6949706],[130.5415403,32.6685695],[130.5365339,32.6689955],[130.5379247,32.6650013],[130.5129899,32.6610892],[130.5180087,32.6607192],[130.4617944,32.6343075],[130.4509892,32.6238617],[130.4615425,32.6170186],[130.4593718,32.6073084],[130.4669731,32.604642],[130.4861775,32.612695],[130.5133936,32.6118778],[130.5437436,32.6249759],[130.5768547,32.6205703],[130.5916281,32.6262467],[130.5938256,32.6223064],[130.6065325,32.626382],[130.606461,32.6303281],[130.6065468,32.6266987],[130.6092915,32.630993],[130.6362378,32.6333661],[130.6516484,32.6426243],[130.6614344,32.6319289],[130.6541394,32.6291192],[130.6538942,32.6128361],[130.6406111,32.623635],[130.6178464,32.6191344],[130.633995,32.6034011],[130.615936,32.5883821],[130.6092646,32.5934036],[130.5935388,32.5798771],[130.562398,32.5379051],[130.5569018,32.5429241],[130.5469821,32.5397124],[130.5467766,32.5358364],[130.5438369,32.5382377],[130.5361561,32.5258571],[130.5725893,32.5074749],[130.5568162,32.5101255],[130.5325637,32.5227704],[130.5311528,32.5200331],[130.5651384,32.5054376],[130.5627392,32.4986368],[130.5444059,32.4986056],[130.542495,32.4845435],[130.5446483,32.4784589],[130.5649504,32.4760008],[130.5692837,32.464618],[130.5650329,32.4560194],[130.5737584,32.4395669],[130.5682212,32.4349826],[130.5754397,32.4341982],[130.5473186,32.4223906],[130.5380622,32.4102775]]}},{"type":"Feature","properties":{"areaCode1":"741","areaCode2":""},"geometry":{"type":"LineString","coordinates":[[130.4735275,32.6039017],[130.4836281,32.5988244],[130.4794909,32.5976911],[130.4799331,32.5905419],[130.4903451,32.5923824],[130.4944806,32.5873631],[130.4865017,32.5827347],[130.4888303,32.5760386],[130.5119294,32.5963299],[130.5091394,32.6071708],[130.4912374,32.6096444],[130.4735275,32.6039017]]}},{"type":"Feature","properties":{"areaCode1":"741","areaCode2":"742"},"geometry":{"type":"LineString","coordinates":[[130.6421928,32.3648886],[130.6527789,32.3784917],[130.6706847,32.3401614],[130.6787114,32.342765],[130.6840517,32.3386044],[130.7010933,32.3471467],[130.6972503,32.3541075],[130.7207822,32.3865031],[130.7390481,32.39274],[130.7426914,32.3989244],[130.7242114,32.4056464],[130.7204589,32.4190756],[130.7293822,32.4279211],[130.72274,32.4503858],[130.7410594,32.45336],[130.7366092,32.4711806],[130.7516994,32.4685775],[130.7512994,32.4746086],[130.78578,32.4845128],[130.7946919,32.4942203],[130.8163786,32.4907411],[130.8399833,32.4990225],[130.8528658,32.4873775],[130.8627319,32.4936611],[130.8766669,32.485035],[130.8789008,32.4764103],[130.8911478,32.4769992],[130.9010822,32.4680425],[130.8980808,32.4518569],[130.9028992,32.4425981],[130.9100111,32.4397983],[130.9409883,32.4384483],[130.9655372,32.4520583],[130.9876186,32.4471744],[131.0143361,32.4627489]]}},{"type":"Feature","properties":{"areaCode1":"741","areaCode2":"743"},"geometry":{"type":"LineString","coordinates":[[130.5269333,32.3827633],[130.5308386,32.3671494],[130.5384531,32.3646769],[130.5478822,32.3679947],[130.5529636,32.3803608],[130.5590194,32.3825911],[130.5777558,32.3717017],[130.5883292,32.3766064],[130.5960806,32.3722642],[130.6100114,32.3758256],[130.6215617,32.3729128],[130.6252233,32.3645072],[130.6327739,32.36777],[130.6421928,32.3648886]]}},{"type":"Feature","properties":{"areaCode1":"741","areaCode2":"743"},"geometry":{"type":"LineString","coordinates":[[130.5269333,32.3827633],[130.5341614,32.3830247],[130.5302725,32.3873233],[130.543445,32.4058194],[130.5380622,32.4102775]]}},{"type":"Feature","properties":{"areaCode1":"741","areaCode2":"753"},"geometry":{"type":"LineString","coordinates":[[130.8398078,33.1002294],[130.8398231,33.1040525]]}},{"type":"Feature","properties":{"areaCode1":"741","areaCode2":"753"},"geometry":{"type":"LineString","coordinates":[[130.8398078,33.1002294],[130.845745,33.0921769],[130.8633639,33.0953122],[130.8673092,33.0902936],[130.8767356,33.0919253],[130.8861967,33.0874547],[130.8971914,33.0654183],[130.9080019,33.0641733],[130.9158514,33.0534847],[130.9349747,33.0551383],[130.9551717,33.0485617],[130.9702722,33.0237614]]}},{"type":"Feature","properties":{"areaCode1":"741","areaCode2":"761"},"geometry":{"type":"LineString","coordinates":[[131.0069589,32.4900592],[131.0094064,32.5154069],[131.0256142,32.5211103],[131.0181039,32.5468608],[131.0239472,32.5533353],[131.0389614,32.5544275],[131.0432503,32.5823414],[131.0539294,32.5878939],[131.0911758,32.5786344],[131.1080364,32.5817567],[131.1059356,32.5890758],[131.1134753,32.5913794],[131.1206222,32.6053225],[131.1162067,32.6094886],[131.1198711,32.6291478],[131.1155489,32.6421058],[131.1235425,32.6444678],[131.1270481,32.6541303],[131.1401908,32.6646478],[131.143535,32.6762814],[131.1513892,32.6800583],[131.1629325,32.6717131],[131.1751028,32.6719331],[131.1724703,32.6847489],[131.1804072,32.7001278],[131.1799675,32.7120781],[131.1950269,32.725315],[131.2123469,32.7288806],[131.2350061,32.7443317],[131.2342244,32.7534369]]}},{"type":"Feature","properties":{"areaCode1":"741","areaCode2":"761"},"geometry":{"type":"LineString","coordinates":[[131.0069589,32.4900592],[131.0163794,32.4736164],[131.0143361,32.4627489]]}},{"type":"Feature","properties":{"areaCode1":"742","areaCode2":"743"},"geometry":{"type":"LineString","coordinates":[[130.5794008,32.1943833],[130.5869639,32.2071781],[130.5812303,32.2113447],[130.5876244,32.2298811],[130.5842578,32.2416506],[130.5933006,32.2537936],[130.5904244,32.2621183],[130.6138758,32.2771383],[130.6036247,32.2801247],[130.6041808,32.2913542],[130.5986225,32.2947817],[130.6124447,32.3105975],[130.6009244,32.3272917],[130.6032008,32.3410447],[130.6096058,32.3475814],[130.6375764,32.3558383],[130.6421928,32.3648886]]}},{"type":"Feature","properties":{"areaCode1":"742","areaCode2":"743"},"geometry":{"type":"LineString","coordinates":[[130.5794008,32.1943833],[130.5917208,32.1859581]]}},{"type":"Feature","properties":{"areaCode1":"742","areaCode2":"761"},"geometry":{"type":"LineString","coordinates":[[131.0143361,32.4627489],[131.0198922,32.4386742],[131.0433431,32.4084242],[131.0681206,32.4074839],[131.0732436,32.3914172],[131.0693078,32.3843186],[131.0798572,32.3742881],[131.0739892,32.3659144],[131.0780315,32.355112],[131.096548,32.3501888],[131.0992276,32.3416899],[131.1119069,32.3300069],[131.0785942,32.2812231],[131.0505064,32.285825],[131.0542444,32.2670644],[131.0416222,32.2578997],[131.0468328,32.2442544],[131.0571983,32.2458947],[131.0715644,32.2368908],[131.0689656,32.2257144],[131.0773725,32.2212403],[131.0842111,32.2062131],[131.1005317,32.2015428],[131.1044353,32.1916486],[131.1014439,32.1727053],[131.1089656,32.1601486]]}},{"type":"Feature","properties":{"areaCode1":"742","areaCode2":"763"},"geometry":{"type":"LineString","coordinates":[[130.7206017,32.1007994],[130.7352361,32.1089483],[130.7419922,32.0978836],[130.7516239,32.1040689],[130.7594175,32.0968078],[130.7756003,32.1019133],[130.8207967,32.0949244],[130.8387011,32.1072656],[130.8574478,32.0996931],[130.8690928,32.1148953],[130.9060119,32.1335944],[130.9330853,32.1160825],[130.9442586,32.1196439],[130.9555947,32.1154133],[130.9745258,32.1208356],[130.9747775,32.1370525],[130.9926358,32.1480417],[130.995855,32.1558653],[130.9923869,32.1579231],[131.0121261,32.1743308],[131.0216239,32.1690322],[131.0373536,32.1702119],[131.0587647,32.1548272],[131.0717992,32.1602825],[131.0972183,32.1521967],[131.1089656,32.1601486]]}},{"type":"Feature","properties":{"areaCode1":"742","areaCode2":"770"},"geometry":{"type":"LineString","coordinates":[[130.5917208,32.1859581],[130.6104667,32.1866631],[130.6167225,32.1736803],[130.6146031,32.167655],[130.6226961,32.1560586],[130.6516439,32.1512658],[130.6550094,32.1356814],[130.6990728,32.1069994],[130.7206017,32.1007994]]}},{"type":"Feature","properties":{"areaCode1":"743","areaCode2":""},"geometry":{"type":"LineString","coordinates":[[129.9671969,32.2431239],[129.9919064,32.2848717],[130.0039608,32.2879894],[130.0108936,32.2983911],[130.0261725,32.3004156],[130.0259342,32.2873192],[130.0307511,32.2852669],[130.0324933,32.2744675],[130.0376775,32.2790769],[130.0323764,32.2838353],[130.0369275,32.2857297],[130.0297225,32.2870822],[130.0288064,32.2990233],[130.0424267,32.3032011],[130.0453861,32.2976989],[130.0504788,32.3046077],[130.0451043,32.2921846],[130.0515167,32.2880358],[130.0517311,32.2787613],[130.0601217,32.2798956],[130.0610849,32.2759858],[130.0672267,32.2877997],[130.0612298,32.296118],[130.0716911,32.3003328],[130.0656977,32.3057766],[130.0565778,32.3035342],[130.0546869,32.3091831],[130.0406386,32.3149367],[130.0369797,32.3049992],[130.0307303,32.3031667],[130.0268947,32.3161731],[130.0252636,32.3077856],[130.0182306,32.3093683],[130.0175173,32.3142092],[130.0067084,32.3112043],[130.005094,32.3157879],[130.0020294,32.3054217],[129.9942208,32.3065381],[129.9945213,32.3222538],[129.9869556,32.3173283],[129.9866306,32.3229097],[129.9768647,32.3291842],[129.9810692,32.3417447],[129.9748069,32.3559064],[129.9853495,32.3740651],[129.9946944,32.3781308],[129.9882597,32.3837742],[130.0032069,32.4022722],[129.9972372,32.4048317],[130.0048603,32.4115803],[130.001155,32.4146697],[130.0036931,32.4245557],[130.0377668,32.4660286],[130.0384386,32.4748438],[130.0312254,32.4769431],[130.0312453,32.4860985],[130.0314329,32.4770724],[130.035137,32.4760039],[130.0376364,32.4827329],[130.0341614,32.4839316],[130.0473647,32.4910375],[130.0403768,32.5090521],[130.0322484,32.5150343],[130.0362986,32.5124458],[130.0338693,32.5195321],[130.012605,32.5297704],[130.0254072,32.5377375],[130.0376983,32.5360251],[130.0425813,32.528592],[130.0391258,32.5246622],[130.0422858,32.5286931],[130.0391668,32.5327601],[130.0330675,32.5315226],[130.0341809,32.5217321],[130.0459595,32.5125911],[130.0520498,32.5177192],[130.0660248,32.5158853],[130.0688406,32.5210425],[130.0862923,32.5255738],[130.1090779,32.5415323],[130.116286,32.5414324],[130.1188172,32.5486325],[130.1343101,32.5437762],[130.1352909,32.5477778],[130.1597888,32.5511227],[130.1890147,32.5487715],[130.188228,32.5360374],[130.1912996,32.5390544],[130.1998542,32.5358264],[130.1936275,32.5298564],[130.1958695,32.5176627],[130.1903811,32.5138283],[130.1938339,32.5123033],[130.1948643,32.5178546],[130.1986578,32.5099292],[130.1924399,32.4968514],[130.1978388,32.4942446],[130.1921456,32.4962017],[130.2056127,32.4797229],[130.2031913,32.4742094],[130.2085985,32.4723101],[130.1969743,32.4585001],[130.2038433,32.4574246],[130.1980423,32.4576457],[130.2031944,32.4535653],[130.2085925,32.4260886],[130.2170856,32.4242178],[130.2167941,32.420316],[130.2058003,32.4207792],[130.2127299,32.4204335],[130.1977719,32.4053953],[130.2013636,32.3917353],[130.193297,32.3878735],[130.1994181,32.3850772],[130.207798,32.3962673],[130.2193933,32.3925465],[130.2155011,32.3876878],[130.2216713,32.3885771],[130.2235956,32.3833836],[130.21835,32.3829581],[130.2174037,32.3766005],[130.2208252,32.3784471],[130.2256962,32.3686181],[130.2150306,32.3563885],[130.216162,32.3592136],[130.2104652,32.3570703],[130.2117466,32.3530561],[130.213885,32.3562852],[130.2068125,32.3481799],[130.209192,32.3367552],[130.2029488,32.3320732],[130.2044317,32.3251811],[130.1937508,32.3235514],[130.1815372,32.3110806],[130.1729125,32.3104206],[130.1667886,32.3230711],[130.1778244,32.3380786],[130.1638758,32.3290978],[130.1612644,32.3358672],[130.1575384,32.3351848],[130.1601408,32.3213967],[130.1516292,32.3222758],[130.1570231,32.312365],[130.1487497,32.3114461],[130.1429956,32.3173138],[130.1396106,32.2973721],[130.1449022,32.2970864],[130.1458906,32.30388],[130.148405,32.2994372],[130.1482458,32.3024986],[130.1634389,32.3018283],[130.1665372,32.2961117],[130.1608838,32.2896651],[130.1445175,32.28147],[130.1366619,32.2915839],[130.1145439,32.2663381],[130.109022,32.2654994],[130.1121561,32.2609483],[130.1067561,32.2535292],[130.09156,32.2541014],[130.0936664,32.2468767],[130.1028931,32.2489569],[130.1020583,32.2350772],[130.0899422,32.2267439],[130.0841286,32.2377767],[130.0893453,32.2366328],[130.0854675,32.2421011],[130.0918911,32.2437106],[130.0797856,32.2425338],[130.0783686,32.2341347],[130.0829094,32.2306958],[130.0724907,32.2237239],[130.08635,32.2197472],[130.0776142,32.2121025],[130.0570925,32.2110025],[130.0450558,32.1990897],[130.0435669,32.2096066],[130.0383045,32.2121735],[130.0387319,32.2063],[130.031958,32.2117561],[130.033357,32.2154226],[130.0287847,32.2144771],[130.034702,32.2010694],[130.0321804,32.1955949],[130.0274974,32.1980481],[130.0280301,32.1937315],[130.0212257,32.1932218],[130.0249972,32.1919099],[130.02289,32.1887301],[130.0129922,32.1895388],[130.0114422,32.2019475],[130.0108032,32.1962132],[130.0017493,32.1900278],[129.9906361,32.1972331],[129.9980131,32.2054653],[129.9965744,32.2173319],[130.0004786,32.221645],[130.0035872,32.2181217],[130.0034678,32.2224511],[130.0066494,32.2213181],[130.0047772,32.2112913],[130.0147033,32.2224178],[130.0065756,32.2426342],[130.0039047,32.2352828],[129.9883344,32.2401478],[130.0009214,32.2492022],[129.9992962,32.2537587],[129.9860211,32.2417261],[129.9833167,32.2462361],[129.9736925,32.2397303],[129.9671969,32.2431239]]}},{"type":"Feature","properties":{"areaCode1":"743","areaCode2":""},"geometry":{"type":"LineString","coordinates":[[130.0152686,32.1716717],[130.0209025,32.1581686],[130.0244425,32.1710292],[130.0322306,32.1751681],[130.0470019,32.1564844],[130.0434456,32.1629511],[130.0486639,32.1677267],[130.0325955,32.1808142],[130.0400256,32.1811444],[130.0317866,32.1909259],[130.019237,32.1860224],[130.0240642,32.180935],[130.0190333,32.1808728],[130.0169519,32.1759564],[130.021708,32.1736332],[130.0152686,32.1716717]]}},{"type":"Feature","properties":{"areaCode1":"743","areaCode2":""},"geometry":{"type":"LineString","coordinates":[[130.2044156,32.4479818],[130.2100805,32.4313457],[130.2200233,32.4248775],[130.2235617,32.4131519],[130.2328278,32.4153925],[130.2285575,32.4208189],[130.2461149,32.4084192],[130.2429586,32.3997581],[130.2473289,32.4011938],[130.2468364,32.3951017],[130.2403956,32.3965333],[130.2341142,32.3851006],[130.2524406,32.3875106],[130.2615321,32.4105605],[130.2745555,32.4123479],[130.2862103,32.3973253],[130.2916281,32.401215],[130.3069401,32.3946247],[130.3250128,32.4016617],[130.3293419,32.3979133],[130.3340625,32.40399],[130.3427721,32.4052109],[130.3394606,32.4057711],[130.349375,32.4217169],[130.3550569,32.4069233],[130.3449502,32.3947946],[130.3507025,32.3986914],[130.3514964,32.3824564],[130.3555302,32.3825218],[130.3520333,32.3787988],[130.3616548,32.3807004],[130.3668687,32.3897491],[130.3767665,32.3894404],[130.3804488,32.3823859],[130.39223,32.3949024],[130.4040169,32.3944379],[130.400731,32.4005566],[130.4034869,32.3984959],[130.4042544,32.4086714],[130.4110525,32.4150659],[130.4021339,32.4269624],[130.4157733,32.4223831],[130.4239672,32.4325072],[130.4156161,32.4302398],[130.4063129,32.4352034],[130.4124964,32.4376036],[130.4101424,32.4406087],[130.4186316,32.439072],[130.4148619,32.4407815],[130.4173698,32.4486332],[130.4286299,32.4551824],[130.4373359,32.4693819],[130.4374792,32.4861623],[130.4579531,32.5156659],[130.4614171,32.5294168],[130.4517099,32.5267242],[130.4552067,32.5221763],[130.4379852,32.5276358],[130.4311772,32.5209482],[130.4343448,32.518023],[130.4288676,32.5161566],[130.4175835,32.524627],[130.4163006,32.5186009],[130.4107874,32.520129],[130.4024869,32.5145795],[130.4051783,32.5116719],[130.4003844,32.5107365],[130.4041261,32.5082822],[130.4000528,32.5092171],[130.3946812,32.5000178],[130.3893263,32.5046385],[130.3875178,32.5187011],[130.3792097,32.5115369],[130.3820692,32.5154239],[130.3779032,32.5167498],[130.3817508,32.5180811],[130.3770211,32.5183011],[130.3846172,32.5243381],[130.3780319,32.5236672],[130.37007,32.5128508],[130.3686861,32.5207875],[130.3738742,32.5243819],[130.3672622,32.5280031],[130.3618608,32.5211086],[130.3619808,32.5283143],[130.3432611,32.5216431],[130.3398126,32.5139197],[130.3347797,32.5218906],[130.3197796,32.5192179],[130.2939331,32.4979375],[130.2913806,32.4926722],[130.2945511,32.4924356],[130.2867376,32.4878476],[130.2911851,32.4843399],[130.2859474,32.4876029],[130.2541228,32.4769622],[130.2472541,32.4678849],[130.2060751,32.4526636],[130.2044156,32.4479818]]}},{"type":"Feature","properties":{"areaCode1":"743","areaCode2":""},"geometry":{"type":"LineString","coordinates":[[130.2991975,32.3576639],[130.3038322,32.3632786],[130.3110431,32.3577656],[130.3133936,32.3680703],[130.3140244,32.3649081],[130.3219525,32.3681156],[130.3238648,32.3575383],[130.3278028,32.3646883],[130.3279492,32.3574558],[130.3423456,32.3554044],[130.339245,32.3473147],[130.3295697,32.3478558],[130.3214356,32.3404369],[130.3171392,32.3439094],[130.3101997,32.3392533],[130.3137258,32.3471342],[130.3239917,32.3488367],[130.3019197,32.3506739],[130.2991975,32.3576639]]}},{"type":"Feature","properties":{"areaCode1":"743","areaCode2":""},"geometry":{"type":"LineString","coordinates":[[130.3004114,32.3044083],[130.3090689,32.3109139],[130.315285,32.30898],[130.3218728,32.3174472],[130.3307076,32.3128969],[130.33447,32.3288299],[130.3297417,32.3273919],[130.3293303,32.3332381],[130.34718,32.3505678],[130.3556647,32.3526999],[130.3635309,32.3458785],[130.3676857,32.3510814],[130.3743755,32.3486729],[130.3740803,32.3429919],[130.3448947,32.3123342],[130.3287861,32.3043067],[130.3210506,32.3076667],[130.3004114,32.3044083]]}},{"type":"Feature","properties":{"areaCode1":"743","areaCode2":""},"geometry":{"type":"LineString","coordinates":[[130.3599785,32.1808837],[130.3719099,32.1841048],[130.3697268,32.1776624],[130.3780187,32.1764512],[130.3746322,32.1872427],[130.3791302,32.1884606],[130.3764138,32.1965566],[130.3797175,32.1980042],[130.3712881,32.2015546],[130.384617,32.2075871],[130.3776405,32.2117051],[130.3882496,32.2142992],[130.383877,32.2172213],[130.402366,32.2353997],[130.4099885,32.2306106],[130.4097677,32.2341544],[130.4225873,32.2381674],[130.4241658,32.2335524],[130.4348204,32.2331349],[130.4360697,32.2404121],[130.4241494,32.2499553],[130.4360784,32.2536613],[130.4282439,32.2644979],[130.4507378,32.2722581],[130.4449586,32.2786297],[130.4525034,32.2811468],[130.4488493,32.2877416],[130.4588991,32.2905951],[130.4578984,32.2849176],[130.4658541,32.2771355],[130.4642951,32.2956574],[130.4775972,32.286958],[130.4907989,32.2987911],[130.4732322,32.2996866],[130.4821873,32.2993855],[130.4834399,32.3031874],[130.4703308,32.3005051],[130.4717092,32.3163988],[130.4666386,32.3186501],[130.4693736,32.3242684],[130.4651101,32.3264573],[130.4715339,32.3267028],[130.4739121,32.331679],[130.4748421,32.3273579],[130.4822401,32.3275928],[130.4825863,32.3447901],[130.4946903,32.3525883],[130.5070461,32.3536889],[130.5033254,32.3608279],[130.4999794,32.3571854],[130.4956581,32.3624286],[130.4864125,32.3596599],[130.4862528,32.3632182],[130.5133708,32.3920542],[130.5380622,32.4102775]]}},{"type":"Feature","properties":{"areaCode1":"743","areaCode2":""},"geometry":{"type":"LineString","coordinates":[[130.3599785,32.1808837],[130.3686396,32.1732286],[130.3633419,32.1745524],[130.3648808,32.1699347],[130.3607904,32.1686099]]}},{"type":"Feature","properties":{"areaCode1":"743","areaCode2":""},"geometry":{"type":"LineString","coordinates":[[130.3935676,32.5885246],[130.3995809,32.581499],[130.4165813,32.581962],[130.4195096,32.5750583],[130.407207,32.5676171],[130.4050266,32.5508467],[130.4112165,32.553125],[130.4223343,32.5456609],[130.4251039,32.5475759],[130.4211841,32.5526377],[130.4302086,32.5471156],[130.4408671,32.5477173],[130.4415966,32.5555977],[130.4459529,32.5501445],[130.4420214,32.547592],[130.4463037,32.548214],[130.4533175,32.5540717],[130.4465123,32.5559026],[130.4507492,32.5666522],[130.4422809,32.5718847],[130.4483146,32.57104],[130.4490745,32.5777511],[130.4522617,32.5759139],[130.4599251,32.5888009],[130.4553121,32.5865926],[130.4531083,32.5929581],[130.4447175,32.5917775],[130.4452177,32.5967256],[130.4412769,32.5950014],[130.4452299,32.5991541],[130.4408102,32.6017592],[130.4516431,32.6015108],[130.4494935,32.6063155],[130.4580607,32.6142311],[130.4439512,32.6187016],[130.4430818,32.6258673],[130.4304776,32.613495],[130.419587,32.6175289],[130.4195514,32.6091939],[130.4237443,32.6104085],[130.4251526,32.6037644],[130.4154928,32.6067447],[130.4179498,32.6167638],[130.4109907,32.6146902],[130.4107367,32.6037089],[130.3935676,32.5885246]]}},{"type":"Feature","properties":{"areaCode1":"743","areaCode2":""},"geometry":{"type":"LineString","coordinates":[[130.4077826,32.3924479],[130.4150689,32.3994449],[130.4236175,32.3928513],[130.4241256,32.3814195],[130.4366243,32.3818043],[130.4182772,32.3671149],[130.4214373,32.3785666],[130.4096262,32.383401],[130.4077826,32.3924479]]}},{"type":"Feature","properties":{"areaCode1":"743","areaCode2":""},"geometry":{"type":"LineString","coordinates":[[130.4601766,32.5719799],[130.4625292,32.580117],[130.4733469,32.588068],[130.4873906,32.5704552],[130.4640934,32.5394008],[130.4662759,32.5556705],[130.4601766,32.5719799]]}},{"type":"Feature","properties":{"areaCode1":"743","areaCode2":"770"},"geometry":{"type":"LineString","coordinates":[[130.3607904,32.1686099],[130.3866239,32.1474519],[130.4024131,32.120355],[130.4288367,32.1138253],[130.4488211,32.1167806],[130.4537347,32.1129047],[130.46331,32.1188156],[130.4670328,32.1156558],[130.4735022,32.1186133],[130.4769017,32.1389878],[130.4918506,32.1335861],[130.5055175,32.1406589],[130.5207411,32.1352394],[130.5402933,32.1366758],[130.5419575,32.1494847],[130.5826778,32.1549139],[130.5967689,32.1759686],[130.5917208,32.1859581]]}},{"type":"Feature","properties":{"areaCode1":"750","areaCode2":""},"geometry":{"type":"LineString","coordinates":[[131.1855716,33.6168494],[131.1880023,33.6197277],[131.1891957,33.614791],[131.1908735,33.6199361],[131.2045544,33.6170789],[131.2166404,33.6090162],[131.213858,33.6051519],[131.2385316,33.6011583],[131.2387615,33.608993],[131.2453436,33.6152526],[131.2393762,33.6063163],[131.2466791,33.6114813],[131.2531174,33.6068752],[131.257669,33.6126236],[131.2547341,33.6161426],[131.2586453,33.6034703],[131.2557347,33.5989526],[131.2819879,33.5801897],[131.3296175,33.5821609],[131.3352944,33.5768871],[131.3382651,33.5801348],[131.3350355,33.5764028],[131.3407899,33.57105],[131.364567,33.5790528],[131.3723278,33.575651],[131.3724826,33.5812423],[131.3792921,33.5762937],[131.4006585,33.5737466],[131.4016584,33.5792366],[131.4034278,33.5727922],[131.4127499,33.5736153],[131.4092656,33.5793507],[131.426911,33.5674705],[131.4345268,33.5703457],[131.4246395,33.5790011],[131.4230731,33.5948884],[131.4235078,33.5821328],[131.4305831,33.5740732],[131.4245164,33.5821652],[131.4240045,33.5930636],[131.4622518,33.6191918],[131.469722,33.6145017],[131.4643763,33.6193674],[131.4719234,33.6179736],[131.4786643,33.6328706],[131.475634,33.6347001],[131.4797164,33.6322598],[131.4759604,33.6350668],[131.4843064,33.6369914],[131.4792566,33.6387049],[131.4851974,33.6477919],[131.4945826,33.6436764],[131.4977929,33.6455764],[131.495123,33.6545015],[131.5049757,33.6565376],[131.4968788,33.6637887],[131.499892,33.6712801],[131.5068424,33.6705527],[131.5067208,33.6748853],[131.5168295,33.6694837],[131.5247915,33.6764146],[131.5293461,33.6730959],[131.5221637,33.6842017],[131.5342143,33.6766271],[131.5375528,33.67994],[131.5440123,33.6771965],[131.560695,33.6868622],[131.56783,33.6791028],[131.5663396,33.6747387],[131.5755099,33.6750667],[131.5735507,33.6867539],[131.5855844,33.6926081],[131.5969556,33.6858298],[131.6075161,33.6869033],[131.6072352,33.6786349],[131.6162118,33.6749705],[131.6195978,33.6808575],[131.6301975,33.67432],[131.6304425,33.6821531],[131.6358111,33.6822708],[131.6437971,33.6768931],[131.6428369,33.6728],[131.6520491,33.6710525],[131.6466866,33.6688058],[131.6472744,33.6623618],[131.6516411,33.6605948],[131.6618081,33.6703981],[131.6795278,33.6437778],[131.6928835,33.6402496],[131.7035689,33.6091203],[131.7094058,33.6041341],[131.7183115,33.6046544],[131.7141888,33.604583],[131.7337784,33.5827989],[131.7343608,33.5670536],[131.7393831,33.5713542],[131.7360872,33.5644525],[131.7392593,33.5668491],[131.7412987,33.562844],[131.7408527,33.5463961],[131.745048,33.542004],[131.738603,33.5374681],[131.7322621,33.5006833],[131.7290622,33.5009172],[131.7324207,33.4880841],[131.7389303,33.4939442],[131.7395556,33.4663436],[131.7343708,33.4649366],[131.733697,33.4706163],[131.7261421,33.4653216],[131.7314221,33.465155],[131.7244031,33.4606992],[131.7187517,33.4479844]]}},{"type":"Feature","properties":{"areaCode1":"750","areaCode2":""},"geometry":{"type":"LineString","coordinates":[[131.6310381,33.7185854],[131.6401062,33.7280945],[131.6405072,33.7249561],[131.6426628,33.7329817],[131.6477814,33.7286918],[131.6549267,33.7301646],[131.6675772,33.7402392],[131.7015561,33.7302762],[131.6901703,33.7323783],[131.6670029,33.7170278],[131.6505587,33.7198261],[131.6528863,33.7223214],[131.6488107,33.7185613],[131.6513835,33.7221931],[131.6439865,33.7208517],[131.6472908,33.7183238],[131.6310381,33.7185854]]}},{"type":"Feature","properties":{"areaCode1":"750","areaCode2":"751"},"geometry":{"type":"LineString","coordinates":[[131.3326764,33.3175086],[131.3527306,33.3093858],[131.3591236,33.3157939],[131.3724008,33.3184778],[131.3745692,33.3254658],[131.3990086,33.3253944],[131.4010497,33.3499361],[131.4149633,33.3487267],[131.4329481,33.3573031],[131.42525,33.3727475],[131.4079442,33.3755075],[131.4059736,33.3802086],[131.4134647,33.3980897],[131.4199447,33.4014642],[131.4174836,33.4134331],[131.4247319,33.4157161],[131.4281328,33.4316292],[131.433345,33.4361417],[131.4272097,33.4474758],[131.4240669,33.4724117],[131.413625,33.4771983],[131.4055906,33.4897328],[131.4242711,33.5063972],[131.4385464,33.4988439],[131.4388872,33.5097247],[131.4210111,33.5170378],[131.43654,33.5235522],[131.4484775,33.5273139],[131.4574608,33.5089286],[131.4737847,33.5044564],[131.4836275,33.4932894],[131.5048797,33.4856067],[131.5065525,33.4801897],[131.523,33.4753042],[131.5354931,33.4771122],[131.5317419,33.5020261],[131.54557,33.5142217],[131.5610522,33.5446892],[131.5864461,33.5594728],[131.5893828,33.5554317],[131.5854103,33.5347786],[131.5982158,33.5125175],[131.5972644,33.5048047],[131.6017253,33.5044139],[131.6088006,33.4704233],[131.6284658,33.4659292],[131.6357186,33.4556883],[131.6572453,33.4566869],[131.6503458,33.4382881],[131.6534514,33.4355353],[131.6828856,33.4376756],[131.6869572,33.4454319],[131.7061817,33.4526183],[131.7187517,33.4479844]]}},{"type":"Feature","properties":{"areaCode1":"750","areaCode2":"753"},"geometry":{"type":"LineString","coordinates":[[130.9262858,33.4576239],[130.9287428,33.4522058],[130.9426325,33.4461314],[130.9460819,33.4337994],[130.9632214,33.4310047],[130.9663539,33.4219564],[130.9840311,33.4103864],[130.9915575,33.3995464],[131.0089372,33.3926133],[131.0127942,33.3845114],[131.0098328,33.3805481],[131.0206369,33.3733317],[131.0251964,33.3584708],[131.0570619,33.3607936],[131.0679592,33.383465],[131.0987828,33.3885042],[131.1185233,33.3758022],[131.1153164,33.3722025],[131.1315031,33.3647983],[131.1285367,33.3721583],[131.1393008,33.3805831],[131.1461636,33.3786764],[131.1553864,33.3641733],[131.1678642,33.3699719],[131.1787392,33.3539019],[131.1898383,33.3563878],[131.1968108,33.3485122],[131.2108422,33.3613697],[131.2260728,33.36158],[131.2314175,33.3561769],[131.2401267,33.3568678],[131.2421228,33.3623886],[131.2506094,33.3615883],[131.2678592,33.3498331],[131.2775003,33.334985],[131.3031436,33.3371044],[131.3126744,33.3228281],[131.3326764,33.3175086]]}},{"type":"Feature","properties":{"areaCode1":"751","areaCode2":""},"geometry":{"type":"LineString","coordinates":[[131.4952913,33.3396838],[131.5126232,33.267488],[131.5796597,33.248607],[131.5857258,33.2513935],[131.5822802,33.2490707],[131.5892404,33.2456526],[131.5940315,33.247056],[131.5872939,33.2513596],[131.5933095,33.2502179],[131.5974885,33.2555543],[131.6017101,33.2496377],[131.6081066,33.2535726],[131.5992022,33.2565719],[131.6143032,33.2620918],[131.6240633,33.2601597],[131.6246585,33.2643105],[131.6584797,33.2731802],[131.6592492,33.2773508],[131.6687109,33.258315],[131.6723779,33.2601906],[131.66809,33.2762436],[131.6637157,33.2780104],[131.6686096,33.2754479],[131.6768759,33.2795064],[131.679557,33.2680951],[131.6851242,33.2662757],[131.6795326,33.2801658],[131.7052343,33.2745753],[131.7154924,33.2688679],[131.7101665,33.2614227],[131.7185284,33.2664719],[131.7344431,33.2566894],[131.7339579,33.2514506],[131.7432079,33.2489663],[131.7442113,33.2529554],[131.7512735,33.2482922],[131.7467712,33.2438359],[131.7587193,33.240258],[131.7545031,33.2415136],[131.7545889,33.2523474],[131.7661824,33.2522773],[131.7729166,33.2448938],[131.7793297,33.2546605],[131.7796891,33.2477371],[131.7713828,33.241082],[131.7792833,33.2470851],[131.8059882,33.2420031],[131.8563789,33.2556944],[131.8744181,33.2495285],[131.8677766,33.2594772],[131.8919765,33.2686495],[131.9026833,33.2678046],[131.9038322,33.2626373],[131.8920163,33.2452988],[131.8757732,33.2445527],[131.8788497,33.2430833],[131.8711169,33.2329846],[131.877108,33.2298447],[131.8767954,33.2239339],[131.8607128,33.2045434],[131.8691939,33.2013545],[131.832808,33.1810875],[131.8340464,33.1766762],[131.8209994,33.1578399],[131.8257504,33.1544683],[131.8288879,33.1614745],[131.8285605,33.1501149],[131.8098565,33.1387925],[131.8076259,33.1302902],[131.7983674,33.1271543],[131.8131949,33.1273794],[131.8091707,33.1211393],[131.8145255,33.1218724],[131.8148115,33.1274669],[131.815004,33.1227036],[131.8259902,33.1210614],[131.8312037,33.1265872],[131.8388681,33.1236902],[131.8355605,33.118565],[131.8434381,33.1143003],[131.8616807,33.128029],[131.8671508,33.1253522],[131.8698939,33.1314103],[131.8779559,33.1306877],[131.8757556,33.1225708],[131.8837596,33.1219483],[131.8862933,33.1277525],[131.8928305,33.1246076],[131.8987644,33.1356486],[131.9013412,33.1273623],[131.9151586,33.1237796],[131.8973933,33.1162524],[131.9010199,33.1101853],[131.8956036,33.1072001],[131.8799625,33.1091535],[131.8757839,33.104159],[131.8806384,33.1032318],[131.8682586,33.0961258],[131.869224,33.0904855],[131.8514858,33.0895371],[131.8681406,33.0834389],[131.8616225,33.0830216],[131.8589023,33.0774141],[131.8746428,33.0786056],[131.8857531,33.0728537],[131.8887243,33.0750979],[131.8812296,33.0779842],[131.8850091,33.0843427],[131.9019369,33.0752794],[131.9110172,33.0826189],[131.9138104,33.073809],[131.9099567,33.0681376],[131.9176566,33.0670489],[131.9200538,33.0711059],[131.9252859,33.0658442],[131.9294772,33.0687971],[131.9237463,33.0743685],[131.9326792,33.0745268],[131.9349202,33.0832753],[131.928885,33.0917633],[131.9408799,33.0968577],[131.9361864,33.0885272],[131.9372517,33.081258],[131.9423362,33.0812397],[131.9394314,33.0764231],[131.9429678,33.0694561],[131.9534241,33.0662198],[131.9524157,33.0707529],[131.9662864,33.0733981],[131.9658421,33.065293],[131.9709837,33.0615055],[131.9758297,33.0671473],[131.9889592,33.0683537],[131.986109,33.0879574],[132.001169,33.0965496],[131.9954283,33.0808406],[132.0025694,33.0699233]]}},{"type":"Feature","properties":{"areaCode1":"751","areaCode2":""},"geometry":{"type":"LineString","coordinates":[[131.4952913,33.3396838],[131.4988341,33.3602624],[131.5239759,33.3677043],[131.5389291,33.3654447],[131.5497237,33.3501161],[131.556999,33.3498406],[131.5561036,33.3532384],[131.5869119,33.3453892],[131.5831571,33.3539114],[131.5887476,33.3465247],[131.5935047,33.3473823],[131.5990166,33.3594167],[131.5971343,33.3716653],[131.6434014,33.37495],[131.6500656,33.3840589],[131.6459314,33.3933364],[131.635728,33.399278],[131.6415333,33.4001824],[131.643296,33.4061309],[131.6374314,33.403011],[131.6401694,33.4063462],[131.6342728,33.4078308],[131.642422,33.4080049],[131.6271189,33.4110131],[131.6346242,33.4158128],[131.6347966,33.4197083],[131.6284578,33.4206051],[131.6355764,33.4233939],[131.6519623,33.4144663],[131.6467856,33.4203235],[131.6570565,33.4233038],[131.6736878,33.4173676],[131.6688431,33.410482],[131.6611564,33.4092081],[131.6772089,33.4109639],[131.6917578,33.4047272],[131.7014961,33.4059908],[131.7098336,33.4354222],[131.7187517,33.4479844]]}},{"type":"Feature","properties":{"areaCode1":"751","areaCode2":"752"},"geometry":{"type":"LineString","coordinates":[[131.4187344,33.0920592],[131.4236225,33.0792214],[131.4558836,33.0969097],[131.4584858,33.0767592],[131.4731511,33.0699378],[131.4827372,33.0736028],[131.4827206,33.0789522],[131.4854356,33.0737939],[131.4957292,33.0765997],[131.5019619,33.0866956],[131.49654,33.0920742],[131.5063969,33.1002972],[131.5217225,33.1024619],[131.5549511,33.1204203],[131.55941,33.1104642],[131.5685744,33.1104717],[131.5776217,33.1003831],[131.5878436,33.0975397],[131.6061314,33.1022811],[131.6412092,33.0871375],[131.6441319,33.0821478],[131.6542878,33.0826706],[131.6629211,33.0906389],[131.6788494,33.0872564],[131.6607856,33.0786875],[131.6592561,33.0700669],[131.6539514,33.0692072],[131.6529414,33.0597589],[131.6483483,33.0574386],[131.66065,33.0483531],[131.6587164,33.0370914],[131.6465225,33.0309914],[131.6347589,33.0339922],[131.6330553,33.0150853],[131.6285914,33.0139481],[131.6352653,33.0101489],[131.6328419,33.0053778],[131.6437708,33.0015583],[131.6578594,32.9788903],[131.6620069,32.9635533],[131.6591664,32.9602756],[131.6707853,32.9507519],[131.6811633,32.9514278],[131.7139289,32.9692708],[131.7512775,32.9717858],[131.7581625,32.967345],[131.7821961,32.9786494],[131.77482,32.9919283],[131.7744447,33.0033783],[131.7849139,33.0150461],[131.7851008,33.0223356],[131.7925267,33.0266478],[131.7900139,33.0344428],[131.8219069,33.0289656],[131.8344431,33.0394986],[131.8896122,33.0416367],[131.9047033,33.0551978],[131.9372086,33.0645483],[131.9460056,33.0586972],[131.9575592,33.0615811],[131.9726458,33.0534961],[132.0025694,33.0699233]]}},{"type":"Feature","properties":{"areaCode1":"751","areaCode2":"753"},"geometry":{"type":"LineString","coordinates":[[131.2563983,33.1241933],[131.2569847,33.1348164],[131.2754317,33.1490511],[131.2954664,33.1592964],[131.3057308,33.1588053],[131.3251264,33.1728561],[131.3181175,33.1777892],[131.3083858,33.1718939],[131.2953394,33.1797283],[131.3126014,33.1809728],[131.3035442,33.1915814],[131.2906372,33.1950431],[131.2694847,33.2313883],[131.2948906,33.24936],[131.2991769,33.2648392],[131.3333911,33.2926117],[131.3164806,33.3059544],[131.3249444,33.30788],[131.3326764,33.3175086]]}},{"type":"Feature","properties":{"areaCode1":"751","areaCode2":"753"},"geometry":{"type":"LineString","coordinates":[[131.2563983,33.1241933],[131.2710283,33.1251756],[131.2808325,33.1180481],[131.2914075,33.1208472],[131.3108775,33.1052236],[131.3332353,33.1096469],[131.3356481,33.1049611],[131.3489186,33.1052589],[131.3580153,33.1111225],[131.3531736,33.1194419],[131.3607544,33.1197731],[131.3598775,33.1244758],[131.3667717,33.1265197],[131.3715344,33.12438],[131.3766417,33.1395056],[131.3909214,33.1519381],[131.4482781,33.1498528],[131.4579747,33.1389067],[131.4439233,33.1426219],[131.4293633,33.1310653],[131.4288603,33.1234122],[131.4347528,33.1195581],[131.4308478,33.1132961],[131.4336475,33.1088258],[131.4187344,33.0920592]]}},{"type":"Feature","properties":{"areaCode1":"752","areaCode2":""},"geometry":{"type":"LineString","coordinates":[[131.8685166,32.7748252],[131.8763467,32.7781789],[131.87321,32.7875543],[131.8798791,32.7913034],[131.8962443,32.7643864],[131.8924058,32.7733183],[131.8970375,32.7795578],[131.8848861,32.7910926],[131.8903169,32.8049901],[131.8996543,32.8022217],[131.8963856,32.7871528],[131.9027119,32.7849333],[131.9074143,32.7938747],[131.9201978,32.7852553],[131.9174523,32.7963742],[131.9252723,32.8010853],[131.9268114,32.7965471],[131.9220633,32.7939618],[131.9274796,32.7926613],[131.9297402,32.7852281],[131.9366633,32.7844728],[131.9486828,32.7968754],[131.9472181,32.8062633],[131.9633296,32.8056099],[131.9665692,32.8002246],[131.9627212,32.8003227],[131.9632033,32.7943122],[131.9711958,32.7917047],[131.9767669,32.7953797],[131.971795,32.8025864],[131.9738533,32.8069381],[132.0079744,32.8266314],[132.0104411,32.8347422],[131.9860592,32.8462886],[131.9747581,32.8445528],[131.9801289,32.8447584],[131.9759981,32.8407342],[131.9872128,32.8325122],[131.9819709,32.825],[131.9632,32.8382998],[131.9678942,32.8220636],[131.9628113,32.8187794],[131.9577812,32.8365024],[131.9423972,32.8367742],[131.9566491,32.8412662],[131.9496781,32.8549362],[131.9616214,32.8468447],[131.9753714,32.856865],[131.9744233,32.8675161],[131.9846174,32.8627573],[131.9866453,32.8702842],[132.0010036,32.8785222],[132.00103,32.8857881],[132.0156146,32.8905731],[132.0033514,32.8916739],[131.9955852,32.8996568],[131.9933731,32.8903142],[131.9862797,32.8893467],[131.9840804,32.916162],[131.9772716,32.9230933],[131.9869584,32.9192779],[131.9897579,32.9241278],[131.9944383,32.9214707],[131.9959453,32.9116646],[132.0097089,32.9058169],[132.0086316,32.9251327],[132.0174664,32.9234809],[132.0165522,32.9300478],[132.027035,32.9357811],[132.0384681,32.9356744],[132.0386014,32.9282342],[132.0448128,32.9261723],[132.0497,32.9316872],[132.0475436,32.9375447],[132.0542283,32.9398994],[132.0633512,32.9344606],[132.0850747,32.9322628],[132.0788883,32.9453992],[132.0703423,32.9486605],[132.0583875,32.9456188],[132.0508456,32.9538392],[132.0506528,32.9487081],[132.0440367,32.9470842],[132.0333347,32.9540414],[132.0339447,32.9396903],[132.0227386,32.9403319],[132.0034469,32.9323675],[131.9968616,32.9381405],[132.0032075,32.9589208],[131.9958747,32.9530544],[131.9896839,32.9540231],[131.9925028,32.94599],[131.9820308,32.9393091],[131.9758406,32.9428557],[131.9788491,32.9467516],[131.9718526,32.9465294],[131.9750392,32.9637482],[131.9684146,32.9529373],[131.9601533,32.9601472],[131.961155,32.9486226],[131.9648009,32.9488287],[131.9596061,32.9455717],[131.9488939,32.9593753],[131.937655,32.9523742],[131.9354878,32.9619175],[131.9238322,32.9648056],[131.9271782,32.9740812],[131.9180614,32.975816],[131.916429,32.9700582],[131.9115143,32.9785088],[131.9031091,32.9775263],[131.9058703,32.9817234],[131.8954563,32.9812381],[131.8978691,32.9897001],[131.8898084,32.9925512],[131.8967497,32.9953879],[131.8985636,33.0067572],[131.9016717,32.9920614],[131.9082431,32.9992931],[131.9010711,33.0101519],[131.9227953,33.0263739],[131.9207753,33.0434058],[131.9274267,33.0442225],[131.9277869,33.0514489],[131.932326,33.053386],[131.9372331,33.0484315],[131.9432757,33.0539174],[131.9505303,33.0494092],[131.9580306,33.0517549],[131.9803622,33.0466122],[131.9970069,33.0568861],[132.0025778,33.0543186],[132.0181219,33.0597805],[132.0067236,33.0607614],[132.0025694,33.0699233]]}},{"type":"Feature","properties":{"areaCode1":"752","areaCode2":""},"geometry":{"type":"LineString","coordinates":[[131.8685166,32.7748252],[131.8798533,32.7655217],[131.8721883,32.7506581],[131.8846518,32.7503791],[131.8857072,32.7458681]]}},{"type":"Feature","properties":{"areaCode1":"752","areaCode2":""},"geometry":{"type":"LineString","coordinates":[[131.9101608,32.9884112],[131.9154699,32.9811261],[131.9244514,32.9803478],[131.9308622,32.9901136],[131.9447964,32.9938022],[131.9404486,32.9989558],[131.926256,32.9968124],[131.9435447,33.0160614],[131.9299178,33.0166478],[131.9238853,33.0102819],[131.9196778,33.0128594],[131.9173313,33.0039626],[131.9248031,33.0066068],[131.9247447,32.9998456],[131.9101608,32.9884112]]}},{"type":"Feature","properties":{"areaCode1":"752","areaCode2":"753"},"geometry":{"type":"LineString","coordinates":[[131.3469339,32.8288897],[131.3752836,32.8393239],[131.397035,32.8613242],[131.3880619,32.8670539],[131.4008381,32.8813825],[131.3994864,32.8982961],[131.3929314,32.9077778],[131.4006439,32.917495],[131.3966792,32.9304689],[131.4091094,32.9362656],[131.4065906,32.9457867],[131.4245717,32.9681342],[131.4188228,32.9733281],[131.4222372,32.9777603],[131.4170636,32.9837481],[131.4210508,32.9886886],[131.4179886,33.0030831],[131.3971392,33.0094047],[131.3902469,33.0171978],[131.3827011,33.0159944],[131.3785256,33.0267908],[131.3921156,33.0311494],[131.3885694,33.0375678],[131.4061508,33.0488522],[131.4023131,33.0515383],[131.4068475,33.0571139],[131.3993392,33.0569092],[131.3950892,33.061905],[131.4050253,33.0657253],[131.39926,33.0737203],[131.4187344,33.0920592]]}},{"type":"Feature","properties":{"areaCode1":"752","areaCode2":"753"},"geometry":{"type":"LineString","coordinates":[[131.3469339,32.8288897],[131.34706,32.8279731]]}},{"type":"Feature","properties":{"areaCode1":"752","areaCode2":"760"},"geometry":{"type":"LineString","coordinates":[[131.5084822,32.7742425],[131.5366169,32.7587031],[131.5683606,32.7540808],[131.5925119,32.7753142],[131.6688586,32.7665933],[131.6955989,32.7747622],[131.7107817,32.7722383],[131.7158911,32.7880631],[131.7294786,32.7997369],[131.7357281,32.8311017],[131.7668111,32.8389797],[131.7872722,32.833645],[131.7939006,32.8219453],[131.8066606,32.8221503],[131.8244278,32.8299272],[131.8344997,32.8196978],[131.8479708,32.8177719],[131.8581906,32.8219386],[131.8600781,32.8060706],[131.8442094,32.7766406],[131.8494494,32.7627339],[131.8441239,32.7476556],[131.8470092,32.73593],[131.8857072,32.7458681]]}},{"type":"Feature","properties":{"areaCode1":"752","areaCode2":"761"},"geometry":{"type":"LineString","coordinates":[[131.34706,32.8279731],[131.3486361,32.8106822],[131.3643858,32.8033706],[131.3893506,32.8119703],[131.4212092,32.8119161],[131.4369703,32.8286261],[131.4645106,32.8310231],[131.4752556,32.8372425],[131.4859997,32.8216267],[131.5024794,32.8146822],[131.5017994,32.8106508],[131.5174656,32.8008042],[131.5084822,32.7742425]]}},{"type":"Feature","properties":{"areaCode1":"753","areaCode2":"761"},"geometry":{"type":"LineString","coordinates":[[131.3295058,32.8330139],[131.34027,32.8334403],[131.34706,32.8279731]]}},{"type":"Feature","properties":{"areaCode1":"760","areaCode2":""},"geometry":{"type":"LineString","coordinates":[[131.5075432,32.0462784],[131.5218054,32.0942739],[131.5401363,32.1321105],[131.5453078,32.1639194],[131.5549293,32.1687505],[131.5482105,32.168667],[131.5506771,32.1747703],[131.5537144,32.1699138],[131.5528644,32.188895],[131.5753667,32.2411056],[131.5764738,32.2498477],[131.5719565,32.2548155],[131.5911792,32.3045458],[131.6018345,32.3230599],[131.6172594,32.3374049],[131.6146894,32.3401961],[131.6290242,32.3424431],[131.6228797,32.3580805],[131.6290655,32.3683253],[131.6362172,32.3709804],[131.6326667,32.3807135],[131.6435498,32.4077519],[131.6530777,32.4098666],[131.6528192,32.4136504],[131.6696404,32.4118912],[131.6699341,32.4163139],[131.6859396,32.4181036],[131.6820583,32.421013],[131.689931,32.4229496],[131.6841891,32.4268133],[131.6760421,32.4214043],[131.6702611,32.4285774],[131.6540388,32.4288502],[131.6799488,32.4300334],[131.6825727,32.4361261],[131.6736159,32.4468842],[131.6745703,32.4541306],[131.6761072,32.4430821],[131.6622363,32.4365273],[131.6666677,32.4442524],[131.6641059,32.4495315],[131.6510479,32.4347539],[131.641835,32.4390729],[131.6566612,32.4472698],[131.6506019,32.4600178],[131.6526709,32.4667146],[131.6614661,32.470139],[131.6573523,32.4703196],[131.6565764,32.4755293],[131.6611092,32.471078],[131.6566966,32.4794309],[131.6679319,32.4835662],[131.6664868,32.4788491],[131.6704384,32.4807761],[131.670927,32.4768588],[131.6788488,32.4835729],[131.67783,32.4730066],[131.6953723,32.4691988],[131.6992158,32.4723951],[131.6962575,32.4747018],[131.7167396,32.4823686],[131.7140062,32.4890402],[131.7207274,32.486313],[131.7242075,32.4926078],[131.728863,32.4922577],[131.7253582,32.500267],[131.7099748,32.5026116],[131.7143586,32.5198096],[131.7110893,32.5160324],[131.7004466,32.5178609],[131.7009334,32.5057357],[131.6989646,32.5108798],[131.6954827,32.5070652],[131.6976253,32.5104263],[131.6926093,32.515127],[131.6877744,32.5134533],[131.692326,32.5075523],[131.6845361,32.5091676],[131.6834404,32.5163099],[131.6896694,32.5197173],[131.6858274,32.5211117],[131.6824411,32.5419499],[131.6902501,32.5614003],[131.7124664,32.5896371],[131.7422917,32.5917344],[131.7475606,32.6014064],[131.7553553,32.6028056],[131.7528953,32.6106708],[131.7632711,32.6134794],[131.7610503,32.6216439],[131.7736053,32.6401164],[131.7702542,32.6431856],[131.7617056,32.63773],[131.7592214,32.6411428],[131.7576006,32.6349994],[131.7563547,32.6423342],[131.7505986,32.6453303],[131.7653675,32.642619],[131.7645097,32.6521281],[131.7710614,32.6521306],[131.7628892,32.6541472],[131.7623775,32.6581681],[131.7720158,32.6578644],[131.7771656,32.6740278],[131.7860633,32.6738083],[131.7852717,32.6640394],[131.7897808,32.6620442],[131.7922839,32.6776164],[131.8161469,32.6871997],[131.8148414,32.6966294],[131.8205561,32.6972694],[131.816841,32.7028394],[131.8266433,32.7065628],[131.8298336,32.7050628],[131.8268333,32.7011503],[131.828937,32.704022],[131.8316639,32.6998816],[131.8263475,32.7000029],[131.8378554,32.6976329],[131.8385717,32.6941294],[131.8340653,32.6949532],[131.8386453,32.6914197],[131.8462111,32.6907947],[131.8492878,32.6962644],[131.8510128,32.6933239],[131.8563206,32.6977181],[131.8459908,32.70766],[131.8535597,32.7188794],[131.8501626,32.7221103],[131.8650442,32.7163753],[131.85811,32.7314889],[131.8771306,32.7338125],[131.8772169,32.7393206],[131.8857072,32.7458681]]}},{"type":"Feature","properties":{"areaCode1":"760","areaCode2":""},"geometry":{"type":"LineString","coordinates":[[131.8067033,32.6655317],[131.8144232,32.6662726],[131.8085131,32.6700333],[131.8184047,32.6743333],[131.8219475,32.668755],[131.8365608,32.6705431],[131.8370358,32.6661436],[131.824745,32.6550725],[131.81274,32.657595],[131.8156281,32.6613347],[131.8067033,32.6655317]]}},{"type":"Feature","properties":{"areaCode1":"760","areaCode2":"761"},"geometry":{"type":"LineString","coordinates":[[131.1748856,32.3106425],[131.1764667,32.3247036],[131.1901169,32.3407406],[131.2017303,32.3387694],[131.2223394,32.3241817],[131.2492258,32.3289375],[131.2628381,32.3161494],[131.2904828,32.3098639],[131.3055556,32.3154075],[131.3095019,32.3217017],[131.3415108,32.329485],[131.3383178,32.33617],[131.3418119,32.3510494],[131.3445256,32.3590372],[131.3493622,32.3563489],[131.3510889,32.3669681],[131.3785125,32.3548764],[131.3968519,32.3649436],[131.4060375,32.3897081],[131.4461561,32.3927206],[131.4529819,32.3996811],[131.4667075,32.4000458],[131.4766294,32.4059533],[131.4835164,32.4170714],[131.4828286,32.4394256],[131.4754131,32.4434239],[131.4759342,32.4496725],[131.5121486,32.4595894],[131.5087158,32.4865233],[131.529585,32.4939092],[131.5233653,32.5074958],[131.5326658,32.5204342],[131.5227281,32.5348783],[131.5265728,32.5406117],[131.5048608,32.5571242],[131.4852703,32.5650906],[131.4727753,32.5668633],[131.4601394,32.5575836],[131.4304731,32.5559986],[131.4287786,32.5598917],[131.4402397,32.5689419],[131.4407208,32.5765614],[131.447635,32.5768889],[131.4460331,32.5938125],[131.4523081,32.6140894],[131.4486686,32.6266189],[131.4349656,32.6336436],[131.4406922,32.6408],[131.4369572,32.6435192],[131.44051,32.6547708],[131.4340836,32.6611258],[131.4479869,32.6719244],[131.4529672,32.6930619],[131.4801217,32.7104969],[131.4850694,32.7250567],[131.4813311,32.738235],[131.4903606,32.7484992],[131.4832047,32.7645275],[131.4897383,32.7736453],[131.5084822,32.7742425]]}},{"type":"Feature","properties":{"areaCode1":"760","areaCode2":"761"},"geometry":{"type":"LineString","coordinates":[[131.1748856,32.3106425],[131.1953114,32.3065903],[131.2031797,32.2980806],[131.2030178,32.2917297],[131.2263981,32.2752042],[131.2212539,32.2596161],[131.250345,32.2153297],[131.2803789,32.2100914],[131.2759156,32.202895],[131.267735,32.2008525],[131.2811397,32.1810586],[131.2683911,32.1797367],[131.2555939,32.1659153],[131.2223514,32.1720756],[131.2147661,32.1656814],[131.2108444,32.1499081],[131.1971017,32.1510769],[131.1908114,32.1463772],[131.1934306,32.1321006]]}},{"type":"Feature","properties":{"areaCode1":"760","areaCode2":"762"},"geometry":{"type":"LineString","coordinates":[[131.1934306,32.1321006],[131.20464,32.1216683],[131.2177328,32.1242433],[131.2363564,32.1021175],[131.2476453,32.0976872],[131.2667997,32.0986597],[131.2845403,32.0724619],[131.3124428,32.0607086],[131.3161539,32.0646128],[131.3365417,32.0343528],[131.3645356,32.0256747],[131.3729383,32.0178611],[131.3868244,32.0183364],[131.3860533,32.0332917],[131.3984506,32.0476522],[131.3939575,32.051605],[131.4027019,32.0656403],[131.4185914,32.0606114],[131.4256947,32.0522728],[131.4437741,32.0568539],[131.4867695,32.0413745],[131.5075432,32.0462784]]}},{"type":"Feature","properties":{"areaCode1":"761","areaCode2":"762"},"geometry":{"type":"LineString","coordinates":[[131.17043,32.1294189],[131.1934306,32.1321006]]}},{"type":"Feature","properties":{"areaCode1":"761","areaCode2":"763"},"geometry":{"type":"LineString","coordinates":[[131.1089656,32.1601486],[131.1214194,32.1446036],[131.1305139,32.1462894],[131.1334444,32.1363672],[131.1496147,32.1365111],[131.1509617,32.1312556],[131.1597933,32.1384472],[131.1683025,32.1353989],[131.17043,32.1294189]]}},{"type":"Feature","properties":{"areaCode1":"762","areaCode2":""},"geometry":{"type":"LineString","coordinates":[[131.1600353,31.4596778],[131.166328,31.4555921],[131.1682328,31.4587033],[131.1744644,31.4498822],[131.1817783,31.4564869],[131.1993924,31.454699],[131.1998515,31.4485687],[131.2002959,31.453898],[131.2057908,31.4531998],[131.2052126,31.4479717],[131.2098485,31.4481613],[131.2056207,31.4448942],[131.2188912,31.4401451],[131.2276561,31.4242294],[131.2334589,31.4303494],[131.2430553,31.4262406],[131.245045,31.4201875],[131.2368369,31.4154258],[131.2355036,31.4053281],[131.2429497,31.3897486],[131.2538633,31.3807372],[131.2823744,31.3814425],[131.2921253,31.389755],[131.2972408,31.3851511],[131.3093425,31.3907139],[131.3232239,31.3651789],[131.3358839,31.3606539],[131.3492119,31.3663892],[131.3503603,31.3719742],[131.3337958,31.3826008],[131.3330722,31.3940503],[131.3375931,31.3968156],[131.3324617,31.3963497],[131.3456264,31.3986606],[131.3412069,31.4053158],[131.3435186,31.4121411],[131.3656556,31.4206572],[131.3711611,31.4282939],[131.3723005,31.4495488],[131.3633269,31.4561487],[131.3630375,31.4717542],[131.3845988,31.4791667],[131.3896206,31.4851064],[131.3880258,31.4915386],[131.3835653,31.490585],[131.3872144,31.4939758],[131.3829817,31.4943347],[131.3855436,31.5023697],[131.3731456,31.5068839],[131.3784186,31.512661],[131.3730384,31.5183471],[131.378216,31.5197721],[131.3832469,31.5111499],[131.3817267,31.5174406],[131.3869612,31.5233219],[131.3809908,31.5257378],[131.380419,31.5334713],[131.387072,31.5342018],[131.3844725,31.5363305],[131.3898274,31.5428859],[131.3836497,31.5419379],[131.3874661,31.5451825],[131.381806,31.5450968],[131.3818914,31.5550739],[131.3870876,31.5599925],[131.3976344,31.5588142],[131.3910506,31.5642461],[131.4022344,31.5714189],[131.399472,31.5786023],[131.4047073,31.5786381],[131.4010973,31.5819996],[131.4066941,31.5818907],[131.4098155,31.5759121],[131.4033752,31.5709901],[131.4081952,31.5667248],[131.4060037,31.5632576],[131.413837,31.5785274],[131.4091816,31.5895688],[131.4180834,31.603406],[131.4565731,31.6240678],[131.4621772,31.6332222],[131.4527567,31.6391239],[131.4581478,31.6466594],[131.4692925,31.6453103],[131.4669958,31.6530322],[131.4577122,31.6584189],[131.4633589,31.6605536],[131.4616453,31.6696078],[131.4520519,31.6696214],[131.455655,31.6744689],[131.4503717,31.6800447],[131.4687833,31.6863656],[131.4560794,31.6967992],[131.4629778,31.7036406],[131.4585314,31.7082475],[131.4598164,31.7181275],[131.4682414,31.7209044],[131.4632475,31.733994],[131.4706356,31.7413669],[131.4690035,31.7359719],[131.4742378,31.7387406],[131.4683811,31.7525581],[131.4746116,31.7554824],[131.4736063,31.75936],[131.4772434,31.7523953],[131.4764236,31.7625419],[131.488545,31.7850047],[131.4807964,31.7866153],[131.4751201,31.796834],[131.4703678,31.7965822],[131.4720386,31.8031961],[131.4544219,31.8157631],[131.4510492,31.836696],[131.454535,31.8701792],[131.4619074,31.8732864],[131.4639265,31.8804367],[131.4574714,31.8830281],[131.4606702,31.8950947],[131.4661833,31.8942971],[131.460883,31.8961164],[131.4647202,31.8960657],[131.4692192,31.9121283],[131.4863615,31.9230711],[131.4724946,31.9121247],[131.4639293,31.9136372],[131.4611781,31.9009658],[131.4544603,31.8984694],[131.4596482,31.916017],[131.4671024,31.9173478],[131.4693016,31.9231411],[131.4751823,31.9192683],[131.4730842,31.9277944],[131.4670849,31.924346],[131.4724275,31.9266004],[131.4691428,31.9310209],[131.4728752,31.9318781],[131.4724491,31.9462454],[131.5034458,32.0439188],[131.5075432,32.0462784]]}},{"type":"Feature","properties":{"areaCode1":"762","areaCode2":""},"geometry":{"type":"LineString","coordinates":[[131.1600353,31.4596778],[131.1603008,31.4618608]]}},{"type":"Feature","properties":{"areaCode1":"762","areaCode2":"763"},"geometry":{"type":"LineString","coordinates":[[131.1503442,32.0244956],[131.1576278,32.0275678],[131.1571433,32.0441636],[131.1670617,32.0530225],[131.1666808,32.0645267],[131.1596061,32.0733797],[131.1849094,32.085495],[131.1772569,32.0967492],[131.1798022,32.1088936],[131.17043,32.1294189]]}},{"type":"Feature","properties":{"areaCode1":"762","areaCode2":"763"},"geometry":{"type":"LineString","coordinates":[[131.1503442,32.0244956],[131.1643269,32.008155],[131.1670467,31.9934986],[131.1744553,31.9900272],[131.17503,31.9949625],[131.1848039,31.9929608],[131.2098761,31.9789572],[131.2043442,31.9752281],[131.2085528,31.97177],[131.20659,31.9659989],[131.2001658,31.9636103],[131.1925125,31.9489797],[131.1989675,31.9396981],[131.2075794,31.9367478],[131.2066811,31.9318069],[131.21485,31.9306333],[131.2204017,31.9194311],[131.2106644,31.9120617],[131.2001636,31.918325],[131.1908931,31.9098567],[131.1901981,31.8804472],[131.1957311,31.8698572],[131.2066394,31.8629247],[131.2172981,31.8815319],[131.2389808,31.8767186],[131.2440642,31.8854456],[131.2515992,31.8873339],[131.2468769,31.8792508],[131.2488644,31.8749989],[131.2542858,31.8766447],[131.2497422,31.86633],[131.2543636,31.8602972],[131.2481272,31.8565703],[131.2382303,31.8604303],[131.2371811,31.8512247],[131.2442419,31.8463028],[131.2421775,31.8398622],[131.2343161,31.8398375],[131.2215433,31.8275956],[131.2392656,31.8077558],[131.2398708,31.7790344],[131.2544411,31.7764233],[131.2640458,31.7806244],[131.2696008,31.7685531],[131.2689467,31.7553931],[131.2598683,31.7359811],[131.23954,31.7333906],[131.2321192,31.7161914],[131.2107958,31.7149161],[131.2134956,31.7104275],[131.1835047,31.6982058],[131.1614369,31.674755],[131.1603372,31.6706031],[131.1690683,31.6682344],[131.1807769,31.6508292],[131.1974847,31.6444925],[131.2025078,31.6369658],[131.1937369,31.619915],[131.1894025,31.6222369]]}},{"type":"Feature","properties":{"areaCode1":"762","areaCode2":"771"},"geometry":{"type":"LineString","coordinates":[[131.1603008,31.4618608],[131.1699964,31.4998589],[131.1970839,31.5116633],[131.2007575,31.5177386],[131.1968928,31.5494842],[131.1889078,31.5575267],[131.19966,31.5640989],[131.2054475,31.5799494],[131.1864464,31.6051764],[131.1894025,31.6222369]]}},{"type":"Feature","properties":{"areaCode1":"763","areaCode2":"770"},"geometry":{"type":"LineString","coordinates":[[130.7033769,32.0585453],[130.7371325,32.0477486],[130.7462756,32.0418619],[130.7469124,32.0356584],[130.7585697,32.0332569],[130.7620106,32.0244036],[130.7776361,32.0158689],[130.7819608,31.9830906],[130.7945644,31.9732011],[130.8012544,31.9601872],[130.8000803,31.9496133],[130.8159625,31.9413239],[130.8416153,31.9427189],[130.8656258,31.9339461],[130.8823958,31.9211317],[130.8970217,31.8877767],[130.9140031,31.8857922],[130.9028903,31.8847525],[130.8946956,31.8782139],[130.8878236,31.8614817],[130.8883911,31.8485519],[130.8750217,31.8426853],[130.8820247,31.8317289],[130.8777239,31.8283033],[130.8768231,31.8157953],[130.8845419,31.8054269]]}},{"type":"Feature","properties":{"areaCode1":"763","areaCode2":"770"},"geometry":{"type":"LineString","coordinates":[[130.7033769,32.0585453],[130.70348,32.0770236],[130.7159853,32.0856933],[130.7206017,32.1007994]]}},{"type":"Feature","properties":{"areaCode1":"763","areaCode2":"771"},"geometry":{"type":"LineString","coordinates":[[130.8845419,31.8054269],[130.9092744,31.8006772],[130.9169364,31.8043139],[130.9308992,31.7857008],[130.9660317,31.7812344],[130.971405,31.78459],[130.9900586,31.7778472],[130.9916892,31.7711789],[130.9884367,31.7654592],[130.9827756,31.7673908],[130.9785167,31.7515683],[130.9906181,31.7511872],[130.9978825,31.7459169],[131.0167972,31.7473233],[131.0177339,31.7248678],[131.0130567,31.7131275],[131.0291922,31.6969167],[131.0236686,31.6917714],[131.0268342,31.6819342],[131.0235122,31.6749761],[131.0290217,31.6741431],[131.0255953,31.6668978],[131.0446581,31.654385],[131.054365,31.6333689],[131.0717364,31.6574164],[131.0792687,31.6602142],[131.1178486,31.6293289],[131.1280275,31.6264769],[131.1503217,31.6299861],[131.16442,31.6394519],[131.1894025,31.6222369]]}},{"type":"Feature","properties":{"areaCode1":"770","areaCode2":""},"geometry":{"type":"LineString","coordinates":[[130.0907331,32.1806444],[130.0975669,32.180825],[130.0978392,32.1730394],[130.1097206,32.1700396],[130.1064198,32.1695187],[130.1078086,32.1609578],[130.1155789,32.1571449],[130.1169608,32.1495017],[130.1115042,32.1428147],[130.1166567,32.1381639],[130.1111336,32.1257881],[130.1360331,32.1060092],[130.1418275,32.1085069],[130.1477011,32.1049556],[130.1484491,32.0940169],[130.1571839,32.0895197],[130.1688306,32.0942419],[130.1674844,32.1054286],[130.1720169,32.1056606],[130.1703947,32.1097253],[130.1778642,32.1176125],[130.1710823,32.1337995],[130.1741283,32.1367283],[130.1773869,32.12798],[130.1795258,32.1372486],[130.2094639,32.1536833],[130.2026092,32.1652594],[130.204544,32.1697006],[130.197707,32.1670143],[130.1952225,32.171515],[130.1942824,32.1642737],[130.1858625,32.1642758],[130.1867708,32.1770736],[130.1822392,32.1766543],[130.1877684,32.189501],[130.2005181,32.1976233],[130.19149,32.1976119],[130.1841813,32.2165734],[130.1753092,32.2208994],[130.1751497,32.2292883],[130.1640278,32.2218917],[130.1677394,32.2176464],[130.164486,32.212275],[130.1555894,32.2283747],[130.1524808,32.2272753],[130.1543126,32.2138689],[130.1455081,32.2170711],[130.1492467,32.2079833],[130.1588856,32.2044466],[130.1553229,32.1971152],[130.1314294,32.2164225],[130.1256892,32.2158811],[130.1293197,32.2108939],[130.1067589,32.2148036],[130.1055661,32.2097014],[130.1119292,32.207255],[130.1055264,32.2036747],[130.1218711,32.200364],[130.1071039,32.1986967],[130.1141773,32.1938624],[130.0980367,32.1941919],[130.109308,32.1879622],[130.0949617,32.1887797],[130.0967053,32.18476],[130.0907331,32.1806444]]}},{"type":"Feature","properties":{"areaCode1":"770","areaCode2":""},"geometry":{"type":"LineString","coordinates":[[130.1065883,31.4124958],[130.1096561,31.42161],[130.1158339,31.4239881],[130.1330519,31.4191323],[130.1357744,31.4131916],[130.1348814,31.4179279],[130.1548803,31.4315903],[130.1597761,31.4401867],[130.1678939,31.4335167],[130.1709513,31.4202581],[130.18117,31.4230317],[130.1866807,31.4103201],[130.1911281,31.41953],[130.1865181,31.4256714],[130.1927128,31.4295242],[130.193105,31.4086083],[130.2277826,31.3997231],[130.2332767,31.4096784],[130.2512194,31.4175558],[130.2511022,31.4120397],[130.2547594,31.427772],[130.2540031,31.4179772],[130.2596539,31.4198278],[130.2549717,31.4200639],[130.2552775,31.4267843],[130.2550804,31.4208623],[130.2711289,31.4265036],[130.2892325,31.4462083],[130.3223078,31.5122239],[130.3320319,31.5510567],[130.3348281,31.5901039],[130.3275808,31.6344103],[130.3205918,31.6511446],[130.3141766,31.6526452],[130.3203748,31.6512379],[130.3166542,31.6559871],[130.3146548,31.6532447],[130.3174632,31.6580286],[130.2986953,31.6610966],[130.2948891,31.6787224],[130.2752759,31.7053946],[130.2521136,31.710127],[130.2628195,31.7082351],[130.2635097,31.7149552],[130.2589074,31.7103193],[130.2598243,31.7156775],[130.2562477,31.7163093],[130.2547694,31.7110466],[130.2606436,31.7207493],[130.2499364,31.7187895],[130.2551671,31.7213518],[130.2505955,31.7316819],[130.2356731,31.734925],[130.2115692,31.7560392],[130.2007443,31.7554331],[130.1890965,31.7463807],[130.1853272,31.7708575],[130.1668015,31.7915073],[130.1730898,31.8004952],[130.1736494,31.8166569],[130.1801291,31.8182323],[130.1865159,31.8312158],[130.1811505,31.8333183],[130.1857548,31.8319996],[130.187548,31.8364269],[130.1796171,31.8342068],[130.1886688,31.8367411],[130.1975639,31.8504274],[130.1823659,31.8552898],[130.1976109,31.8505641],[130.1920138,31.8586362],[130.1981459,31.8616524],[130.1950945,31.866816],[130.2019426,31.8640845],[130.2011857,31.8702605],[130.2105183,31.8729034],[130.2242383,31.9105054],[130.2185786,31.9162549],[130.2205884,31.9265775],[130.2122376,31.9645944],[130.1977149,31.9816614],[130.2036415,31.9830419],[130.19435,31.9891149],[130.1979315,31.9908251],[130.1909789,31.9864264],[130.1870532,31.9960069],[130.1807019,31.9907139],[130.1731375,31.9919076],[130.182368,31.9925199],[130.178776,32.0147303],[130.1896689,32.01674],[130.189317,32.0202759],[130.1930039,32.0160238],[130.1861515,32.0268909],[130.1931611,32.021068],[130.1937593,32.0269557],[130.1877491,32.0273904],[130.1946312,32.0306047],[130.1958461,32.0369823],[130.2033826,32.0383897],[130.2071441,32.0623507],[130.1991992,32.0770263],[130.1905348,32.0777708],[130.1928606,32.08448],[130.1849048,32.0823738],[130.185127,32.0776501],[130.1808021,32.0795092],[130.1857454,32.076867],[130.1837869,32.0708658],[130.1708411,32.0810281],[130.1714347,32.0887083],[130.1759349,32.0906513],[130.1757739,32.1057359],[130.1805728,32.1101933],[130.1905719,32.1105544],[130.1917172,32.1159892],[130.2267736,32.1287958],[130.2510866,32.1283556],[130.2615772,32.1252892],[130.2636038,32.1191134],[130.2662956,32.1236234],[130.2619714,32.1275244],[130.2706496,32.1282776],[130.2714436,32.1168157],[130.2837122,32.1098482],[130.3095122,32.1081174],[130.3147417,32.1163492],[130.3318334,32.1223447],[130.3274819,32.1254973],[130.3369911,32.1249199],[130.3413246,32.1324553],[130.3425004,32.1270349],[130.3470363,32.1319778],[130.3424133,32.1338201],[130.3523667,32.1357607],[130.3540281,32.1450838],[130.3632761,32.1521943],[130.358477,32.1621076],[130.3607904,32.1686099]]}},{"type":"Feature","properties":{"areaCode1":"770","areaCode2":""},"geometry":{"type":"LineString","coordinates":[[130.1065883,31.4124958],[130.1087547,31.4090364],[130.1215617,31.4168836],[130.1316058,31.4118669],[130.1425033,31.4039208],[130.1459597,31.3939897],[130.1639019,31.3746603],[130.1718417,31.3735083],[130.174735,31.3663675],[130.1890594,31.3680778],[130.1896297,31.3550292],[130.2002406,31.3586164],[130.2023522,31.3497272],[130.2095419,31.3477644],[130.2044553,31.3347206],[130.1958178,31.3293183],[130.1809222,31.3308419],[130.1732542,31.3239644],[130.2057078,31.3140547],[130.2072319,31.3219156],[130.2142992,31.3211472],[130.2198733,31.31227],[130.2166072,31.3090411],[130.2255131,31.3086489],[130.2218661,31.2988375],[130.2166189,31.3033708],[130.1989461,31.2950469],[130.200575,31.2824253],[130.2157111,31.2899881],[130.2149697,31.2824747],[130.2294369,31.2814661],[130.2238444,31.2741467],[130.2179042,31.277545],[130.2142503,31.2738372],[130.2292775,31.2680703],[130.2250609,31.2702237],[130.2189433,31.2668631],[130.2201642,31.2622233],[130.2141064,31.2612528],[130.2163514,31.2482006],[130.2371494,31.2596128],[130.24282,31.2516117],[130.2584286,31.2579903],[130.2777824,31.2458701],[130.2841626,31.2674201],[130.2931181,31.2613486],[130.2882588,31.2663989],[130.2946001,31.2668042],[130.2879209,31.2696055],[130.2971068,31.2677574],[130.2922443,31.2587227],[130.3078364,31.2667785],[130.3188398,31.2560845],[130.3348817,31.2547628],[130.3360827,31.2579139],[130.3537563,31.2498309],[130.361322,31.2517406],[130.3616292,31.2557688],[130.3656901,31.2507428],[130.3906381,31.2512669],[130.3911011,31.255625],[130.4013564,31.2503217],[130.4021475,31.2548297],[130.4048717,31.2499789],[130.4342453,31.245805],[130.4355767,31.253469],[130.4411069,31.2490711],[130.4453697,31.2528806],[130.4594069,31.2513081],[130.4862581,31.2371294],[130.5083875,31.2136819],[130.515705,31.1982908],[130.5080408,31.1932542],[130.5061306,31.1782147],[130.5181153,31.1658575],[130.5295667,31.1633939],[130.5421122,31.1670636],[130.5542817,31.1786963],[130.5806794,31.16522],[130.5869953,31.1552022],[130.5911875,31.1626553],[130.5968675,31.1615392],[130.5878578,31.16872],[130.5949844,31.1792711],[130.6078017,31.1833078],[130.6260947,31.1809564],[130.6400289,31.1896906],[130.6465173,31.2071367],[130.6457633,31.2026524],[130.6363723,31.210279],[130.6319786,31.2008708],[130.6281809,31.2037382],[130.6297128,31.2107908],[130.6573122,31.2197753],[130.6493308,31.2365412],[130.6544093,31.2402735],[130.6499736,31.2444994],[130.6677058,31.2673092],[130.6224133,31.2758728],[130.605767,31.2946731],[130.6013249,31.2944764],[130.6061444,31.2913764],[130.5950117,31.2947378],[130.5646733,31.322495],[130.5461335,31.3744487],[130.5520071,31.3775902],[130.5416576,31.3849093],[130.5478971,31.3796589],[130.5582272,31.3860856],[130.5500794,31.3964615],[130.5377718,31.3914],[130.5405036,31.3940315],[130.5347936,31.3945508],[130.5254704,31.4100193],[130.5147201,31.4555717],[130.5175715,31.4593288],[130.5141706,31.4567589],[130.5163126,31.4609633],[130.5128833,31.4623986],[130.5137903,31.4674839],[130.532205,31.4623369],[130.5338694,31.4735354],[130.5456586,31.4789629],[130.5328136,31.4700046],[130.5192384,31.4714961],[130.5132796,31.4778687],[130.518042,31.4837517],[130.5152129,31.4878565],[130.5197932,31.4854855],[130.5145264,31.4940374],[130.5314384,31.4842555],[130.5361084,31.4942239],[130.533963,31.5012098],[130.5375296,31.5020136],[130.5198654,31.5056705],[130.5214065,31.5092743],[130.5345894,31.5053974],[130.5458155,31.5334981],[130.5415329,31.534943],[130.5390791,31.5282066],[130.5358202,31.5292153],[130.5413694,31.535036],[130.5371277,31.5334517],[130.5484718,31.5397692],[130.5505721,31.5440369],[130.5447583,31.5449717],[130.5475483,31.5493274],[130.5588414,31.5464727],[130.5627488,31.5529366],[130.5606799,31.5574462],[130.5711687,31.5819794],[130.5649298,31.5790284],[130.5665227,31.5847184],[130.570792,31.5834495],[130.5650246,31.5898306],[130.5628522,31.5858006],[130.5676829,31.5911973],[130.5628077,31.5971687],[130.5719921,31.6013631],[130.5774964,31.6171103],[130.6011731,31.6304659],[130.6061885,31.6499184],[130.6194519,31.6578427],[130.6096306,31.6822569],[130.6159912,31.7003751],[130.6281326,31.7140776],[130.6364522,31.7115294],[130.6602631,31.7285663],[130.6731984,31.7278318],[130.686087,31.7349717],[130.7057587,31.7252849],[130.7172579,31.7279416],[130.7253024,31.7174896],[130.7307892,31.7244151],[130.7268419,31.7160372],[130.734261,31.7073873],[130.7668662,31.7079567],[130.7803662,31.7017554],[130.7941438,31.7023991],[130.8000948,31.6952554],[130.7963908,31.6888236],[130.8113902,31.6835055],[130.8231595,31.6597215],[130.8184132,31.6450579],[130.801057,31.6319341]]}},{"type":"Feature","properties":{"areaCode1":"770","areaCode2":""},"geometry":{"type":"LineString","coordinates":[[130.1587769,32.2405519],[130.1637497,32.2323664],[130.1611306,32.2283803],[130.1661654,32.2311719],[130.17047,32.2260242],[130.1680409,32.2311298],[130.1720675,32.2299256],[130.1780128,32.2413983],[130.1756528,32.2480111],[130.1844286,32.2528825],[130.1898181,32.2680931],[130.1858308,32.2686456],[130.1881928,32.2642594],[130.1774517,32.2542803],[130.1721044,32.2570481],[130.1656903,32.2450397],[130.1677515,32.2398354],[130.1589494,32.2449719],[130.1587769,32.2405519]]}},{"type":"Feature","properties":{"areaCode1":"770","areaCode2":""},"geometry":{"type":"LineString","coordinates":[[130.1873264,32.2213564],[130.1972692,32.2267919],[130.1952403,32.2443814],[130.2015639,32.2396011],[130.2035594,32.2261442],[130.2094456,32.2249378],[130.2046864,32.2183417],[130.2114475,32.2207381],[130.2102878,32.2103253],[130.2044814,32.2045353],[130.2080251,32.2124696],[130.1973012,32.2170512],[130.2008622,32.2081489],[130.1873264,32.2213564]]}},{"type":"Feature","properties":{"areaCode1":"770","areaCode2":""},"geometry":{"type":"LineString","coordinates":[[130.2095028,32.2549183],[130.2142464,32.2634256],[130.2124878,32.2756481],[130.217858,32.277543],[130.2137765,32.2779429],[130.2146236,32.2838511],[130.2200636,32.2917839],[130.2351432,32.2907639],[130.2291653,32.298595],[130.2476083,32.3006225],[130.2574767,32.3081461],[130.2534906,32.3016353],[130.2674811,32.2957831],[130.2689414,32.2798525],[130.2587757,32.2809241],[130.2603447,32.274215],[130.2532006,32.2746831],[130.2484583,32.2674675],[130.2350911,32.2624167],[130.2422744,32.2532164],[130.2270278,32.2602436],[130.2301013,32.2630951],[130.215945,32.2551383],[130.2148469,32.2500928],[130.2095028,32.2549183]]}},{"type":"Feature","properties":{"areaCode1":"770","areaCode2":""},"geometry":{"type":"LineString","coordinates":[[130.5910599,31.5888242],[130.5919994,31.5809973],[130.5987958,31.5815053],[130.6022555,31.5733981],[130.6084677,31.5744593],[130.612506,31.5622619],[130.6204902,31.5612877],[130.6235921,31.5522728],[130.6296301,31.5561053],[130.6383254,31.5453877],[130.6653778,31.5534301],[130.6728971,31.5485803],[130.6759193,31.5539558],[130.6759572,31.5448883],[130.6800069,31.5440573],[130.6882802,31.5490336],[130.6851638,31.5531665],[130.6954048,31.5517752],[130.693897,31.5549033],[130.6983132,31.5556993]]}},{"type":"Feature","properties":{"areaCode1":"770","areaCode2":""},"geometry":{"type":"LineString","coordinates":[[130.5910599,31.5888242],[130.5997278,31.5926727],[130.5975335,31.5967231],[130.6062813,31.5973942],[130.6116566,31.6090973],[130.6276595,31.6210831],[130.6685133,31.6274158],[130.6747147,31.6246898],[130.6784046,31.6293917],[130.6848788,31.6213724],[130.6961949,31.6250087],[130.7101644,31.6051015],[130.7172812,31.6025118],[130.7095652,31.5998276],[130.7189916,31.5910226],[130.7146941,31.5828301],[130.7082319,31.5821823],[130.7161448,31.5744831],[130.7102654,31.5673167],[130.7238808,31.5621579],[130.7068767,31.5572792]]}},{"type":"Feature","properties":{"areaCode1":"770","areaCode2":"771"},"geometry":{"type":"LineString","coordinates":[[130.6983132,31.5556993],[130.7068767,31.5572792]]}},{"type":"Feature","properties":{"areaCode1":"770","areaCode2":"771"},"geometry":{"type":"LineString","coordinates":[[130.801057,31.6319341],[130.8144944,31.626215],[130.8157631,31.6186711],[130.8090058,31.6180725],[130.8130317,31.6088072],[130.8234406,31.6047603],[130.8474708,31.6090069],[130.8603269,31.6271481],[130.8643589,31.62095],[130.8833758,31.6222792],[130.8786069,31.6463547],[130.8656644,31.6520167],[130.8688417,31.6655881],[130.902445,31.6598925],[130.9104892,31.6630806],[130.9044275,31.6739461],[130.9044158,31.6925122],[130.8984619,31.6983514],[130.8999042,31.7270864],[130.8873911,31.7355361],[130.8928983,31.7474242],[130.9009789,31.7522228],[130.8890042,31.7587139],[130.8871986,31.7652717],[130.8745392,31.7692172],[130.8795936,31.7759447],[130.8753689,31.7880833],[130.8845419,31.8054269]]}},{"type":"Feature","properties":{"areaCode1":"771","areaCode2":""},"geometry":{"type":"LineString","coordinates":[[130.6532081,31.0704456],[130.6678825,31.0852425],[130.6826328,31.0887392],[130.6875031,31.0970861],[130.6994597,31.09982],[130.7140833,31.1148831],[130.7307347,31.1165892],[130.7443772,31.1317394],[130.7667944,31.1808517],[130.7621953,31.1932457],[130.7535981,31.2000247],[130.7533939,31.2113183],[130.7586529,31.2173869],[130.7630418,31.2148829],[130.7571454,31.2187199],[130.7610934,31.217093],[130.7728831,31.238681],[130.7897939,31.2512856],[130.7873849,31.2594271],[130.7958734,31.2917135],[130.7904178,31.3059637],[130.8034935,31.332362],[130.7904969,31.3489222],[130.7937198,31.3491873],[130.7899955,31.3604852],[130.7778893,31.3715244],[130.7809329,31.3761132],[130.7703977,31.38792],[130.7677938,31.4032137],[130.7612062,31.4036914],[130.7664151,31.4055516],[130.7558642,31.4253342],[130.7316186,31.4508044],[130.7029838,31.4577616],[130.6957428,31.4778939],[130.688248,31.4781241],[130.6863641,31.4832312],[130.6912571,31.478229],[130.6923567,31.4857764],[130.686694,31.4846239],[130.6927441,31.4858021],[130.6911401,31.4891544],[130.6981108,31.4942599],[130.6950151,31.4949606],[130.6976372,31.5298764],[130.7046713,31.5299248],[130.7070955,31.5349308],[130.6983132,31.5556993]]}},{"type":"Feature","properties":{"areaCode1":"771","areaCode2":""},"geometry":{"type":"LineString","coordinates":[[130.6532081,31.0704456],[130.6693367,31.0684561],[130.6782056,31.0620111],[130.6726789,31.0573403],[130.6788531,31.0532703],[130.6743997,31.04627],[130.6791756,31.0422947],[130.6768772,31.0340514],[130.6553956,31.0023486],[130.6605194,30.9942697],[130.6672497,30.9974967],[130.6686656,31.008685],[130.6828619,31.0038714],[130.6886531,31.0160489],[130.6841417,31.0254739],[130.6937728,31.0221669],[130.7076869,31.0314056],[130.7167967,31.0267536],[130.718765,31.0334858],[130.7130722,31.0367894],[130.7166228,31.0371939],[130.7163119,31.0454114],[130.7430617,31.0523553],[130.7477954,31.060916],[130.7612928,31.0554028],[130.7649458,31.0645633],[130.7919975,31.0731872],[130.7929297,31.0823044],[130.8074169,31.0802994],[130.8112169,31.0888625],[130.8272583,31.0886511],[130.8304622,31.09378],[130.8473608,31.0889917],[130.8738464,31.0950086],[130.9014997,31.1133819],[130.9155217,31.1129169],[130.9208383,31.1249294],[130.9354681,31.1255669],[130.9727028,31.1448736],[130.9797411,31.1553831],[130.9716139,31.1601647],[130.9725842,31.1665064],[130.9952664,31.1691531],[130.9850169,31.1796739],[131.0028686,31.1887281],[131.0099803,31.2051489],[131.0068006,31.2171939],[131.0170228,31.2279606],[131.0421686,31.2283847],[131.0493075,31.2241769],[131.0654792,31.2273975],[131.0861832,31.2504302],[131.1080892,31.2594594],[131.1111167,31.2667822],[131.1321447,31.2807483],[131.1227239,31.2870997],[131.1081853,31.2758725],[131.0827543,31.2788339],[131.0840724,31.273995],[131.0769654,31.2713829],[131.0835612,31.2750324],[131.0761472,31.2798449],[131.0731056,31.2918981],[131.1052667,31.3115078],[131.1036464,31.3262831],[131.1088678,31.33055],[131.0170408,31.3570003],[131.0170675,31.3832672],[131.026803,31.406223],[131.0474648,31.4337622],[131.0676272,31.4518153],[131.0750941,31.4526913],[131.0737721,31.4559048],[131.0782042,31.4582016],[131.0849837,31.4478742],[131.0912517,31.448576],[131.0843393,31.459546],[131.0972419,31.4583837],[131.0984126,31.467956],[131.1018144,31.4645317],[131.1086789,31.4762945],[131.1125075,31.4730136],[131.1088025,31.4657117],[131.1124736,31.4737134],[131.1210068,31.4745959],[131.1369351,31.4671626],[131.138129,31.4607466],[131.1444583,31.4681486],[131.1603008,31.4618608]]}},{"type":"Feature","properties":{"areaCode1":"771","areaCode2":""},"geometry":{"type":"LineString","coordinates":[[130.7068767,31.5572792],[130.7505792,31.5581053],[130.7669553,31.5635586],[130.7874839,31.5859761],[130.7859969,31.6023414],[130.7960083,31.6130808],[130.801057,31.6319341]]}},{"type":"Feature","properties":{"areaCode1":"774","areaCode2":""},"geometry":{"type":"LineString","coordinates":[[128.9724031,28.8018614],[128.9782608,28.7931008],[128.9854375,28.7969989],[128.9955011,28.7914256],[129.0033239,28.7970161],[129.0019667,28.8035486],[128.9947006,28.8071642],[128.9846819,28.7982569],[128.9724031,28.8018614]]}},{"type":"Feature","properties":{"areaCode1":"774","areaCode2":""},"geometry":{"type":"LineString","coordinates":[[129.1866508,29.1531181],[129.1963503,29.1587653],[129.2199469,29.1579656],[129.2222264,29.1496914],[129.2174128,29.1468167],[129.2217694,29.1279419],[129.2009097,29.1383183],[129.1866508,29.1531181]]}},{"type":"Feature","properties":{"areaCode1":"774","areaCode2":""},"geometry":{"type":"LineString","coordinates":[[129.53015,29.9110622],[129.5367247,29.916385],[129.5483861,29.9105153],[129.5535344,29.8948622],[129.5335531,29.8947064],[129.53015,29.9110622]]}},{"type":"Feature","properties":{"areaCode1":"774","areaCode2":""},"geometry":{"type":"LineString","coordinates":[[129.5839844,29.4629908],[129.5942653,29.4770772],[129.6009394,29.4764475],[129.6103264,29.4715108],[129.620175,29.4496178],[129.6141883,29.4453828],[129.5962461,29.4452883],[129.5922085,29.4551116],[129.5955358,29.4558967],[129.5839844,29.4629908]]}},{"type":"Feature","properties":{"areaCode1":"774","areaCode2":""},"geometry":{"type":"LineString","coordinates":[[129.6835914,29.6520208],[129.6887206,29.6484983],[129.6840439,29.6415256],[129.6902564,29.6348544],[129.6871044,29.6298339],[129.6969861,29.6043869],[129.7060444,29.6020364],[129.7122319,29.6053456],[129.7113291,29.6121469],[129.7186025,29.6191986],[129.7343203,29.6281536],[129.7430669,29.6691792],[129.7389436,29.67239],[129.7289606,29.6676083],[129.713135,29.6681997],[129.6835914,29.6520208]]}},{"type":"Feature","properties":{"areaCode1":"774","areaCode2":""},"geometry":{"type":"LineString","coordinates":[[129.8340758,29.8599983],[129.8460281,29.8814531],[129.8671361,29.8830164],[129.8683847,29.8767875],[129.8929708,29.8695056],[129.890335,29.8640203],[129.8970872,29.8603483],[129.8952311,29.8441122],[129.913085,29.8299208],[129.9177725,29.8199069],[129.9044458,29.8181919],[129.893215,29.8225742],[129.8775272,29.8163228],[129.8674042,29.8175375],[129.8589911,29.8235772],[129.8494728,29.8413408],[129.8462178,29.8418356],[129.8477986,29.8372449],[129.8397694,29.8454944],[129.8340758,29.8599983]]}},{"type":"Feature","properties":{"areaCode1":"774","areaCode2":""},"geometry":{"type":"LineString","coordinates":[[129.89944,29.9763897],[129.9040581,29.9855386],[129.9146336,29.9914456],[129.9091633,30.0018436],[129.9167261,30.0073928],[129.9233431,29.9877819],[129.9340086,29.9730731],[129.9450353,29.967065],[129.9459228,29.9555844],[129.9362864,29.9493519],[129.9285494,29.9503083],[129.9071017,29.9615933],[129.9064594,29.9726061],[129.89944,29.9763897]]}},{"type":"Feature","properties":{"areaCode1":"775","areaCode2":""},"geometry":{"type":"LineString","coordinates":[[129.6580701,31.6585713],[129.6661832,31.6410513],[129.6647522,31.6341257],[129.6724239,31.6370365],[129.6810753,31.6331697],[129.6825022,31.6240731],[129.6886843,31.621262],[129.6980982,31.6238862],[129.6977031,31.633928],[129.7071555,31.637365],[129.7138492,31.6219602],[129.7165776,31.6322898],[129.7116945,31.6334203],[129.7178368,31.6335107],[129.7199741,31.640517],[129.7284762,31.6434266],[129.7265706,31.6485549],[129.7384237,31.6562323],[129.7268077,31.6607875],[129.7250646,31.6695186],[129.7381102,31.6868093],[129.7440506,31.6874865],[129.7388682,31.7052143],[129.7482636,31.7173266],[129.7563336,31.7173363],[129.7586298,31.7101029],[129.7712925,31.7154828],[129.779926,31.7361063],[129.7783945,31.7443113],[129.7891811,31.7505075],[129.7922305,31.7610011],[129.8009266,31.7616481],[129.7962393,31.7795861],[129.7931705,31.7768166],[129.7971592,31.7826892],[129.8047775,31.781643],[129.8026367,31.7848474],[129.7916667,31.7841836],[129.78162,31.7902623],[129.786733,31.7810706],[129.7808152,31.7752425],[129.7891614,31.768907],[129.7828754,31.7579283],[129.7755716,31.7587869],[129.7807429,31.7519283],[129.7761909,31.7414653],[129.7667982,31.7439123],[129.7560092,31.7346137],[129.7487258,31.7381018],[129.7314101,31.7292587],[129.7127652,31.7271926],[129.7055139,31.7185755],[129.6969114,31.7165359],[129.7022417,31.7071132],[129.6882142,31.7031444],[129.6933639,31.6924685],[129.6765804,31.6668431],[129.6822479,31.662563],[129.6580701,31.6585713]]}},{"type":"Feature","properties":{"areaCode1":"775","areaCode2":""},"geometry":{"type":"LineString","coordinates":[[129.8112034,31.7993726],[129.8163222,31.7789481],[129.8285311,31.7748435],[129.832642,31.7834921],[129.8245959,31.7889938],[129.8350674,31.7972909],[129.8445116,31.7979607],[129.8428695,31.8047697],[129.8420824,31.8003152],[129.8360817,31.8054246],[129.8430707,31.8147357],[129.839162,31.8190925],[129.82088,31.8142584],[129.8189341,31.8019029],[129.8112034,31.7993726]]}},{"type":"Feature","properties":{"areaCode1":"775","areaCode2":""},"geometry":{"type":"LineString","coordinates":[[129.8165927,31.860408],[129.8278319,31.8679928],[129.8354689,31.8822075],[129.8529574,31.8829863],[129.8623569,31.8788153],[129.881625,31.8572581],[129.9108887,31.8429424],[129.9188022,31.8516442],[129.9083095,31.8563301],[129.9109362,31.8637429],[129.9028683,31.865471],[129.9050027,31.8683098],[129.9398036,31.8690824],[129.9234816,31.8635368],[129.9296333,31.8590618],[129.9311877,31.8500085],[129.921318,31.8480639],[129.9197105,31.8407304],[129.9233127,31.8439923],[129.9223952,31.8398394],[129.9313079,31.8370893],[129.9285791,31.8225621],[129.9190563,31.816896],[129.9039355,31.8249353],[129.8983217,31.8127823],[129.8833743,31.8107173],[129.872103,31.8008043],[129.8734319,31.8205056],[129.8648349,31.8189831],[129.8545599,31.8248869],[129.8611341,31.8261386],[129.8642013,31.8327431],[129.8587525,31.8377339],[129.8454439,31.8299901],[129.8488068,31.8426622],[129.8411478,31.8503012],[129.8592854,31.8520764],[129.8652589,31.8598509],[129.8468371,31.8553768],[129.8429166,31.8573374],[129.8420783,31.8698318],[129.8334511,31.8527727],[129.833438,31.8373084],[129.8286398,31.8431464],[129.8214299,31.8429503],[129.8165927,31.860408]]}},{"type":"Feature","properties":{"areaCode1":"776","areaCode2":""},"geometry":{"type":"LineString","coordinates":[[129.9043506,30.8330969],[129.9116836,30.8283403],[129.9115847,30.8193117],[129.9300958,30.8117978],[129.9527003,30.8180553],[129.964895,30.8322719],[129.9425667,30.8449167],[129.9390303,30.85169],[129.924965,30.8492883],[129.9155408,30.8392747],[129.9052,30.8390461],[129.9043506,30.8330969]]}},{"type":"Feature","properties":{"areaCode1":"776","areaCode2":""},"geometry":{"type":"LineString","coordinates":[[130.2614833,30.78274],[130.2742331,30.7801694],[130.2777622,30.77241],[130.2762933,30.7805711],[130.3135786,30.7809297],[130.3217872,30.7923792],[130.3033539,30.8085436],[130.2761336,30.7916872],[130.2660481,30.7927642],[130.2670692,30.7877375],[130.2614833,30.78274]]}},{"type":"Feature","properties":{"areaCode1":"776","areaCode2":""},"geometry":{"type":"LineString","coordinates":[[130.3960069,30.8086019],[130.4068047,30.8105944],[130.4099306,30.8184933],[130.4198806,30.8146403],[130.4273453,30.8198608],[130.4277733,30.8161703],[130.4460153,30.8098272],[130.4421822,30.8001172],[130.4139369,30.8099067],[130.3960069,30.8086019]]}},{"type":"Feature","properties":{"areaCode1":"776","areaCode2":""},"geometry":{"type":"LineString","coordinates":[[130.8363878,30.7280681],[130.8568981,30.7253383],[130.8651753,30.7315932],[130.8680917,30.7407389],[130.8601158,30.7517728],[130.8577108,30.765745],[130.8413789,30.7505558],[130.8363878,30.7280681]]}},{"type":"Feature","properties":{"areaCode1":"776","areaCode2":""},"geometry":{"type":"LineString","coordinates":[[130.8487183,30.4649458],[130.8613968,30.4681304],[130.8680636,30.4635536],[130.8740869,30.4675472],[130.8823556,30.4866042],[130.8968672,30.4946389],[130.9161729,30.5201687],[130.944072,30.5672142],[130.953437,30.5929294],[130.9500422,30.6043029],[130.946736,30.60087],[130.9502933,30.6339244],[130.9417561,30.6482372],[130.9476797,30.6654336],[130.9400514,30.6691586],[130.9589367,30.6866117],[130.9575894,30.69013],[130.9742956,30.7094008],[130.9785406,30.7254389],[130.9934828,30.7259103],[130.9937364,30.7319846],[130.9871872,30.7302606],[130.9942983,30.7338398],[130.9891375,30.7385389],[130.9993703,30.7456341],[131.0090406,30.7655039],[131.0027781,30.7848839],[131.0309047,30.8128731],[131.0325542,30.8242417],[131.0464992,30.8244789],[131.0431041,30.8251169],[131.0567044,30.8398275],[131.0620214,30.8348431],[131.0658789,30.8120547],[131.0726639,30.8123439],[131.0714336,30.7975119],[131.082585,30.7889556],[131.0816264,30.7779828],[131.0745306,30.7736933],[131.0718333,30.7636517],[131.07268,30.7185958],[131.078575,30.6963719],[131.0656893,30.6906973],[131.0635497,30.6755217],[131.0536536,30.6661603],[131.0494609,30.6469059],[131.0587906,30.6408781],[131.0527089,30.628655],[131.0565581,30.615045],[131.0511794,30.6121597],[131.0551186,30.6048839],[131.0479872,30.5950186],[131.0327156,30.5872047],[131.0348397,30.5664278],[131.02861,30.5637869],[131.0283475,30.5547556],[131.0251992,30.5572022],[131.0135486,30.5484094],[130.9993941,30.5481706],[130.9942341,30.5292344],[130.9790153,30.5151369],[130.9761258,30.494461],[130.9627697,30.480085],[130.9690222,30.4632056],[130.9624044,30.4644257],[130.9585753,30.4582833],[130.975285,30.4465544],[130.9721383,30.4412506],[130.9793347,30.4381022],[130.9676972,30.4218686],[130.9704528,30.4096619],[130.9813017,30.3988308],[130.9651122,30.3920403],[130.9630631,30.3806667],[130.9679378,30.3728417],[130.9599506,30.3693364],[130.9367922,30.3754117],[130.8961575,30.3592592],[130.883895,30.3438997],[130.8715242,30.34518],[130.8574414,30.3707011],[130.8658164,30.393425],[130.8664256,30.4103378],[130.8487183,30.4649458]]}},{"type":"Feature","properties":{"areaCode1":"777","areaCode2":""},"geometry":{"type":"LineString","coordinates":[[130.1429789,30.4893794],[130.1556764,30.4850522],[130.1674911,30.4901586],[130.1656683,30.4823206],[130.18103,30.4841506],[130.1910133,30.4718694],[130.1964128,30.4727808],[130.2001633,30.4825586],[130.2134669,30.47293],[130.2351867,30.4701058],[130.2504697,30.4537533],[130.2650778,30.4480825],[130.2640897,30.4344247],[130.2535378,30.4386703],[130.2390189,30.4365322],[130.2311006,30.4299742],[130.2312186,30.4233986],[130.209755,30.4220761],[130.1914225,30.4415],[130.1888536,30.4520097],[130.1959167,30.4561742],[130.1951972,30.4619114],[130.1909158,30.4633886],[130.1798089,30.4554619],[130.1690111,30.456645],[130.1671575,30.4694717],[130.1488139,30.4786117],[130.1429789,30.4893794]]}},{"type":"Feature","properties":{"areaCode1":"777","areaCode2":""},"geometry":{"type":"LineString","coordinates":[[130.3763558,30.3827569],[130.3808878,30.3512506],[130.3909869,30.3222686],[130.4031592,30.3159603],[130.4130153,30.2972181],[130.4131606,30.2660583],[130.4189975,30.2699669],[130.4171675,30.2671146],[130.42259,30.2656517],[130.4425181,30.2359122],[130.4765003,30.2342878],[130.4931789,30.2267953],[130.5026411,30.2331453],[130.5192344,30.2308306],[130.5222236,30.2263414],[130.5307272,30.2341911],[130.5376653,30.2280283],[130.5406769,30.2321656],[130.5535069,30.2344033],[130.5562511,30.2311247],[130.5591967,30.2358094],[130.5822025,30.2388828],[130.5912208,30.248755],[130.6041311,30.2518631],[130.6065317,30.2613408],[130.6505322,30.2960706],[130.6602256,30.3138581],[130.6652261,30.3154683],[130.6555222,30.3124606],[130.6579583,30.3175931],[130.6629219,30.3168603],[130.6661319,30.3572269],[130.6715567,30.3718353],[130.6619067,30.3871569],[130.6386083,30.4012303],[130.5993369,30.4097775],[130.5978025,30.4173992],[130.5817114,30.4231934],[130.5811923,30.4291188],[130.5781392,30.4235567],[130.5732544,30.4260431],[130.5754561,30.430073],[130.5694769,30.4310328],[130.5767,30.4323312],[130.5468078,30.4419756],[130.543735,30.4473531],[130.5293267,30.4486725],[130.5270556,30.4437617],[130.5135861,30.4555769],[130.4994367,30.4527011],[130.4984989,30.4694128],[130.4931264,30.4656883],[130.4943244,30.4545828],[130.4713453,30.4615197],[130.4689081,30.4564247],[130.4641275,30.4570917],[130.4664919,30.4463206],[130.4622297,30.4341969],[130.4470317,30.4296025],[130.4352039,30.4097914],[130.4201011,30.3967208],[130.3972567,30.3979236],[130.3876372,30.3921789],[130.3787225,30.3930183],[130.3796631,30.3836206],[130.3763558,30.3827569]]}},{"type":"Feature","properties":{"areaCode1":"778","areaCode2":""},"geometry":{"type":"LineString","coordinates":[[129.1338256,28.2540706],[129.15031,28.2458856],[129.1519653,28.2364919],[129.1701039,28.2426361],[129.1777181,28.2236744],[129.1853897,28.2216719],[129.1946166,28.2277412],[129.2029806,28.2182986],[129.2129061,28.2191],[129.2139714,28.2272331],[129.2185783,28.2290919],[129.2218825,28.2220906],[129.2407158,28.2180911],[129.2471533,28.2036086],[129.2576775,28.2057419],[129.248095,28.2139053],[129.2541944,28.2193556],[129.2543446,28.2333887],[129.2583453,28.2269439],[129.2620767,28.2320653],[129.2630569,28.2244558],[129.2663294,28.2320614],[129.2683286,28.2281178],[129.2771284,28.2315135],[129.2761222,28.2239772],[129.2623569,28.2152372],[129.2941325,28.2230992],[129.2949767,28.2190867],[129.2860614,28.2173653],[129.2874494,28.21165],[129.2727036,28.2071189],[129.2631411,28.1830614],[129.2749328,28.1819336],[129.2832992,28.1974403],[129.2845978,28.1884053],[129.2901927,28.1886292],[129.2820319,28.1849972],[129.2827264,28.1780747],[129.2922342,28.1822581],[129.2944686,28.1781229],[129.2897492,28.1745881],[129.2974678,28.1714372],[129.2934647,28.1662156],[129.2869753,28.1690361],[129.2840106,28.1657753],[129.2968316,28.1610135],[129.2913783,28.1539442],[129.2957047,28.148415],[129.3142585,28.1458252],[129.3217581,28.1324754],[129.329122,28.1353926],[129.3330258,28.1291489],[129.3388092,28.1308869],[129.34094,28.1385264],[129.3454508,28.1385547],[129.3490264,28.1301819],[129.3585247,28.1360222],[129.3674697,28.1301717],[129.3583342,28.1258833],[129.3690736,28.1161739],[129.3663381,28.1116489],[129.3781072,28.10893],[129.3790039,28.1250889],[129.3716242,28.1297942],[129.3738186,28.1354589],[129.369925,28.1351425],[129.3649619,28.1509061],[129.3573533,28.1497886],[129.3380035,28.170183],[129.3507694,28.1740492],[129.3635997,28.1686164],[129.3630717,28.1629744],[129.3817686,28.1656944],[129.3837792,28.1608539],[129.3969731,28.1587947],[129.4010064,28.1538469],[129.4092664,28.1821025],[129.4024919,28.1866667],[129.4042997,28.1922633],[129.4191278,28.1869378],[129.4344453,28.1991528],[129.4508778,28.1951417],[129.4514189,28.2041742],[129.4604972,28.2116839],[129.4684808,28.2128067],[129.4715881,28.2081069],[129.477165,28.2115261],[129.4723833,28.2207564],[129.4567272,28.2321297],[129.4514619,28.2330778],[129.4488264,28.22554],[129.4396261,28.2350633],[129.4077606,28.2504364],[129.4435222,28.2461158],[129.4478197,28.2603083],[129.4592836,28.2656942],[129.455075,28.2922358],[129.46058,28.2970314],[129.4857264,28.2890033],[129.4944892,28.2964514],[129.5410556,28.3082939],[129.5438906,28.3158706],[129.5360017,28.3193397],[129.5360869,28.3236936],[129.5342633,28.3204117],[129.5334733,28.327385],[129.5649833,28.3347144],[129.584324,28.3649922],[129.5933128,28.36684],[129.5959869,28.3781423],[129.6107715,28.3917952],[129.6127002,28.400682],[129.6301984,28.4073125],[129.6645614,28.3975208],[129.6707925,28.4099931],[129.6944658,28.4133553],[129.7083828,28.4296206],[129.7055447,28.4227714],[129.7101572,28.4218425],[129.7189656,28.4391164],[129.7155216,28.4409713],[129.7088039,28.43351],[129.722125,28.4580286],[129.7171306,28.4640006],[129.7190403,28.474915],[129.7041308,28.4765517],[129.69372,28.4904325],[129.6899625,28.5307658],[129.6764167,28.5270314],[129.6594061,28.5004225],[129.6479942,28.5035681],[129.6455386,28.5003064],[129.674186,28.4615902],[129.66594,28.4476333],[129.6726881,28.4423364],[129.6658498,28.4389669],[129.6537381,28.4678719],[129.6478886,28.4680947],[129.6520489,28.4564331],[129.6482319,28.4488083],[129.6587425,28.4350256],[129.6535687,28.4224733],[129.6462092,28.4282256],[129.6463494,28.4338192],[129.6391104,28.416169],[129.620376,28.4180977],[129.6185452,28.4271468],[129.6301944,28.4357647],[129.6294242,28.4462103],[129.6205383,28.4508881],[129.6151872,28.4464872],[129.6198081,28.4402794],[129.6178954,28.4322408],[129.6120733,28.4319303],[129.6129136,28.4372692],[129.6030444,28.4317378],[129.6019768,28.4152735],[129.596445,28.4191691],[129.5925086,28.4167636],[129.5963659,28.413977],[129.5896242,28.413719],[129.5923817,28.4259375],[129.5979535,28.4293628],[129.5964764,28.4357358],[129.6064578,28.4356544],[129.6054622,28.4530447],[129.6158028,28.4601917],[129.6150342,28.4656028],[129.6211692,28.4669367],[129.6221058,28.4782119],[129.5951764,28.4749089],[129.5879067,28.4666394],[129.5765992,28.4667575],[129.5694586,28.4570825],[129.5626178,28.4586919],[129.5596253,28.4480733],[129.5441861,28.4625047],[129.5346292,28.4540544],[129.5351594,28.4495561],[129.5235822,28.4473217],[129.5181486,28.4408583],[129.5189761,28.4261772],[129.5109739,28.4109949],[129.522896,28.4010146],[129.5078203,28.3993321],[129.4993505,28.3824497],[129.4929927,28.3841359],[129.4965964,28.3991725],[129.5006861,28.3993431],[129.4958242,28.3996147],[129.4900573,28.4130281],[129.4792634,28.4001457],[129.4669525,28.4019524],[129.4710825,28.4081089],[129.4634815,28.4137973],[129.4561484,28.4110491],[129.4466246,28.3801313],[129.4319253,28.3827083],[129.4257183,28.3894303],[129.4049578,28.3825686],[129.3949556,28.3860406],[129.4112897,28.3644317],[129.404915,28.3640081],[129.4002178,28.3555869],[129.3890552,28.3735626],[129.3760017,28.3668192],[129.3666889,28.3546242],[129.3525333,28.3606944],[129.3452675,28.3695653],[129.3391044,28.3685114],[129.3264564,28.349965],[129.3097411,28.3485111],[129.314409,28.3462067],[129.3101767,28.3413453],[129.3144161,28.3332453],[129.3062986,28.3342042],[129.3052092,28.3301644],[129.2933072,28.3271853],[129.2866169,28.3325619],[129.27562,28.3258308],[129.2651581,28.3276358],[129.2571047,28.317785],[129.240925,28.3148044],[129.2344928,28.3077053],[129.2289,28.3102939],[129.2160314,28.3031644],[129.2108492,28.3067125],[129.2209825,28.2937425],[129.2292789,28.2947528],[129.2264427,28.2904546],[129.2348147,28.2819194],[129.2435911,28.2847617],[129.2422717,28.2799467],[129.2485928,28.2787753],[129.2492742,28.2739006],[129.2646811,28.2739861],[129.2656497,28.2882097],[129.2732381,28.2826808],[129.2938139,28.2844357],[129.2954161,28.2729581],[129.2886764,28.2775978],[129.2786156,28.2764125],[129.2742131,28.2613745],[129.2695358,28.2670972],[129.2644194,28.2672156],[129.2621575,28.2610711],[129.2552314,28.265415],[129.2494836,28.2578375],[129.2509489,28.2526911],[129.2466222,28.2531406],[129.2452272,28.2657922],[129.2357847,28.2634771],[129.2359817,28.2697469],[129.2269842,28.2736242],[129.2190425,28.2683647],[129.2136489,28.2705056],[129.2156422,28.2586375],[129.2120953,28.2526486],[129.2034847,28.2546767],[129.199375,28.2621561],[129.1838952,28.2635321],[129.18075,28.2708917],[129.1693008,28.2651978],[129.1647389,28.2553697],[129.1442414,28.2579981],[129.1338256,28.2540706]]}},{"type":"Feature","properties":{"areaCode1":"778","areaCode2":""},"geometry":{"type":"LineString","coordinates":[[129.1437683,28.0229808],[129.1500469,28.0387903],[129.1480831,28.0496981],[129.1569692,28.0521678],[129.1572864,28.0589356],[129.172285,28.0693747],[129.1699242,28.0596611],[129.1788706,28.0486089],[129.1661108,28.0462156],[129.1701042,28.0372358],[129.1642011,28.0292156],[129.1655044,28.0213878],[129.1479886,28.0137792],[129.1437683,28.0229808]]}},{"type":"Feature","properties":{"areaCode1":"778","areaCode2":""},"geometry":{"type":"LineString","coordinates":[[129.1756308,28.1878319],[129.1817692,28.1911028],[129.1894461,28.1873192],[129.1911392,28.1950317],[129.2093094,28.2012944],[129.2106384,28.1934289],[129.2180194,28.1909139],[129.2315994,28.1984914],[129.2399083,28.1940739],[129.2356297,28.1903497],[129.2428753,28.1880764],[129.2394692,28.1849847],[129.2292756,28.1919239],[129.2031208,28.1807417],[129.2155497,28.1744731],[129.2120889,28.1638997],[129.2236739,28.1671608],[129.2203019,28.1588438],[129.2319519,28.1536308],[129.2347969,28.1592397],[129.2404378,28.1505228],[129.2555286,28.1589458],[129.2558708,28.1740511],[129.2597142,28.1575028],[129.2624789,28.1705297],[129.2701156,28.1677492],[129.2748753,28.1511167],[129.2526672,28.1543864],[129.2449547,28.1487964],[129.2557572,28.1482836],[129.2458103,28.1426222],[129.2614581,28.1445264],[129.24217,28.1375935],[129.2500642,28.1322825],[129.2452363,28.1221123],[129.2529081,28.1234303],[129.2591806,28.1337272],[129.2649,28.1322436],[129.2750219,28.1420442],[129.2754164,28.1342017],[129.2626989,28.1291969],[129.2646839,28.123425],[129.2602817,28.1170606],[129.2709314,28.1254339],[129.2739978,28.1233183],[129.2712522,28.1144225],[129.2749381,28.1130911],[129.2876444,28.1260325],[129.2875619,28.1123956],[129.2951075,28.1075267],[129.3027294,28.1222022],[129.3088244,28.1158889],[129.3069219,28.111375],[129.3145886,28.1140044],[129.3210806,28.1008881],[129.3250228,28.1138922],[129.3363542,28.1100333],[129.3428303,28.1185028],[129.3455975,28.1096349],[129.3537417,28.1088778],[129.3547597,28.1048381],[129.3478956,28.0985069],[129.3410433,28.0769192],[129.3264017,28.0717972],[129.3182197,28.0620292],[129.3212333,28.0685925],[129.3151594,28.0703014],[129.3164481,28.0765172],[129.3255322,28.0912619],[129.3181711,28.0971067],[129.3039425,28.0864486],[129.2919078,28.0909844],[129.2912858,28.0854456],[129.2846392,28.0826364],[129.2884214,28.0760144],[129.2836617,28.0715592],[129.2885394,28.0647447],[129.2745169,28.0659464],[129.261315,28.0782611],[129.2660544,28.0868081],[129.2605817,28.091965],[129.2599894,28.1059403],[129.2510572,28.1112661],[129.2429272,28.1058778],[129.2487419,28.0998581],[129.2388111,28.0990397],[129.2219964,28.0778147],[129.2155844,28.0768364],[129.2098647,28.0859589],[129.2195578,28.0874639],[129.2244467,28.0990056],[129.2211253,28.1106336],[129.2144703,28.1091564],[129.2169575,28.1211217],[129.2120817,28.1273372],[129.2198244,28.1397281],[129.2096403,28.1465219],[129.2026656,28.1426011],[129.1950281,28.1449344],[129.1984122,28.1516978],[129.1841847,28.1606903],[129.1875492,28.1617864],[129.1853147,28.1734736],[129.1785086,28.1776992],[129.1756308,28.1878319]]}},{"type":"Feature","properties":{"areaCode1":"778","areaCode2":""},"geometry":{"type":"LineString","coordinates":[[129.1784117,28.2976367],[129.1840631,28.3071611],[129.1988269,28.3002525],[129.2039503,28.3023656],[129.2165539,28.2942161],[129.2217406,28.2839083],[129.1939628,28.2839561],[129.1784117,28.2976367]]}},{"type":"Feature","properties":{"areaCode1":"778","areaCode2":""},"geometry":{"type":"LineString","coordinates":[[129.2048142,28.0363531],[129.21424,28.0201911],[129.2192189,28.0245664],[129.2328019,28.0240661],[129.2524022,28.0148772],[129.2572678,28.0051339],[129.2691633,28.0158219],[129.2682903,28.0357358],[129.2648772,28.0381086],[129.2552525,28.0297536],[129.2515456,28.0409028],[129.2393425,28.0308481],[129.2337971,28.0312638],[129.2162278,28.0549728],[129.2048142,28.0363531]]}},{"type":"Feature","properties":{"areaCode1":"778","areaCode2":""},"geometry":{"type":"LineString","coordinates":[[129.9131797,28.3118553],[129.9155147,28.2959778],[129.9195461,28.2968828],[129.9213042,28.2896147],[129.9301167,28.2922183],[129.9409847,28.2754542],[129.9637908,28.2795453],[129.9650426,28.2859682],[129.9718442,28.283235],[130.0079203,28.3315683],[130.0008278,28.3369561],[130.0071569,28.3332171],[130.0087922,28.3373728],[130.0047506,28.3387417],[130.0081772,28.3404067],[130.0113131,28.3360703],[130.0178256,28.3379367],[130.0220489,28.3493503],[130.0320119,28.3547601],[130.0269336,28.357455],[130.0335983,28.3572764],[130.0334811,28.3689522],[130.0213344,28.3779744],[130.0093911,28.3762567],[130.0029769,28.3653581],[129.9948708,28.3644272],[129.9841164,28.3492914],[129.9540178,28.3321472],[129.9527499,28.3272726],[129.9360829,28.328625],[129.936527,28.3219601],[129.9318101,28.3262405],[129.9231296,28.3238495],[129.9131797,28.3118553]]}},{"type":"Feature","properties":{"areaCode1":"779","areaCode2":""},"geometry":{"type":"LineString","coordinates":[[128.3953669,27.0474053],[128.4015858,27.0523472],[128.4114888,27.0475471],[128.4195231,27.0649761],[128.43852,27.0667439],[128.4542947,27.0501258],[128.4582806,27.02455],[128.4437597,27.0186783],[128.4247406,27.022445],[128.4199881,27.0290339],[128.4124822,27.0283164],[128.4053731,27.0385506],[128.3986525,27.0365808],[128.3953669,27.0474053]]}},{"type":"Feature","properties":{"areaCode1":"779","areaCode2":""},"geometry":{"type":"LineString","coordinates":[[128.5199825,27.3757211],[128.5235669,27.3600148],[128.5433211,27.3372239],[128.5582736,27.3291075],[128.5763329,27.3299594],[128.6065897,27.3444058],[128.6253556,27.3631167],[128.6360867,27.3652433],[128.6539647,27.3844444],[128.6572878,27.3950669],[128.6667461,27.397675],[128.6636458,27.4009269],[128.6747408,27.41256],[128.6951544,27.4193964],[128.7137458,27.4348219],[128.7089382,27.4395839],[128.6914586,27.4407911],[128.6793661,27.4303342],[128.6549881,27.4235419],[128.6447958,27.4157544],[128.6412354,27.4180868],[128.6432539,27.4149847],[128.6345686,27.4091311],[128.6211183,27.40488],[128.6131206,27.4090981],[128.5954671,27.3971111],[128.5787058,27.4012522],[128.5529899,27.3962384],[128.5331244,27.4052425],[128.5224919,27.3888964],[128.5199825,27.3757211]]}},{"type":"Feature","properties":{"areaCode1":"779","areaCode2":""},"geometry":{"type":"LineString","coordinates":[[128.8788589,27.8280711],[128.8815275,27.8464815],[128.883576,27.8356705],[128.8919353,27.8525771],[128.8875906,27.8590052],[128.8932653,27.858185],[128.8882797,27.8651494],[128.8896772,27.8826914],[128.8997814,27.8929514],[128.9255747,27.8885986],[128.9724072,27.8919133],[128.9688133,27.8863372],[128.9756489,27.8718233],[128.9652272,27.8711094],[128.9557761,27.8619525],[128.9716108,27.8553103],[128.9708828,27.8461275],[128.9656192,27.8419717],[128.9741161,27.8322706],[128.9667508,27.8286647],[128.9687172,27.8175889],[128.9845156,27.8098401],[128.9860589,27.8042781],[128.9972544,27.8057011],[129.0163436,27.7862917],[129.0144909,27.7811721],[129.0326756,27.7752894],[129.0379592,27.7688194],[129.032316,27.7463319],[129.0205092,27.7411641],[129.024611,27.7387981],[129.0191546,27.7244231],[129.0211485,27.7168298],[129.0060358,27.7093],[129.0052614,27.6999836],[128.9981761,27.6957486],[129.0010281,27.6892992],[128.9870189,27.6700647],[128.9657506,27.6709687],[128.9362136,27.6609958],[128.9264225,27.6656533],[128.9204117,27.6743636],[128.9166531,27.6961631],[128.8998653,27.7079208],[128.8928217,27.7078569],[128.8812444,27.7219047],[128.8997678,27.7360475],[128.9072592,27.7632725],[128.8997508,27.7679408],[128.8953989,27.7835342],[128.8891719,27.7872739],[128.8869742,27.8068989],[128.8936741,27.811049],[128.8887938,27.8128569],[128.8916611,27.8192482],[128.8788589,27.8280711]]}},{"type":"Feature","properties":{"areaCode1":"800","areaCode2":""},"geometry":{"type":"LineString","coordinates":[[127.2081267,26.5761847],[127.2346683,26.5799536],[127.2350019,26.57611],[127.2409094,26.5760472],[127.2482172,26.5865931],[127.2400781,26.6000178],[127.2282672,26.6013744],[127.2165694,26.5926556],[127.2081267,26.5761847]]}},{"type":"Feature","properties":{"areaCode1":"800","areaCode2":""},"geometry":{"type":"LineString","coordinates":[[127.7418877,26.4222675],[127.7713389,26.4463725],[127.7825311,26.4353531],[127.7990558,26.4374017],[127.8039225,26.4447245],[127.7995753,26.4481239],[127.8119472,26.464374],[127.8146539,26.4619217],[127.8311639,26.4712794],[127.8352744,26.4794892],[127.8458381,26.4812525],[127.8386344,26.4963403],[127.8440314,26.5039694],[127.8506867,26.5052872],[127.8554325,26.4990853],[127.8591669,26.5046092],[127.8563925,26.5086389],[127.8625492,26.5044753],[127.8693831,26.5131056],[127.8861281,26.5027708],[127.8908836,26.5115347],[127.9079428,26.5197789],[127.9172117,26.5162469],[127.9212514,26.5286603],[127.9269714,26.5279372],[127.9339061,26.5377224],[127.9330251,26.5436733],[127.9415483,26.5357871],[127.9581743,26.5468548],[127.9642983,26.5415594],[127.9799074,26.5655261],[127.9852819,26.5809607],[127.9795835,26.5895772],[127.9652229,26.5900862],[127.952343,26.5965443],[127.9529462,26.6001169],[127.9514881,26.5971842],[127.9267851,26.6092595],[127.9201006,26.6090966],[127.9130368,26.6010478],[127.8948664,26.6066023],[127.8943695,26.6159007],[127.8774042,26.6410413],[127.8788429,26.654386],[127.8949686,26.6604923],[127.8884907,26.6612507],[127.887961,26.6746411],[127.874193,26.6847451],[127.8800431,26.709869],[127.9056518,26.698456],[127.9135209,26.7031448],[127.9340025,26.7026667],[127.9531194,26.7082058],[127.9698606,26.7031339],[127.9657761,26.69761],[127.9703847,26.6937592],[127.9784153,26.6977458],[128.0005516,26.6921601],[127.9975246,26.6914233],[128.0083775,26.6834511],[127.99636,26.6769364],[127.9909278,26.6517594],[127.9822114,26.6525431],[127.9826689,26.6491469],[127.9990463,26.6431765],[128.0079474,26.6299992],[128.013404,26.6324507],[128.0253688,26.6268368],[128.0334913,26.6362092],[128.052192,26.6349589],[128.0792948,26.6443088],[128.0970656,26.6621633],[128.1087702,26.6628024],[128.1114672,26.6682414],[128.1112303,26.6593344],[128.115115,26.6634078],[128.1173369,26.6591025],[128.1245768,26.661751],[128.1141891,26.6714241],[128.1048597,26.6700769],[128.0986266,26.680606],[128.1178406,26.7031525],[128.1436664,26.7085608],[128.1589481,26.7218069],[128.1595425,26.7337333],[128.1504483,26.7412042],[128.1530422,26.7458286],[128.1634608,26.7430664],[128.1839853,26.7498156],[128.1903158,26.7614567],[128.1977192,26.7681169],[128.2036278,26.7668683],[128.2046742,26.7751456],[128.2185782,26.7840769],[128.2262361,26.7972167],[128.2319833,26.7979886],[128.2307083,26.8050267],[128.2533254,26.8427123],[128.2530486,26.8512375],[128.2441825,26.8583892],[128.2490006,26.870425],[128.2635806,26.8742033],[128.2620339,26.866315],[128.2804008,26.8562883],[128.280885,26.8509517],[128.2921056,26.8453396],[128.2901924,26.8416199],[128.3003219,26.8468742],[128.3059078,26.8447272],[128.3055867,26.8287267],[128.3206494,26.8140325],[128.317825,26.8059869],[128.3216339,26.7955994],[128.3170083,26.7924439],[128.3262478,26.7822619],[128.3211831,26.7569572],[128.3275242,26.7563408],[128.3271581,26.749305],[128.3179864,26.7433114],[128.3247536,26.7429472],[128.3184558,26.7345106],[128.3061261,26.7298831],[128.3037208,26.7210544],[128.2941389,26.7180633],[128.2993147,26.7121356],[128.290945,26.7083631],[128.2938786,26.7016425],[128.2814989,26.6967008],[128.2794703,26.6767028],[128.2648692,26.6679339],[128.2638625,26.6592006],[128.2563486,26.6589706],[128.2511169,26.6519622],[128.2524222,26.6453975],[128.2385458,26.6319408],[128.1824694,26.6237964],[128.1594336,26.6308311],[128.1482772,26.6292375],[128.1455951,26.6222646],[128.1553181,26.6071494],[128.1517342,26.5978922],[128.1234854,26.6032106],[128.1510467,26.5681419],[128.1379981,26.5663894],[128.1384364,26.5534097],[128.1260747,26.5552419],[128.1079558,26.5497144],[128.1003675,26.5434511],[128.1017328,26.5390025],[128.0931239,26.5402686],[128.0953169,26.5343047],[128.0651086,26.5519667],[128.0438694,26.5478528],[128.0416789,26.5592042],[128.0392525,26.5524117],[128.0333042,26.5528193],[128.0531136,26.5204414],[128.0392658,26.5207797],[128.034812,26.5166302],[128.0311609,26.5199429],[128.0331081,26.5143628],[128.0256853,26.5104747],[128.0096517,26.5147361],[128.0047497,26.5053839],[127.9999872,26.5114175],[127.996055,26.5088672],[127.9915697,26.5042319],[128.0009564,26.4942781],[128.0013039,26.4833775],[127.9896967,26.4807164],[127.9910614,26.47508],[127.9672911,26.4676872],[127.9615658,26.4733847],[127.9508433,26.4724139],[127.9513103,26.4665131],[127.9461128,26.4640853],[127.9505186,26.45618],[127.9431346,26.450689],[127.9488025,26.4377172],[127.9415767,26.4416442],[127.9240686,26.4389817],[127.9164471,26.4469942],[127.899715,26.4490606],[127.8853633,26.4575044],[127.8758881,26.4544942],[127.8697969,26.4576089],[127.8525894,26.4508094],[127.8416394,26.4353089]]}},{"type":"Feature","properties":{"areaCode1":"800","areaCode2":""},"geometry":{"type":"LineString","coordinates":[[127.7489167,26.7222467],[127.7524828,26.7331047],[127.7591558,26.7374919],[127.7900601,26.7333722],[127.8078987,26.7391244],[127.8286435,26.7244121],[127.8313328,26.7168822],[127.8285381,26.7098183],[127.8109669,26.7050764],[127.7921625,26.7098344],[127.7629296,26.7068392],[127.7535203,26.7117239],[127.7489167,26.7222467]]}},{"type":"Feature","properties":{"areaCode1":"800","areaCode2":""},"geometry":{"type":"LineString","coordinates":[[127.8547874,26.6480723],[127.8664995,26.6539253],[127.8744489,26.6489183],[127.8622958,26.6295097],[127.8580554,26.6316726],[127.8547874,26.6480723]]}},{"type":"Feature","properties":{"areaCode1":"800","areaCode2":""},"geometry":{"type":"LineString","coordinates":[[127.9118256,26.9370719],[127.9196939,26.9479033],[127.9447276,26.9546934],[127.9406465,26.9536849],[127.9567078,26.9432883],[127.9573286,26.93486],[127.9502667,26.9269842],[127.9539933,26.9144064],[127.9390933,26.9106086],[127.9298714,26.9133661],[127.9186467,26.9223619],[127.9217494,26.9355564],[127.9118256,26.9370719]]}},{"type":"Feature","properties":{"areaCode1":"800","areaCode2":""},"geometry":{"type":"LineString","coordinates":[[127.9322106,27.01895],[127.9506058,27.0445633],[127.9682986,27.0587169],[127.9705355,27.0667098],[127.9865903,27.0740969],[127.9960478,27.0892533],[128.0220589,27.0932989],[127.9969811,27.0684042],[127.9988778,27.0613519],[127.9913583,27.0442314],[127.9672958,27.0371478],[127.963505,27.0219153],[127.9447294,27.01884],[127.9352581,26.9947131],[127.9324255,26.9978587],[127.9378047,27.0073081],[127.9322106,27.01895]]}},{"type":"Feature","properties":{"areaCode1":"800","areaCode2":""},"geometry":{"type":"LineString","coordinates":[[127.9935636,26.6602003],[127.9989283,26.6752944],[128.0062169,26.6740436],[128.0098567,26.6792306],[128.0200469,26.6806669],[128.0237767,26.6670958],[128.0336744,26.6590322],[128.0341451,26.6468636],[128.0305822,26.6439432],[128.0311472,26.6497868],[128.0149081,26.6574778],[128.0098067,26.6503764],[127.9935636,26.6602003]]}},{"type":"Feature","properties":{"areaCode1":"800","areaCode2":""},"geometry":{"type":"LineString","coordinates":[[128.0082731,26.7074294],[128.0155369,26.6940071],[128.0273933,26.7000958],[128.0277275,26.7103194],[128.0196064,26.7141644],[128.0124025,26.7141189],[128.0082731,26.7074294]]}},{"type":"Feature","properties":{"areaCode1":"800","areaCode2":"801"},"geometry":{"type":"LineString","coordinates":[[127.7418458,26.4220369],[127.7418877,26.4222675]]}},{"type":"Feature","properties":{"areaCode1":"800","areaCode2":"801"},"geometry":{"type":"LineString","coordinates":[[127.7418458,26.4220369],[127.7510758,26.4151867],[127.7647725,26.4225242],[127.7860303,26.4158717],[127.8109231,26.4404639],[127.8294961,26.4501317],[127.8381311,26.4487072],[127.8416394,26.4353089]]}},{"type":"Feature","properties":{"areaCode1":"801","areaCode2":""},"geometry":{"type":"LineString","coordinates":[[127.1365554,26.3714568],[127.1402961,26.3705303],[127.1388472,26.3770075],[127.1504717,26.3814411],[127.1465422,26.3704728],[127.1514011,26.3619461],[127.1614106,26.36409],[127.1601231,26.3588047],[127.1459553,26.3484533],[127.1365554,26.3714568]]}},{"type":"Feature","properties":{"areaCode1":"801","areaCode2":""},"geometry":{"type":"LineString","coordinates":[[127.2647639,26.1984164],[127.2810303,26.2132564],[127.2934153,26.1941883],[127.2755856,26.1866286],[127.2760383,26.1955331],[127.2674678,26.1937961],[127.2647639,26.1984164]]}},{"type":"Feature","properties":{"areaCode1":"801","areaCode2":""},"geometry":{"type":"LineString","coordinates":[[127.2809461,26.2311086],[127.2928608,26.2349728],[127.2951269,26.2422394],[127.3009944,26.2379397],[127.307095,26.2404194],[127.3100308,26.2519656],[127.3125444,26.2459172],[127.3178172,26.2480025],[127.3323339,26.2405844],[127.3274708,26.2355339],[127.333325,26.2288472],[127.3206183,26.2297892],[127.3208489,26.2391453],[127.3127528,26.2388175],[127.3155764,26.2261503],[127.3076825,26.2185281],[127.3033764,26.2197161],[127.3020922,26.2273727],[127.2956999,26.2235696],[127.2809461,26.2311086]]}},{"type":"Feature","properties":{"areaCode1":"801","areaCode2":""},"geometry":{"type":"LineString","coordinates":[[127.3388842,26.1826306],[127.3477989,26.1858872],[127.3453731,26.2016078],[127.35532,26.2174678],[127.3528219,26.2254614],[127.3698903,26.2201808],[127.3744292,26.203845],[127.3671945,26.1987062],[127.3730837,26.1981033],[127.3698433,26.1933033],[127.3728817,26.1900792],[127.3584081,26.1806239],[127.3642992,26.1572464],[127.3523492,26.1560158],[127.3488239,26.1457875],[127.3440694,26.1510458],[127.3482733,26.1670506],[127.3407869,26.1698753],[127.3388842,26.1826306]]}},{"type":"Feature","properties":{"areaCode1":"801","areaCode2":""},"geometry":{"type":"LineString","coordinates":[[127.6364999,26.1986565],[127.6436701,26.1892396],[127.6442143,26.1780802],[127.6400367,26.1753389],[127.6558868,26.173527],[127.6482723,26.1738924],[127.6536502,26.1662397],[127.6493728,26.164466],[127.653892,26.1633313],[127.6457756,26.1595981],[127.6472029,26.1533856],[127.6501113,26.160825],[127.660312,26.162084],[127.669305,26.1520973],[127.6479648,26.1453038],[127.6506027,26.1267827],[127.6580846,26.1278563],[127.6534768,26.1352687],[127.6601757,26.1368388],[127.6593117,26.1307529],[127.6685412,26.1333981],[127.6682785,26.1295681],[127.6667893,26.1324],[127.6612369,26.1286177],[127.6625568,26.1247925],[127.6692891,26.1258157],[127.6617988,26.1209659],[127.6689055,26.1219561],[127.6650694,26.1155997],[127.6679039,26.1215181],[127.6600922,26.1161484],[127.6644839,26.1143485],[127.6564769,26.0912981],[127.6574852,26.081597],[127.676807,26.0745213],[127.6970173,26.0871892],[127.7248472,26.0902403],[127.7481553,26.1190423],[127.7673941,26.1261781],[127.7679078,26.1312926],[127.7753473,26.1349967],[127.7928992,26.1349467],[127.8025027,26.146604],[127.8103261,26.1487522],[127.8116527,26.1551904],[127.8306228,26.1657589],[127.8314791,26.1770834],[127.8225543,26.1804056],[127.8211577,26.1916358],[127.7921153,26.184911],[127.7921863,26.1755517],[127.7872465,26.1706245],[127.7778133,26.1724955],[127.7772728,26.1907921],[127.7706505,26.1926062],[127.7692373,26.200239],[127.7606336,26.20235],[127.770372,26.2015717],[127.7671995,26.2074913],[127.7729602,26.2023413],[127.7687296,26.2100629],[127.7888309,26.2271313],[127.7895267,26.2486194],[127.7953351,26.2524696],[127.7981036,26.2658013],[127.8090587,26.2751859],[127.8128358,26.2711021],[127.8162267,26.2774188],[127.8168242,26.2896825],[127.8107467,26.2932108],[127.8132115,26.2977114],[127.8150863,26.2935527],[127.8116074,26.2997024],[127.8162318,26.3051509],[127.827326,26.3032017],[127.8285018,26.310736],[127.838208,26.2995997],[127.849286,26.3015236],[127.8416097,26.3075632],[127.8334466,26.3053926],[127.828569,26.3115361],[127.8472933,26.3141419],[127.8466127,26.3197086],[127.8349061,26.3222933],[127.8390896,26.3243791],[127.8353469,26.3273158],[127.8620545,26.3446711],[127.8723446,26.327996],[127.8714033,26.3312099],[127.904956,26.3026879],[127.903595,26.2993417],[127.9082536,26.3030261],[127.9073194,26.2978156],[127.9100571,26.3009341],[127.9157272,26.2943462],[127.9213485,26.2948734],[127.9239276,26.3086126],[127.9057314,26.3307985],[127.9148318,26.3318401],[127.8968604,26.3341286],[127.8758262,26.3549901],[127.8749698,26.3726889],[127.8772782,26.3691024],[127.8711821,26.3727957],[127.8813059,26.3766039],[127.8741989,26.3863489],[127.8449173,26.4053302],[127.8508896,26.4068241],[127.841342,26.4057166],[127.8365339,26.4140904],[127.8388914,26.4180796],[127.8267137,26.4224215],[127.8300434,26.4290955],[127.8331031,26.4237248],[127.8307077,26.4321302],[127.8434122,26.4276403],[127.8416394,26.4353089]]}},{"type":"Feature","properties":{"areaCode1":"801","areaCode2":""},"geometry":{"type":"LineString","coordinates":[[127.6364999,26.1986565],[127.6519441,26.2177575],[127.6711708,26.2052339],[127.6739225,26.2073018],[127.6609263,26.2176337],[127.66351,26.2198374],[127.6600872,26.2181403],[127.6715446,26.2211505],[127.6755634,26.2269373],[127.6744501,26.2238011],[127.6837274,26.2247274],[127.678189,26.2287272],[127.6793974,26.2401982],[127.6779854,26.2364055],[127.6750898,26.2401984],[127.673667,26.2322762],[127.6670785,26.2322764],[127.6670877,26.2377072],[127.6722574,26.2386171],[127.6688806,26.2507268],[127.6775513,26.2506193],[127.6749501,26.246128],[127.6851883,26.2428257],[127.6836593,26.2557852],[127.6729138,26.2552578],[127.6909364,26.2551804],[127.7066058,26.2731289],[127.7234584,26.271479],[127.7262939,26.2782572],[127.7315388,26.2782477],[127.7249613,26.2784078],[127.730284,26.2829],[127.7410583,26.28129],[127.7380822,26.2847767],[127.7570976,26.295096],[127.7600787,26.3098656],[127.7524463,26.3185325],[127.7562785,26.3222078],[127.749066,26.3202351],[127.7424553,26.3310925],[127.7475302,26.340855],[127.7452035,26.3513763],[127.7413986,26.3502323],[127.7155697,26.4038261],[127.7168097,26.4336206],[127.7113955,26.4404744],[127.7249018,26.4401142],[127.7345819,26.4236372],[127.7418877,26.4222675]]}},{"type":"Feature","properties":{"areaCode1":"801","areaCode2":""},"geometry":{"type":"LineString","coordinates":[[127.837254,26.329425],[127.861612,26.3437173],[127.8699582,26.3299971],[127.8664211,26.3272844],[127.858398,26.3335489],[127.853506,26.3245391],[127.837254,26.329425]]}},{"type":"Feature","properties":{"areaCode1":"801","areaCode2":""},"geometry":{"type":"LineString","coordinates":[[127.9397342,26.3360867],[127.9491084,26.3400525],[127.959628,26.336267],[127.9755553,26.3510757],[127.9695708,26.3552715],[127.9691471,26.3619394],[127.9656828,26.3650854],[127.9674972,26.3624007],[127.9554219,26.3564138],[127.945354,26.3564456],[127.942908,26.3635044],[127.9481574,26.3457923],[127.9465792,26.3416011],[127.9456028,26.3491776],[127.9465314,26.3414608],[127.9397342,26.3360867]]}},{"type":"Feature","properties":{"areaCode1":"801","areaCode2":""},"geometry":{"type":"LineString","coordinates":[[127.9689406,26.3628036],[127.969617,26.3561366],[127.9777091,26.3521525],[127.9964933,26.3618546],[127.992916,26.3741385],[127.9851729,26.3762266],[127.9905001,26.3791144],[127.988006,26.3850662],[127.9728094,26.3756607],[127.9689406,26.3628036]]}},{"type":"Feature","properties":{"areaCode1":"802","areaCode2":""},"geometry":{"type":"LineString","coordinates":[[126.7077558,26.3576378],[126.7163489,26.3715619],[126.7085033,26.3606778],[126.70973,26.3681653],[126.7170867,26.3745503],[126.7348606,26.3762314],[126.7589353,26.3892439],[126.7812011,26.3900589],[126.7977403,26.3686206],[126.8053131,26.3704228],[126.8106928,26.3631214],[126.8079469,26.36023],[126.8259333,26.3521133],[126.8174914,26.352695],[126.826185,26.3460253],[126.814175,26.3392783],[126.8159589,26.3356914],[126.8054428,26.3246044],[126.8039683,26.3072606],[126.8101594,26.3025028],[126.8126331,26.2918511],[126.8012428,26.2927025],[126.7788356,26.3062814],[126.7679208,26.3223928],[126.7683053,26.329192],[126.7552122,26.3385608],[126.7602239,26.342281],[126.7502179,26.3407309],[126.7578812,26.3328645],[126.7490294,26.3445189],[126.7248947,26.3487517],[126.7282308,26.34475],[126.71314,26.3596916],[126.7119458,26.3520369],[126.7295682,26.3406071],[126.7141428,26.3486047],[126.7077558,26.3576378]]}},{"type":"Feature","properties":{"areaCode1":"802","areaCode2":""},"geometry":{"type":"LineString","coordinates":[[128.2175028,27.8777881],[128.2216461,27.8853192],[128.2258489,27.8845544],[128.2363475,27.8667803],[128.234585,27.8605356],[128.2233522,27.8665011],[128.2175028,27.8777881]]}},{"type":"Feature","properties":{"areaCode1":"803","areaCode2":""},"geometry":{"type":"LineString","coordinates":[[131.2133617,25.8233703],[131.2200486,25.8658342],[131.2254739,25.8702222],[131.2549253,25.8715119],[131.2714472,25.8584817],[131.2674164,25.8299903],[131.2569486,25.8174008],[131.2314586,25.8128171],[131.2133617,25.8233703]]}},{"type":"Feature","properties":{"areaCode1":"803","areaCode2":""},"geometry":{"type":"LineString","coordinates":[[131.2838983,25.9566647],[131.2929019,25.9350367],[131.3071561,25.9281536],[131.3220836,25.9306328],[131.3321133,25.9510919],[131.2859019,25.9610003],[131.2838983,25.9566647]]}},{"type":"Feature","properties":{"areaCode1":"804","areaCode2":""},"geometry":{"type":"LineString","coordinates":[[124.6708031,24.6605397],[124.6833617,24.6739872],[124.6967847,24.6772972],[124.7086539,24.6745233],[124.7095422,24.6786512],[124.7094972,24.6742697],[124.7263044,24.6670333],[124.7284492,24.6572003],[124.7244713,24.6459145],[124.7204439,24.6456336],[124.7253128,24.6435995],[124.6869386,24.6376637],[124.6754778,24.6431708],[124.6708031,24.6605397]]}},{"type":"Feature","properties":{"areaCode1":"804","areaCode2":""},"geometry":{"type":"LineString","coordinates":[[125.1349724,24.8242083],[125.1393558,24.8273564],[125.1353552,24.8275347],[125.135205,24.8350386],[125.1399598,24.8371399],[125.1400649,24.8445984],[125.1475386,24.8319575],[125.1568118,24.833435],[125.1772592,24.8104109],[125.1624737,24.8021643],[125.1465814,24.8065761],[125.1449784,24.8139614],[125.1383638,24.8162397],[125.1392096,24.8237447],[125.1349724,24.8242083]]}},{"type":"Feature","properties":{"areaCode1":"804","areaCode2":""},"geometry":{"type":"LineString","coordinates":[[125.1552911,24.8370673],[125.1777255,24.8108178],[125.1990555,24.8054303],[125.2063972,24.7988437],[125.2018492,24.8054674],[125.2163262,24.8067658],[125.2218833,24.8140025],[125.2122386,24.8432647],[125.2147149,24.8414957],[125.17871,24.8616497],[125.1622137,24.8652659],[125.1556376,24.851187],[125.1599514,24.8401604],[125.1552911,24.8370673]]}},{"type":"Feature","properties":{"areaCode1":"804","areaCode2":""},"geometry":{"type":"LineString","coordinates":[[125.2310289,24.9351742],[125.2433792,24.9388631],[125.2559019,24.9244792],[125.2499429,24.9204566],[125.2469847,24.9263819],[125.2491531,24.9204725],[125.2442489,24.9211529],[125.2310289,24.9351742]]}},{"type":"Feature","properties":{"areaCode1":"804","areaCode2":""},"geometry":{"type":"LineString","coordinates":[[125.2386592,24.7212867],[125.2433452,24.7315741],[125.257164,24.7246659],[125.2583267,24.7191108],[125.2453663,24.7133861],[125.2386592,24.7212867]]}},{"type":"Feature","properties":{"areaCode1":"804","areaCode2":""},"geometry":{"type":"LineString","coordinates":[[125.2525083,24.7564011],[125.2618908,24.7687742],[125.2603283,24.7596506],[125.2661919,24.7512008],[125.2849528,24.7527078],[125.2777393,24.7734155],[125.2679989,24.7839843],[125.2593356,24.7839871],[125.2560523,24.7946569],[125.2790617,24.8093063],[125.2782354,24.8383817],[125.2862511,24.8396855],[125.2860897,24.8437903],[125.2961147,24.8376133],[125.2953892,24.8494386],[125.2727431,24.8802169],[125.2714103,24.8927442],[125.2551283,24.9101389],[125.2684372,24.9029086],[125.2658569,24.9161233],[125.2850586,24.8827831],[125.298488,24.8785892],[125.3128747,24.8373872],[125.3354822,24.8221247],[125.33089,24.8118297],[125.3352037,24.798919],[125.3550186,24.7889689],[125.3695536,24.7924497],[125.3829633,24.7877381],[125.4026422,24.7661783],[125.4333817,24.7609908],[125.4694242,24.7189294],[125.4534247,24.7306717],[125.4466283,24.7250419],[125.4394067,24.7293969],[125.4248472,24.7261867],[125.4061861,24.7299322],[125.3775646,24.7247371],[125.3703911,24.7293925],[125.3415475,24.71712],[125.3229372,24.7191128],[125.3087927,24.7115786],[125.2964289,24.7204825],[125.2974231,24.7337608],[125.2933111,24.7343642],[125.2976267,24.7253956],[125.2949053,24.7183233],[125.2611853,24.7353269],[125.2525083,24.7564011]]}},{"type":"Feature","properties":{"areaCode1":"805","areaCode2":""},"geometry":{"type":"LineString","coordinates":[[123.4577992,25.7399364],[123.4642878,25.7346311],[123.4935553,25.7432358],[123.4764325,25.7518119],[123.4577992,25.7399364]]}},{"type":"Feature","properties":{"areaCode1":"805","areaCode2":""},"geometry":{"type":"LineString","coordinates":[[124.0690391,24.4314078],[124.0807111,24.4479886],[124.0766724,24.4534102],[124.0994707,24.4536267],[124.1084067,24.4442641],[124.1197491,24.4467606],[124.1166558,24.4625626],[124.1255649,24.4696703],[124.113055,24.4773529],[124.1178078,24.4825232],[124.1431997,24.4669327],[124.1411294,24.4504022],[124.1337432,24.4477999],[124.1399761,24.4424052],[124.1524984,24.4546988],[124.1743016,24.4486247],[124.1931237,24.4577891],[124.2228905,24.4553625],[124.2263619,24.4650832],[124.2205487,24.4710415],[124.2310581,24.4881235],[124.2285223,24.499106],[124.2391853,24.4989531],[124.2566359,24.5198024],[124.2749954,24.5046172],[124.2792466,24.5065014],[124.2856712,24.5359221],[124.2959564,24.5418567],[124.2826445,24.5611961],[124.297956,24.5703712],[124.3084297,24.5874188],[124.3121623,24.6105332],[124.3399568,24.6055195],[124.3366791,24.5959402],[124.3404599,24.5861781],[124.3345001,24.5711838],[124.3042632,24.5459984],[124.307274,24.5272361],[124.2836795,24.5081924],[124.2815025,24.4878957],[124.2628026,24.4799604],[124.2524132,24.4667738],[124.2507224,24.4534517],[124.2580212,24.443577],[124.2499424,24.4306104],[124.2587205,24.4116857],[124.2522026,24.3953578],[124.2542184,24.3803027],[124.2497611,24.3594673],[124.2387689,24.3462372],[124.2276136,24.3458992],[124.2177947,24.3543894],[124.2086497,24.3555465],[124.199181,24.3527954],[124.201793,24.3439443],[124.188334,24.3323522],[124.1689889,24.3288494],[124.1565218,24.3344793],[124.1574789,24.3377948],[124.1453925,24.337107],[124.1458027,24.3434153],[124.1494789,24.3432668],[124.1441627,24.3494409],[124.1436619,24.345124],[124.1447576,24.3509958],[124.1109534,24.3654917],[124.1188202,24.3767742],[124.1285392,24.3784145],[124.1386827,24.3871807],[124.1430893,24.4137646],[124.1340673,24.415554],[124.1204437,24.434551],[124.1117889,24.4298652],[124.1005178,24.4325853],[124.0879845,24.4234648],[124.0851618,24.4159227],[124.0690391,24.4314078]]}},{"type":"Feature","properties":{"areaCode1":"806","areaCode2":""},"geometry":{"type":"LineString","coordinates":[[122.9336531,24.4493442],[122.9667794,24.4375711],[122.9818597,24.4380822],[122.9843239,24.4429519],[123.0108797,24.4368181],[123.043805,24.4622222],[123.0127167,24.4736961],[122.9957972,24.4749837],[123.0041926,24.4725198],[122.9742321,24.4670937],[122.9626389,24.4726539],[122.9542078,24.4661869],[122.9541898,24.4609359],[122.9367767,24.4529265],[122.9443788,24.4523261],[122.940805,24.4485681],[122.9336531,24.4493442]]}},{"type":"Feature","properties":{"areaCode1":"807","areaCode2":""},"geometry":{"type":"LineString","coordinates":[[123.6616467,24.3086583],[123.6803903,24.2825786],[123.718335,24.2780086],[123.7237353,24.2996169],[123.7553717,24.2794581],[123.8056789,24.2696006],[123.8326447,24.272155],[123.8637558,24.2552583],[123.8781117,24.2553897],[123.8827294,24.2732417],[123.8859631,24.2728434],[123.8788803,24.2762767],[123.8810078,24.2804211],[123.9044564,24.2750778],[123.8989703,24.2979858],[123.9013742,24.3071181],[123.9129997,24.3201558],[123.9116528,24.3254711],[123.9282694,24.3160222],[123.9246606,24.3244017],[123.9301822,24.3277661],[123.9267822,24.3427453],[123.9359306,24.3491903],[123.94065,24.3614033],[123.9384078,24.3656506],[123.9223229,24.3665509],[123.9173556,24.3785442],[123.9069158,24.3846567],[123.8922417,24.3876556],[123.8871164,24.3838611],[123.8811286,24.3912275],[123.8813006,24.3999308],[123.8728544,24.4040208],[123.8684278,24.4043175],[123.8616711,24.3948028],[123.8546369,24.4028867],[123.83272,24.4076658],[123.8285433,24.3981606],[123.8184169,24.3984131],[123.8221669,24.3924031],[123.8158522,24.3904333],[123.809145,24.4009797],[123.8168581,24.3988089],[123.810345,24.4013625],[123.8147644,24.4049927],[123.8118731,24.4112569],[123.8014492,24.4152644],[123.7997617,24.4223989],[123.7834031,24.4375339],[123.7702606,24.4368986],[123.7640275,24.4297047],[123.7655531,24.4250622],[123.7730189,24.4258878],[123.7727253,24.4176133],[123.76157,24.4150964],[123.7514306,24.4035372],[123.7525592,24.3914028],[123.7431239,24.3937844],[123.7423863,24.3900297],[123.7529936,24.3769711],[123.7429832,24.3673731],[123.7465444,24.3593064],[123.7531828,24.3582383],[123.7444042,24.342485],[123.7501517,24.3383928],[123.7464828,24.3231244],[123.7515778,24.3126928],[123.74832,24.3116006],[123.7434872,24.3205844],[123.7395047,24.3148483],[123.7377094,24.3294189],[123.7337472,24.3318914],[123.72906,24.3280556],[123.7267586,24.3434014],[123.7141164,24.3339664],[123.7155131,24.3279478],[123.7114189,24.3310881],[123.7036992,24.3501228],[123.7006727,24.3400104],[123.7102372,24.3148733],[123.7030369,24.3133358],[123.7008136,24.3257411],[123.6864269,24.3327217],[123.6799917,24.3223725],[123.6872942,24.3106236],[123.68171,24.3077619],[123.6791478,24.3128806],[123.6708606,24.3140322],[123.6616467,24.3086583]]}},{"type":"Feature","properties":{"areaCode1":"807","areaCode2":""},"geometry":{"type":"LineString","coordinates":[[123.7528211,24.054905],[123.7540261,24.062755],[123.7767436,24.0714333],[123.7962203,24.0702303],[123.8106061,24.0618389],[123.8053164,24.0496703],[123.7953494,24.0458719],[123.7604039,24.0485011],[123.7528211,24.054905]]}},{"type":"Feature","properties":{"areaCode1":"807","areaCode2":""},"geometry":{"type":"LineString","coordinates":[[123.9512153,24.3321619],[123.9539706,24.3366472],[123.9692569,24.3389311],[123.9634317,24.3497114],[123.9745353,24.3547972],[123.9936133,24.3470364],[123.9898753,24.3404283],[124.0037119,24.3277897],[123.9916117,24.3235411],[123.9842128,24.3308886],[123.9512153,24.3321619]]}},{"type":"Feature","properties":{"areaCode1":"807","areaCode2":""},"geometry":{"type":"LineString","coordinates":[[123.9909839,24.2470267],[123.9923336,24.2380894],[124.0055892,24.2207414],[124.0146614,24.2219208],[124.0292644,24.2334386],[124.0295508,24.2429722],[124.0240844,24.2503494],[124.0162408,24.2470522],[124.0011321,24.2561785],[124.0036353,24.252286],[123.9983386,24.2539541],[123.9909839,24.2470267]]}},{"type":"Feature","properties":{"areaCode1":"807","areaCode2":""},"geometry":{"type":"LineString","coordinates":[[124.0758725,24.3251494],[124.0842139,24.3118072],[124.1020322,24.3207958],[124.0968144,24.3350873],[124.0868344,24.3405047],[124.0758725,24.3251494]]}}]}