{"type":"FeatureCollection","metadata":{"source":"JMA GIS","sourceUrl":"https://www.data.jma.go.jp/developer/gis.html","sourceVersion":"20240520","acquiredAt":"2026-08-24","coordinateSystem":"JGD2011 (原始 ZIP 无 .prj，按经纬度使用)","officialBoundary":true,"sourceLayer":"津波予報区","geometryType":"PolyLine","simplificationToleranceDegrees":0.01,"sourceArchive":"20240520_AreaTsunami_GIS.zip","derivedFrom":"jma-tsunami-forecast-lines-overview.geojson","detailLevel":"medium","pointStride":1,"duplicatePointsRemoved":true},"features":[{"type":"Feature","properties":{"forecastAreaCode":"120","name":"オホーツク海沿岸","officialBoundary":true},"geometry":{"type":"MultiLineString","coordinates":[[[144.2926626,44.0194484],[144.3029789,44.0154304],[144.2926626,44.0194484]],[[143.3857053,44.3432599],[143.3689253,44.3445747],[143.3857053,44.3432599]],[[141.9366609,45.5229495],[142.0186069,45.4537783],[142.0456614,45.4057972],[142.1714392,45.3432218],[142.4067163,45.1206849],[142.4822144,45.0614292],[142.5044281,45.0600222],[142.5078019,45.0400111],[142.5341414,45.0285769],[142.5401211,44.9911267],[142.5847569,44.9614164],[142.5863527,44.9215196],[142.6325014,44.8878231],[142.6575592,44.8426297],[142.7774356,44.7292631],[142.9274508,44.6288506],[142.9902089,44.5602964],[143.3487444,44.3705236],[143.3882086,44.3217488],[143.5354675,44.2606031],[143.9325092,44.1462385],[144.1005495,44.1292991],[144.188616,44.103677],[144.2436094,44.1135231],[144.2550114,44.0384186],[144.2912725,44.0247776],[144.2778924,44.0237072],[144.2920756,44.0188823],[144.2821445,44.0110491],[144.2985878,43.9826184],[144.3450378,43.9615631],[144.5700564,43.9197578],[144.7952892,43.9313925],[144.9107114,44.0045553],[144.9355817,44.0430425],[144.9971768,44.0726394],[145.0152503,44.1001286],[145.1919325,44.1953453],[145.22977,44.2526094],[145.3062733,44.3123103],[145.3206933,44.3405278],[145.3376442,44.3413125]]]}},{"type":"Feature","properties":{"forecastAreaCode":"390","name":"愛知県外海","officialBoundary":true},"geometry":{"type":"MultiLineString","coordinates":[[[137.4849639,34.6741051],[137.142914,34.5900258],[137.01659,34.5791122]]]}},{"type":"Feature","properties":{"forecastAreaCode":"600","name":"愛媛県宇和海沿岸","officialBoundary":true},"geometry":{"type":"MultiLineString","coordinates":[[[132.6555329,32.9252013],[132.5988085,32.912631],[132.5860414,32.938499],[132.6023046,32.9476363],[132.5481634,32.9451193],[132.5674852,32.9293031],[132.5126657,32.9501326],[132.5047754,32.9415066],[132.5270239,32.9328251],[132.4969747,32.9186084],[132.5269855,32.9150249],[132.4909272,32.8978927],[132.4720666,32.9061706],[132.4777511,32.9218741],[132.4604808,32.9380938],[132.4921881,32.9397519],[132.5028211,32.9559545],[132.4698488,32.9696046],[132.4972637,32.9877843],[132.5047074,32.9727242],[132.4927276,32.9646435],[132.5539109,32.9603136],[132.5112294,32.9767442],[132.5061086,33.0048856],[132.484685,33.0109843],[132.4846766,33.0472222],[132.4500799,33.0482833],[132.4521371,33.0351651],[132.4165483,33.0578811],[132.4110026,33.0266942],[132.3958243,33.0132667],[132.3787208,33.0214954],[132.4029893,33.0398184],[132.4036688,33.0693816],[132.433275,33.0528627],[132.4472753,33.0658913],[132.4841341,33.0565633],[132.4787644,33.0841479],[132.4723779,33.069965],[132.4615159,33.0760905],[132.4628104,33.0933456],[132.4813657,33.0973483],[132.4466366,33.1241792],[132.4691807,33.1267716],[132.4706056,33.1147337],[132.5028324,33.1297404],[132.4406831,33.1380276],[132.4248261,33.1560613],[132.4316222,33.169632],[132.4646308,33.1721212],[132.4221017,33.2086862],[132.4033534,33.2052597],[132.4188119,33.1963226],[132.3993924,33.1848353],[132.3930684,33.2049098],[132.4593857,33.2103544],[132.4581439,33.1843303],[132.4830081,33.1857046],[132.4867463,33.1644341],[132.492592,33.184601],[132.5154305,33.1710174],[132.5087448,33.1938894],[132.4890059,33.1997322],[132.5439055,33.2138328],[132.5395813,33.2269749],[132.5576929,33.2201923],[132.5200749,33.2486689],[132.5422291,33.27159],[132.5092604,33.2591707],[132.4830106,33.2749153],[132.4677823,33.2543111],[132.4823824,33.2894775],[132.5251665,33.3045342],[132.5228674,33.3157297],[132.4311912,33.3199821],[132.4212522,33.3034082],[132.370214,33.3192086],[132.3771399,33.3377851],[132.4200397,33.3555302],[132.4061321,33.3601912],[132.4193767,33.3830524],[132.3844319,33.3620899],[132.3787056,33.3858436],[132.3968112,33.3993023],[132.3791742,33.4162387],[132.4162096,33.4428644],[132.3821797,33.4425526],[132.4208807,33.4633791],[132.3917608,33.454973],[132.4019989,33.4711987],[132.3902118,33.4770476],[132.3731603,33.4604841],[132.3534098,33.488738],[132.3418255,33.4850648],[132.3538781,33.4742517],[132.3242897,33.4730106],[132.3169461,33.4516853],[132.2999078,33.4747344],[132.2806611,33.4471525],[132.1820572,33.4119181],[132.1531317,33.37276],[132.1035811,33.3618389],[132.1207869,33.3883486],[132.0945581,33.3875931],[132.0141316,33.3438443]],[[132.4053703,32.946165],[132.4033069,32.9337078],[132.4053703,32.946165]],[[132.4551828,32.9521038],[132.4356192,32.9398084],[132.4551828,32.9521038]],[[132.332469,33.1096081],[132.3178118,33.1024049],[132.332469,33.1096081]],[[132.4221661,33.1138003],[132.4079553,33.1055374],[132.4221661,33.1138003]],[[132.3389023,33.1615222],[132.3223759,33.1527264],[132.3389023,33.1615222]],[[132.3089526,33.1638516],[132.3103393,33.1479892],[132.2870101,33.1604542],[132.3089526,33.1638516]],[[132.2633918,33.1846736],[132.29627,33.1716149],[132.2660407,33.1683427],[132.2633918,33.1846736]],[[132.4914808,33.2201548],[132.4772247,33.2140279],[132.4914808,33.2201548]],[[132.3750591,33.2216285],[132.3825649,33.2086986],[132.3612285,33.2025741],[132.3637036,33.1878123],[132.3410281,33.2065377],[132.3750591,33.2216285]],[[132.5177509,33.2411581],[132.5339279,33.2239958],[132.5077954,33.2284034],[132.5177509,33.2411581]],[[132.3436741,33.3808881],[132.3679546,33.3768322],[132.3436741,33.3808881]],[[132.3419973,33.3960371],[132.342629,33.3806206],[132.3419973,33.3960371]],[[132.368455,33.4404853],[132.3576202,33.4389535],[132.368455,33.4404853]]]}},{"type":"Feature","properties":{"forecastAreaCode":"601","name":"愛媛県瀬戸内海沿岸","officialBoundary":true},"geometry":{"type":"MultiLineString","coordinates":[[[132.0141316,33.3438443],[132.1204431,33.4200108],[132.1349678,33.4027483],[132.1383833,33.4213331],[132.1657308,33.4113372],[132.1479775,33.4325056],[132.1567564,33.4400931],[132.1737975,33.4263467],[132.1728097,33.4462106],[132.1944997,33.4421275],[132.1995942,33.4560911],[132.2247779,33.444521],[132.2420619,33.4656364],[132.26078,33.4502878],[132.2585681,33.4737481],[132.4225309,33.5478942],[132.4795758,33.6188936],[132.585746,33.6534688],[132.6533878,33.6976225],[132.6770328,33.7449778],[132.6992474,33.756586],[132.6873295,33.8341177],[132.6923245,33.8478316],[132.7007886,33.8388064],[132.699629,33.8624436],[132.7057629,33.8525254],[132.7064806,33.8668934],[132.7189377,33.8648489],[132.7003465,33.8865383],[132.709805,33.9070708],[132.7553419,33.9114834],[132.7717456,33.9622657],[132.7655996,33.9985522],[132.8650864,34.059217],[132.9222504,34.0660321],[132.9269832,34.1101167],[132.8913884,34.1183579],[132.9250871,34.1166884],[132.9418072,34.1428759],[132.9690906,34.1070359],[132.9785899,34.1158571],[133.0067875,34.0659075],[133.0326222,34.0568369],[133.0626393,33.9753538],[133.08828,33.9454208],[133.1011261,33.949189],[133.0936074,33.9403687],[133.119318,33.9410797],[133.1189907,33.9244997],[133.1258046,33.9415032],[133.1334143,33.9271716],[133.1667313,33.9409554],[133.1714137,33.9275819],[133.1859388,33.9494593],[133.2016356,33.9356608],[133.1993051,33.9462109],[133.2543341,33.9559196],[133.2555526,33.9807192],[133.2636259,33.9608843],[133.2787309,33.9889642],[133.3211594,33.9944422],[133.3362626,33.9803212],[133.3360876,33.9925],[133.3583866,33.9790527],[133.4111408,33.9906483],[133.5123039,33.9698679],[133.5984952,34.0436309]],[[132.4848286,33.7387708],[132.4742942,33.7329517],[132.4848286,33.7387708]],[[132.5339797,33.8527511],[132.5157664,33.8525786],[132.5339797,33.8527511]],[[132.6912141,33.9265073],[132.7027849,33.9261267],[132.6932127,33.9039527],[132.6722669,33.8943012],[132.6897471,33.8758182],[132.6682372,33.8704175],[132.6678242,33.8983655],[132.6529686,33.9000814],[132.6912141,33.9265073]],[[132.5497806,33.9382042],[132.5155564,33.9324839],[132.5497806,33.9382042]],[[132.6617872,33.9738269],[132.6747069,33.9517733],[132.6495022,33.9573369],[132.6617872,33.9738269]],[[132.6895767,33.9774272],[132.6977944,33.9657403],[132.6895767,33.9774272]],[[132.5125211,33.9903711],[132.5230864,33.9865258],[132.4928364,33.9649075],[132.5125211,33.9903711]],[[132.5617297,33.9941947],[132.5406822,33.96119],[132.5349083,33.9888733],[132.5617297,33.9941947]],[[133.3672739,34.0078147],[133.3681472,33.9924733],[133.3505525,33.9964419],[133.3672739,34.0078147]],[[132.6456506,34.0182764],[132.6452175,33.9812531],[132.6298132,33.9745735],[132.6418281,33.9567667],[132.5994729,33.9429127],[132.5779106,33.9686103],[132.6456506,34.0182764]],[[132.5961775,34.0314653],[132.5881486,34.024835],[132.5961775,34.0314653]],[[132.7102667,34.0725153],[132.7016724,34.0656051],[132.7102667,34.0725153]],[[133.1812958,34.1119111],[133.1915561,34.1069934],[133.1812958,34.1119111]],[[132.9936186,34.1220248],[132.9910114,34.1122419],[132.9936186,34.1220248]],[[133.1913557,34.1233591],[133.1803728,34.1162861],[133.1913557,34.1233591]],[[132.9818063,34.1289087],[132.9734164,34.1221162],[132.9818063,34.1289087]],[[132.9978791,34.1586383],[133.0093911,34.1480449],[132.9899816,34.1512465],[132.9978791,34.1586383]],[[133.3595392,34.1740397],[133.3634578,34.1629564],[133.3595392,34.1740397]],[[133.3093614,34.1838178],[133.3281911,34.173555],[133.3093614,34.1838178]],[[132.9051144,34.1942467],[132.896969,34.1861714],[132.9051144,34.1942467]],[[133.0883439,34.1948681],[133.0836519,34.1817936],[133.0883439,34.1948681]],[[133.0370339,34.1952891],[133.0685698,34.1917251],[133.0833172,34.1693834],[133.1135379,34.178598],[133.035272,34.1075574],[133.0147347,34.1094021],[133.0152253,34.1421549],[133.0265373,34.1582362],[133.0410392,34.1499573],[133.0206201,34.1792327],[133.0370339,34.1952891]],[[132.8731796,34.1973684],[132.8940726,34.1845181],[132.8803694,34.1746782],[132.8613303,34.1933173],[132.8731796,34.1973684]],[[133.272285,34.2000553],[133.2683167,34.1824994],[133.272285,34.2000553]],[[132.9238464,34.2020694],[132.9332088,34.1828247],[132.9182066,34.1868656],[132.9238464,34.2020694]],[[133.1579125,34.2306747],[133.1489939,34.2160125],[133.1579125,34.2306747]],[[133.2596653,34.2357656],[133.2503853,34.229645],[133.2596653,34.2357656]],[[133.1078152,34.2416667],[133.1074149,34.2210993],[133.1405546,34.2208713],[133.1173019,34.2056622],[133.1264153,34.1953459],[133.0967634,34.2046094],[133.0814237,34.1926841],[133.0556307,34.2087756],[133.0641845,34.2353027],[133.1078152,34.2416667]],[[133.1637483,34.2463928],[133.1671914,34.2341667],[133.1522519,34.2328558],[133.1637483,34.2463928]],[[133.1931644,34.2572783],[133.1804297,34.2267767],[133.1931644,34.2572783]],[[133.1525028,34.2804097],[133.1663267,34.2560164],[133.1328058,34.2408822],[133.1324975,34.26522],[133.1525028,34.2804097]],[[133.0507472,34.28522],[133.0499172,34.2852317]],[[133.1719053,34.2856161],[133.1860875,34.2585107],[133.1719478,34.2581108],[133.1719053,34.2856161]],[[133.2290469,34.2918089],[133.2369256,34.2772617],[133.200345,34.2399894],[133.1988381,34.2687997],[133.2290469,34.2918089]],[[133.0115231,34.2996762],[133.0574903,34.2579681],[133.0585418,34.2200273],[132.9484477,34.1929143],[132.9541163,34.2229484],[132.9905767,34.224981],[132.9912681,34.2607875],[132.9644714,34.2640778],[133.0115231,34.2996762]]]}},{"type":"Feature","properties":{"forecastAreaCode":"391","name":"伊勢・三河湾","officialBoundary":true},"geometry":{"type":"MultiLineString","coordinates":[[[137.01659,34.5791122],[137.0683209,34.6612301],[137.1192641,34.6343105],[137.1408137,34.6455716],[137.1268302,34.6549457],[137.2252276,34.6764582],[137.2454821,34.7093835],[137.260678,34.6958348],[137.2584655,34.7156739],[137.284827,34.7309468],[137.3009297,34.7280718],[137.2870169,34.6795603],[137.3229742,34.6943794],[137.308343,34.7249848],[137.3517555,34.7274639],[137.3203142,34.7328344],[137.3310396,34.7805119],[137.3085714,34.7787699],[137.3033266,34.7929848],[137.3166667,34.7976636],[137.2887012,34.812928],[137.2730661,34.8015779],[137.2160721,34.8231857],[137.223572,34.815553],[137.2137446,34.8031094],[137.1934393,34.8088486],[137.1750692,34.7648198],[137.1683355,34.7876317],[137.0255246,34.7776573],[137.0015211,34.813199],[136.9567435,34.83329],[136.9552896,34.8548406],[136.9838343,34.893261],[136.9810358,34.9568499],[136.9641931,34.8765211],[136.9441608,34.8808886],[136.9397219,34.8614433],[136.9277031,34.8649472],[136.9353958,34.8300431],[136.922072,34.8277161],[136.9380467,34.8208732],[136.9200638,34.8111452],[136.9145001,34.7730443],[136.9665905,34.7320684],[136.9778121,34.7017576],[136.9298437,34.7030779],[136.8590999,34.738468],[136.840264,34.7661262],[136.8665348,34.8391663],[136.8379299,34.8843864],[136.8304194,34.8718646],[136.820766,34.8863337],[136.8201334,34.9664366],[136.8386743,34.9800516],[136.8253913,34.9939056],[136.8377391,34.9867033],[136.8494382,35.0109237],[136.8671351,35.00473],[136.8542347,35.0205012],[136.8690934,35.0416537],[136.8892633,35.0422535],[136.8882138,35.0936619],[136.8626016,35.0697953],[136.855089,35.0775802],[136.8554796,35.0565876],[136.8425968,35.0592782],[136.8473369,35.083054],[136.8214013,35.0777386],[136.8300826,35.0502498],[136.7969333,35.0514908],[136.8004626,35.0290126],[136.7807466,35.0335112],[136.7969297,35.0124564],[136.7495027,35.0365192],[136.656744,34.9989761],[136.6338388,34.9489083],[136.6668702,34.9370009],[136.6455538,34.9342424],[136.6469634,34.9034985],[136.6184933,34.8549874],[136.5343646,34.7541872],[136.5219376,34.6882317],[136.5576576,34.6713843],[136.5448227,34.6216144],[136.5271216,34.6105096],[136.5613586,34.6165303],[136.6303241,34.5979546],[136.660448,34.5663043]],[[137.0083733,34.6856025],[137.00322,34.6664878],[137.0083733,34.6856025]],[[137.0076164,34.7091397],[136.9962164,34.7013736],[137.0076164,34.7091397]],[[137.0409511,34.7324218],[137.0524594,34.7157522],[137.0311845,34.7235093],[137.0409511,34.7324218]],[[137.275,34.7397246],[137.2866839,34.7464202],[137.275,34.7397246]],[[137.3188094,34.7484917],[137.3080588,34.7350512],[137.3188094,34.7484917]],[[137.2986284,34.8099037],[137.3113735,34.7990637],[137.2986284,34.8099037]],[[136.9571363,34.8276014],[136.9433674,34.8186364],[136.9571363,34.8276014]],[[136.8058315,34.8776422],[136.8242171,34.8530099],[136.8087515,34.839275],[136.8058315,34.8776422]],[[136.6588694,34.951533],[136.6699589,34.9665162],[136.6588694,34.951533]],[[136.8220546,34.9609392],[136.8110192,34.9547771],[136.8220546,34.9609392]],[[136.6729982,34.997938],[136.6656214,34.9729398],[136.6501253,34.9773489],[136.652366,34.9929623],[136.6729982,34.997938]],[[136.7180919,35.0032596],[136.7132506,35.0154591],[136.7180919,35.0032596]],[[136.8216825,35.0080358],[136.8002247,35.0036111],[136.8216825,35.0080358]],[[136.7555598,35.0101846],[136.7398126,35.0320857],[136.7555598,35.0101846]],[[136.8309026,35.049372],[136.8389713,35.0301967],[136.8108535,35.0266526],[136.8078443,35.0485095],[136.8309026,35.049372]],[[136.8486698,35.0560453],[136.8455223,35.0339118],[136.8486698,35.0560453]],[[136.8781573,35.0719249],[136.8652538,35.0500065],[136.8781573,35.0719249]]]}},{"type":"Feature","properties":{"forecastAreaCode":"320","name":"伊豆諸島","officialBoundary":true},"geometry":{"type":"MultiLineString","coordinates":[[[140.3039608,30.4957617],[140.3138206,30.4817775],[140.2982136,30.4729136],[140.2862631,30.4847164],[140.3039608,30.4957617]],[[139.7584369,32.4734731],[139.7794094,32.4474767],[139.757735,32.4469145],[139.7584369,32.4734731]],[[139.6858558,33.1366208],[139.7001052,33.116321],[139.6750689,33.1308139],[139.6858558,33.1366208]],[[139.7600139,33.1589774],[139.8172064,33.1201157],[139.8466515,33.1170003],[139.8585961,33.0793633],[139.8389462,33.0749995],[139.8326033,33.0452776],[139.784138,33.0693026],[139.7794653,33.1008705],[139.7536419,33.1050494],[139.738583,33.1458705],[139.7600139,33.1589774]],[[139.6036233,33.9011403],[139.6319206,33.8713031],[139.6197236,33.85172],[139.5770778,33.8644731],[139.5870401,33.89722],[139.6036233,33.9011403]],[[139.5323774,34.1246333],[139.5656607,34.1020858],[139.5632141,34.0690591],[139.5299262,34.0465056],[139.4820466,34.0514732],[139.4728735,34.0765791],[139.491536,34.1183888],[139.5323774,34.1246333]],[[139.1433114,34.2437363],[139.1676964,34.234146],[139.1762234,34.2076593],[139.1291483,34.1843807],[139.1198162,34.1940569],[139.1433114,34.2437363]],[[139.212873,34.3369316],[139.2251615,34.3233818],[139.1960721,34.3163463],[139.212873,34.3369316]],[[139.2792995,34.4313899],[139.2914867,34.4075307],[139.2709291,34.3308789],[139.2446298,34.3482838],[139.2398924,34.3706486],[139.2792995,34.4313899]],[[139.2865069,34.4783533],[139.2993614,34.4703222],[139.2865069,34.4783533]],[[139.2805787,34.5333333],[139.2930786,34.5237958],[139.2763328,34.5110508],[139.2677667,34.5253683],[139.2805787,34.5333333]],[[139.3610914,34.7990729],[139.4357655,34.7701234],[139.4492681,34.7402907],[139.4428149,34.681214],[139.3580434,34.7012693],[139.3486898,34.7652079],[139.3610914,34.7990729]]]}},{"type":"Feature","properties":{"forecastAreaCode":"731","name":"壱岐・対馬","officialBoundary":true},"geometry":{"type":"MultiLineString","coordinates":[[[129.6481756,33.7306636],[129.6469688,33.7179642],[129.6481756,33.7306636]],[[129.6366276,33.7453572],[129.6304083,33.7316601],[129.6366276,33.7453572]],[[129.7042618,33.8635193],[129.7686959,33.8464395],[129.7650285,33.8124494],[129.7486357,33.8066704],[129.7994468,33.7883957],[129.7579339,33.7756898],[129.7984494,33.7634267],[129.7885138,33.7420519],[129.7344508,33.7393038],[129.7161507,33.703868],[129.6768514,33.7274487],[129.6873613,33.7418189],[129.6739928,33.7590449],[129.6534502,33.7381184],[129.6423067,33.7672783],[129.6860328,33.7596599],[129.6779151,33.7778137],[129.6591884,33.7761793],[129.6505701,33.8000159],[129.6671009,33.8006073],[129.6496369,33.8068778],[129.6886966,33.8054696],[129.6713181,33.8377898],[129.7042618,33.8635193]],[[129.6860359,33.8710122],[129.6896559,33.8612847],[129.6860359,33.8710122]],[[129.3831257,34.3041801],[129.3929517,34.2964562],[129.3592179,34.2708736],[129.3514899,34.2944537],[129.3694607,34.3028267],[129.3781219,34.2909731],[129.3831257,34.3041801]],[[129.3951591,34.3235339],[129.4132756,34.3165671],[129.3950833,34.3116156],[129.3951591,34.3235339]],[[129.2054603,34.3315016],[129.2278004,34.3241938],[129.2221999,34.2901837],[129.2558602,34.3115416],[129.2566506,34.2921162],[129.2798781,34.3060538],[129.2910551,34.2785381],[129.2667463,34.3282736],[129.2946408,34.3202067],[129.2964093,34.3004656],[129.3100604,34.3082287],[129.3050724,34.2768872],[129.3084356,34.2892227],[129.3182589,34.2758692],[129.3149497,34.2989074],[129.3343825,34.2891118],[129.3393345,34.2996174],[129.3535964,34.2766146],[129.3165328,34.2611929],[129.3259321,34.2263733],[129.2979685,34.222031],[129.2992778,34.1946138],[129.2827141,34.1873743],[129.2973033,34.1865027],[129.2960344,34.1617923],[129.2739578,34.146397],[129.2824049,34.1307191],[129.2542744,34.1264281],[129.2624135,34.1166936],[129.2398978,34.1016324],[129.2312457,34.1134579],[129.2139939,34.0838438],[129.2147736,34.1128233],[129.2029218,34.1033655],[129.1838551,34.1186641],[129.1667008,34.103881],[129.2054603,34.3315016]],[[129.2974951,34.3371217],[129.3177381,34.3257431],[129.3265486,34.3363642],[129.3336919,34.304352],[129.3157526,34.3250755],[129.290581,34.3234957],[129.2974951,34.3371217]],[[129.3968667,34.3599055],[129.4062845,34.3354685],[129.3890602,34.3401893],[129.3968667,34.3599055]],[[129.4124708,34.3632611],[129.4061641,34.3506357],[129.4124708,34.3632611]],[[129.4494565,34.7066036],[129.4574686,34.6923644],[129.4826692,34.6944827],[129.4747202,34.6724812],[129.4937481,34.6834555],[129.4841722,34.6675259],[129.4975418,34.6689897],[129.4652946,34.6542552],[129.4911517,34.6451126],[129.4709719,34.6274944],[129.4796329,34.6173413],[129.4604456,34.6137694],[129.4466043,34.6317991],[129.4578767,34.6126699],[129.4331826,34.617371],[129.4710733,34.6083903],[129.4735303,34.5555344],[129.4566105,34.5541741],[129.4512675,34.5230374],[129.3686164,34.4527423],[129.3856626,34.4277158],[129.3689472,34.4399033],[129.3649929,34.419764],[129.3754198,34.4260237],[129.3794667,34.4118208],[129.3517335,34.3859832],[129.3990842,34.4128596],[129.3912898,34.3831153],[129.373685,34.3890706],[129.3934584,34.3598379],[129.3647415,34.3463673],[129.3947111,34.3350923],[129.3641815,34.3385153],[129.3796934,34.3129795],[129.3606283,34.3188276],[129.3714549,34.3118368],[129.3527503,34.2953943],[129.3566864,34.3095649],[129.3445892,34.2999368],[129.3330316,34.3186067],[129.3540693,34.318438],[129.3431256,34.3366999],[129.3605799,34.3399199],[129.3399695,34.3565408],[129.355373,34.3748437],[129.320246,34.3704417],[129.3258253,34.3507143],[129.3087193,34.336918],[129.2997825,34.3496289],[129.3124352,34.3598809],[129.2983181,34.3699977],[129.3091808,34.3859412],[129.2811533,34.3835208],[129.2925853,34.3732916],[129.2779231,34.3640092],[129.2988489,34.3547556],[129.2877582,34.3566994],[129.2877855,34.3391007],[129.2809094,34.3543836],[129.2836708,34.3435653],[129.227341,34.3623949],[129.2437749,34.3692889],[129.2511275,34.354814],[129.2765407,34.3731325],[129.272004,34.4157577],[129.2852536,34.4152386],[129.2741276,34.4411125],[129.2945865,34.4329176],[129.2995756,34.4534886],[129.3120872,34.4501151],[129.3045528,34.4641144],[129.2816929,34.4483289],[129.2739201,34.4689851],[129.3182584,34.5369814],[129.344952,34.532346],[129.3283046,34.5334651],[129.3064862,34.5680758],[129.2857488,34.5627667],[129.3197665,34.6472019],[129.3965195,34.6395956],[129.3835926,34.6496193],[129.4083416,34.678326],[129.4347969,34.6731939],[129.4151511,34.6920941],[129.4494565,34.7066036]]]}},{"type":"Feature","properties":{"forecastAreaCode":"300","name":"茨城県","officialBoundary":true},"geometry":{"type":"MultiLineString","coordinates":[[[140.5866219,36.2913373],[140.5850019,36.3018169],[140.5866219,36.2913373]],[[140.6371205,36.4028044],[140.6361869,36.4453452],[140.6371205,36.4028044]],[[140.7934964,36.8594561],[140.8055667,36.8307788],[140.7728012,36.8226008],[140.7484519,36.7843643],[140.7166173,36.6616874],[140.6936327,36.6445784],[140.6283155,36.495159],[140.61214,36.4865851],[140.6282101,36.4835198],[140.6144376,36.4835426],[140.6083667,36.4520144],[140.6093544,36.4404453],[140.6328853,36.4415156],[140.6082714,36.4283481],[140.623581,36.4263357],[140.6086551,36.4135466],[140.6273579,36.3771337],[140.5798004,36.3008771],[140.5847946,36.3107885],[140.561824,36.2963734],[140.5583276,36.2727259],[140.5948419,36.1149369],[140.6675657,35.9763682],[140.7009491,35.9624411],[140.6848966,35.964434],[140.7035088,35.9386766],[140.6939095,35.9288149],[140.652367,35.9266151],[140.6910257,35.8829173],[140.6772843,35.9122378],[140.7102299,35.9268792],[140.7126258,35.9546551],[140.7066766,35.9239914],[140.7431284,35.8652269],[140.8519744,35.7446671]]]}},{"type":"Feature","properties":{"forecastAreaCode":"551","name":"隠岐","officialBoundary":true},"geometry":{"type":"MultiLineString","coordinates":[[[133.0543189,36.0021669],[133.0501469,35.9929744],[133.0543189,36.0021669]],[[133.0038269,36.0329253],[133.0731714,36.0103064],[133.0610008,35.9939153],[133.041734,36.0130841],[133.0384475,36.0007864],[133.0095253,36.0018447],[133.0038269,36.0329253]],[[133.1642836,36.1140328],[133.1657064,36.0996061],[133.1642836,36.1140328]],[[133.1125567,36.1201206],[133.1359817,36.1020336],[133.1189384,36.0815149],[133.1526278,36.0745386],[133.0969544,36.072255],[133.1039067,36.0500986],[133.0686789,36.0347633],[133.0798504,36.0686809],[133.0641789,36.1008563],[133.0829922,36.1142894],[133.0910567,36.0962941],[133.0935181,36.117675],[133.1125567,36.1201206]],[[133.069205,36.1427361],[133.0930039,36.1390581],[133.070291,36.1136403],[133.0410988,36.1096895],[133.0571156,36.0829342],[133.0462353,36.0608981],[133.0075142,36.0741956],[133.0063446,36.1056893],[132.9764511,36.0838008],[132.9983861,36.0379892],[132.9460369,36.0648781],[132.9777114,36.1147069],[133.0063056,36.1078036],[133.0145125,36.1376164],[133.0553369,36.1266889],[133.069205,36.1427361]],[[133.2790497,36.3488878],[133.3859108,36.2683194],[133.370086,36.2056472],[133.339463,36.1960097],[133.3451648,36.2246789],[133.33622,36.2010399],[133.3063861,36.1990477],[133.3357174,36.1971986],[133.3420123,36.1706629],[133.2875531,36.17078],[133.2799044,36.1881533],[133.2780183,36.1696078],[133.2496109,36.1591891],[133.2494736,36.1754813],[133.2303358,36.1693914],[133.2448611,36.1901589],[133.1822536,36.2121933],[133.1927353,36.2450491],[133.1772411,36.2505525],[133.1793017,36.2880442],[133.2044578,36.2795806],[133.2159577,36.2897098],[133.191175,36.2904161],[133.2320978,36.3180936],[133.2246036,36.3286486],[133.2634028,36.3278892],[133.2790497,36.3488878]]]}},{"type":"Feature","properties":{"forecastAreaCode":"772","name":"奄美群島・トカラ列島","officialBoundary":true},"geometry":{"type":"MultiLineString","coordinates":[[[128.4319975,27.0681108],[128.4535658,27.0516819],[128.4546995,27.0211842],[128.3983022,27.0370794],[128.3974406,27.0510011],[128.4319975,27.0681108]],[[128.6940342,27.4408975],[128.7138478,27.4336575],[128.5925025,27.3368192],[128.5551689,27.3299628],[128.5235669,27.3600148],[128.5327692,27.4051053],[128.5954671,27.3971111],[128.6940342,27.4408975]],[[128.9066867,27.8937619],[128.9724072,27.8919133],[128.9756489,27.8718233],[128.9557761,27.8619525],[128.9716108,27.8553103],[128.9687172,27.8175889],[129.0379553,27.7688403],[129.0211485,27.7168298],[128.9831808,27.6687014],[128.9257964,27.6659664],[128.9166531,27.6961631],[128.8808739,27.7225931],[128.9071791,27.7610102],[128.8788589,27.8280711],[128.8896772,27.8826914],[128.9066867,27.8937619]],[[129.2139322,28.0549753],[129.2337971,28.0312638],[129.2649878,28.0381081],[129.2691633,28.0158219],[129.2574722,28.0050783],[129.2142111,28.0202086],[129.2139322,28.0549753]],[[129.1725172,28.0688633],[129.1788706,28.0486089],[129.1478903,28.0138108],[129.1480831,28.0496981],[129.1725172,28.0688633]],[[129.1646694,28.1228875],[129.1767881,28.1100956],[129.1646694,28.1228875]],[[129.209405,28.2012269],[129.2428753,28.1880764],[129.2032389,28.1814117],[129.2207039,28.1584908],[129.2411886,28.1506075],[129.2558708,28.1740511],[129.2597142,28.1575028],[129.2701156,28.1677492],[129.2748753,28.1511167],[129.2449547,28.1487964],[129.2614581,28.1445264],[129.24217,28.1375935],[129.2452363,28.1221123],[129.2750219,28.1420442],[129.2602817,28.1170606],[129.2876444,28.1260325],[129.2951075,28.1075267],[129.3027294,28.1222022],[129.3210806,28.1008881],[129.3428303,28.1185028],[129.3547597,28.1048381],[129.3410247,28.0768992],[129.3182197,28.0620292],[129.3181711,28.0971067],[129.2919078,28.0909844],[129.2885394,28.0647447],[129.2745169,28.0659464],[129.2510572,28.1112661],[129.215315,28.0770281],[129.2198244,28.1397281],[129.1950281,28.1449344],[129.1756308,28.1878319],[129.209405,28.2012269]],[[129.1843939,28.3057806],[129.2216575,28.2837581],[129.1894158,28.2862561],[129.1843939,28.3057806]],[[130.0191481,28.3785225],[130.0341403,28.3584267],[130.0015606,28.3379194],[129.9781333,28.2882456],[129.9445767,28.2743197],[129.9197172,28.2905314],[129.9220676,28.3230151],[129.952694,28.3272372],[130.0191481,28.3785225]],[[129.6900408,28.5299881],[129.69372,28.4904325],[129.7191967,28.4744697],[129.7103631,28.422045],[129.6645614,28.3975208],[129.6127002,28.400682],[129.5649833,28.3347144],[129.5334733,28.327385],[129.5410556,28.3082939],[129.4857264,28.2890033],[129.46058,28.2970314],[129.4435222,28.2461158],[129.4077606,28.2504364],[129.477165,28.2115261],[129.4042997,28.1922633],[129.4010064,28.1538469],[129.3380035,28.170183],[129.3649619,28.1509061],[129.3782792,28.1089975],[129.3585247,28.1360222],[129.3330258,28.1291489],[129.2957047,28.148415],[129.2832992,28.1974403],[129.2631411,28.1830614],[129.2941325,28.2230992],[129.2623569,28.2152372],[129.2771284,28.2315135],[129.2543446,28.2333887],[129.2471533,28.2036086],[129.2185783,28.2290919],[129.1777181,28.2236744],[129.1701039,28.2426361],[129.1519653,28.2364919],[129.1338572,28.2539806],[129.18075,28.2708917],[129.2120953,28.2526486],[129.2269842,28.2736242],[129.2466222,28.2531406],[129.2742131,28.2613745],[129.2938139,28.2844357],[129.2656497,28.2882097],[129.2646811,28.2739861],[129.2492742,28.2739006],[129.2108492,28.3067125],[129.3144161,28.3332453],[129.3097411,28.3485111],[129.3391044,28.3685114],[129.3666889,28.3546242],[129.3890552,28.3735626],[129.4002178,28.3555869],[129.4112897,28.3644317],[129.3949556,28.3860406],[129.4466246,28.3801313],[129.4634815,28.4137973],[129.4792634,28.4001457],[129.4900573,28.4130281],[129.4993505,28.3824497],[129.522896,28.4010146],[129.5109739,28.4109949],[129.5181486,28.4408583],[129.5441861,28.4625047],[129.5596253,28.4480733],[129.6221058,28.4782119],[129.5896242,28.413719],[129.6205383,28.4508881],[129.620376,28.4180977],[129.6391104,28.416169],[129.6463494,28.4338192],[129.6535687,28.4224733],[129.6478886,28.4680947],[129.6658498,28.4389669],[129.674186,28.4615902],[129.6458333,28.5012464],[129.6900408,28.5299881]],[[128.9943292,28.8071756],[128.9955586,28.7914369],[128.9724158,28.8017486],[128.9943292,28.8071756]],[[129.2012958,29.1590364],[129.221925,29.1560367],[129.2203753,29.1267597],[129.1867231,29.1524867],[129.2012958,29.1590364]],[[129.3270283,29.2288919],[129.3207529,29.2188874],[129.3270283,29.2288919]],[[129.5953297,29.4770761],[129.6179697,29.4471356],[129.5937194,29.4462969],[129.5839856,29.4630125],[129.5953297,29.4770761]],[[129.7401089,29.6718233],[129.7343203,29.6281536],[129.6976636,29.6031281],[129.6843178,29.6536181],[129.7401089,29.6718233]],[[129.5345245,29.69691],[129.5361746,29.6763098],[129.5252217,29.6859464],[129.5345245,29.69691]],[[129.8517619,29.8837372],[129.8927711,29.869705],[129.9177256,29.8198264],[129.8601467,29.8223239],[129.8340758,29.8599983],[129.8517619,29.8837372]],[[129.5368489,29.91638],[129.5526294,29.8938933],[129.5311642,29.8967122],[129.5368489,29.91638]],[[129.9167261,30.0073928],[129.9427381,29.9514833],[129.9046483,29.9646572],[129.9167261,30.0073928]]]}},{"type":"Feature","properties":{"forecastAreaCode":"560","name":"岡山県","officialBoundary":true},"geometry":{"type":"MultiLineString","coordinates":[[[133.5382414,34.3097256],[133.5261208,34.3027375],[133.5382414,34.3097256]],[[133.4982742,34.3506261],[133.5082636,34.3348422],[133.4982742,34.3506261]],[[133.5166667,34.3522754],[133.5227379,34.3430753],[133.5166667,34.3522754]],[[133.5871356,34.3637283],[133.5670877,34.3510516],[133.5871356,34.3637283]],[[133.5426384,34.4020226],[133.5577272,34.3961328],[133.5447579,34.380142],[133.5588681,34.3671347],[133.5168933,34.3824733],[133.5426384,34.4020226]],[[133.9200983,34.4185015],[133.9252778,34.4188196]],[[133.5247942,34.4164231],[133.5118417,34.3901056],[133.5048822,34.4069731],[133.5247942,34.4164231]],[[133.7611653,34.4312928],[133.7768921,34.4215991],[133.7611653,34.4312928]],[[133.5121532,34.4352568],[133.4998117,34.4238857],[133.5121532,34.4352568]],[[134.0075581,34.4980358],[134.0238444,34.5063331]],[[133.6844163,34.5042667],[133.6688365,34.4875256],[133.6844163,34.5042667]],[[134.1041786,34.5677239],[134.0969815,34.5594637],[134.1041786,34.5677239]],[[134.1908517,34.6023006],[134.201225,34.5991953],[134.1908517,34.6023006]],[[134.1989833,34.6172064],[134.1642508,34.6040175],[134.1989833,34.6172064]],[[134.2421375,34.6783236],[134.2183647,34.6743842],[134.2421375,34.6783236]],[[134.2917844,34.6854528],[134.3025713,34.682483],[134.2917844,34.6854528]],[[134.2569333,34.6873522],[134.2734619,34.6805667],[134.2426597,34.6801347],[134.2569333,34.6873522]],[[134.2590061,34.7070267],[134.2715856,34.6960706],[134.2553212,34.6902307],[134.2590061,34.7070267]],[[134.2647017,34.7139981],[134.2474411,34.7099132],[134.2647017,34.7139981]],[[134.3217294,34.7219461],[134.29811,34.7365447],[134.243759,34.7152799],[134.1860175,34.7431536],[134.179439,34.7330544],[134.2050002,34.7266685],[134.1945403,34.7168573],[134.2142333,34.7161378],[134.197423,34.7077738],[134.2356092,34.7148586],[134.2449387,34.6981539],[134.2136861,34.6849723],[134.2231747,34.68082],[134.1911211,34.6519678],[134.1705594,34.6528597],[134.1739331,34.6313186],[134.1872075,34.63133],[134.1199692,34.5886319],[134.0601583,34.5845965],[134.0630607,34.6085657],[134.0478806,34.5973135],[133.9960466,34.6135645],[133.9460601,34.5991527],[133.9595132,34.5836524],[134.0288167,34.5987926],[134.0471787,34.5765866],[134.0311944,34.5704075],[134.0315436,34.5507275],[134.0010692,34.5454342],[134.0034248,34.5114826],[133.9793934,34.5328543],[133.9594738,34.5227151],[133.9648583,34.4950058],[133.935413,34.4785671],[133.9349192,34.4509125],[133.8299422,34.4757863],[133.807544,34.4576923],[133.8224347,34.4297261],[133.7865516,34.4355131],[133.7392948,34.5252221],[133.7350399,34.4985744],[133.7189806,34.5038789],[133.7371767,34.4905753],[133.7336118,34.4686509],[133.7040301,34.4778267],[133.7053341,34.5230635],[133.6876283,34.5255996],[133.6902799,34.5048297],[133.6594422,34.5208098],[133.6486576,34.5040387],[133.5934631,34.4905212],[133.6011572,34.4727467],[133.5405433,34.4613854],[133.4858075,34.5138717],[133.5280271,34.468373],[133.5241854,34.4512381],[133.489177,34.4409545],[133.4733322,34.4426316],[133.4843838,34.4659503],[133.4563236,34.4545381],[133.4469085,34.4802677]],[[134.298345,34.7302017],[134.3469614,34.70813],[134.2747019,34.7134572],[134.298345,34.7302017]]]}},{"type":"Feature","properties":{"forecastAreaCode":"800","name":"沖縄本島地方","officialBoundary":true},"geometry":{"type":"MultiLineString","coordinates":[[[127.9094935,26.171836],[127.884227,26.1524389],[127.9094935,26.171836]],[[127.6542298,26.1614282],[127.6676512,26.1537932],[127.6542298,26.1614282]],[[127.2931044,26.1750606],[127.2912386,26.1605731],[127.2931044,26.1750606]],[[127.2367692,26.1828114],[127.2419028,26.1622508],[127.2367692,26.1828114]],[[127.2890444,26.1876233],[127.2964506,26.1770469],[127.2890444,26.1876233]],[[127.6524628,26.225],[127.6578899,26.2533636],[127.6524628,26.225]],[[127.2809153,26.2115061],[127.2934153,26.1941883],[127.2755856,26.1866286],[127.2647639,26.1984164],[127.2809153,26.2115061]],[[127.3093608,26.2157636],[127.3129639,26.1975117],[127.3093608,26.2157636]],[[127.4527531,26.2245844],[127.4396261,26.1999978],[127.4527531,26.2245844]],[[127.3571672,26.2264686],[127.3728817,26.1900792],[127.3476889,26.1456975],[127.3388939,26.1827344],[127.3571672,26.2264686]],[[127.2494269,26.2230528],[127.2423358,26.2080856],[127.2494269,26.2230528]],[[127.9445575,26.2622443],[127.9337988,26.2430981],[127.9445575,26.2622443]],[[127.3688856,26.2368525],[127.3688367,26.2234731],[127.3688856,26.2368525]],[[127.3100589,26.25196],[127.3331397,26.2284806],[127.3184303,26.2402481],[127.3080833,26.2185522],[127.2817833,26.2285811],[127.3100589,26.25196]],[[127.5542119,26.2655886],[127.5406542,26.2655492],[127.5542119,26.2655886]],[[127.9246552,26.323232],[127.9300714,26.3124281],[127.9246552,26.323232]],[[127.9526919,26.3291237],[127.9691256,26.3233968],[127.9592584,26.3086968],[127.9526919,26.3291237]],[[127.9340772,26.3320533],[127.9174168,26.3315263],[127.9340772,26.3320533]],[[127.8617795,26.3436009],[127.8666868,26.3273067],[127.837254,26.329425],[127.8617795,26.3436009]],[[127.9656828,26.3650854],[127.9755444,26.3510546],[127.9397689,26.3359955],[127.942908,26.3635044],[127.9656828,26.3650854]],[[127.9879928,26.385075],[127.9964933,26.3618546],[127.9756328,26.3522549],[127.9690904,26.3680519],[127.9879928,26.385075]],[[127.9998924,26.40085],[127.9914884,26.3829217],[127.9998924,26.40085]],[[126.8284528,26.3427789],[126.8201142,26.336825],[126.8284528,26.3427789]],[[126.8979608,26.3503411],[126.8714128,26.3441419],[126.8979608,26.3503411]],[[127.1468544,26.3819853],[127.1615147,26.362745],[127.1461717,26.3483553],[127.1365554,26.3714568],[127.1468544,26.3819853]],[[126.776135,26.3913364],[126.8259333,26.3521133],[126.8054427,26.3246044],[126.8117042,26.2912564],[126.7788356,26.3062814],[126.7602239,26.342281],[126.71314,26.3596916],[126.7295682,26.3406071],[126.7078247,26.3574119],[126.7147303,26.3734475],[126.776135,26.3913364]],[[127.2312906,26.6020656],[127.2470506,26.5902994],[127.2415242,26.5766736],[127.2084464,26.5752261],[127.2312906,26.6020656]],[[127.8665522,26.6539234],[127.8599504,26.6290262],[127.8665522,26.6539234]],[[128.0200972,26.6806442],[128.0310363,26.6439369],[127.9935636,26.6602003],[128.0200972,26.6806442]],[[128.0166667,26.7144937],[128.0280167,26.7096394],[128.0200497,26.6940378],[128.0166667,26.7144937]],[[127.8078987,26.7391244],[127.8285381,26.7098183],[127.7495258,26.7179753],[127.7590681,26.7374608],[127.8078987,26.7391244]],[[128.2577372,26.8755006],[128.2901924,26.8416199],[128.3059078,26.8447272],[128.3262478,26.7822619],[128.3247536,26.7429472],[128.2936575,26.7174244],[128.2784244,26.6750861],[128.2363211,26.6308069],[128.1481234,26.6291272],[128.1517342,26.5978922],[128.1234854,26.6032106],[128.1510778,26.5684353],[128.1384364,26.5534097],[128.0948028,26.5341864],[128.0335281,26.553429],[128.0531136,26.5204414],[127.996055,26.5088672],[128.0013039,26.4833775],[127.9508433,26.4724139],[127.9488025,26.4377172],[127.8697969,26.4576089],[127.8434122,26.4276403],[127.8307077,26.4321302],[127.840769,26.4063094],[127.8804452,26.3784758],[127.8758262,26.3549901],[127.9148409,26.331829],[127.9222226,26.2955127],[127.8648501,26.3438833],[127.8393781,26.3324088],[127.8476499,26.3146596],[127.8285361,26.3108067],[127.849286,26.3015236],[127.8162318,26.3051509],[127.8128358,26.2711021],[127.7606336,26.20235],[127.7872466,26.1706245],[127.8211577,26.1916358],[127.8306227,26.1657589],[127.7248472,26.0902403],[127.657711,26.0813626],[127.6685412,26.1333981],[127.6506027,26.1267827],[127.6479648,26.1453038],[127.669305,26.1520973],[127.6472029,26.1533856],[127.6558868,26.173527],[127.6400367,26.1753389],[127.6365048,26.1987071],[127.6519441,26.2177575],[127.6727516,26.2060824],[127.6600947,26.2181669],[127.6840298,26.2258467],[127.6793974,26.2401982],[127.6670785,26.2322764],[127.6688191,26.2506823],[127.6850041,26.2423981],[127.6729138,26.2552578],[127.7410583,26.28129],[127.7601715,26.3093559],[127.7113955,26.4404744],[127.7380912,26.4222634],[127.7713389,26.4463725],[127.7981972,26.4368825],[127.8119472,26.464374],[127.8458381,26.4812525],[127.8440314,26.5039694],[127.9172117,26.5162469],[127.9330251,26.5436733],[127.9642983,26.5415594],[127.9840347,26.5756017],[127.9267851,26.6092595],[127.8948664,26.6066023],[127.8774042,26.6410413],[127.8949686,26.6604923],[127.874193,26.6847451],[127.8799811,26.7098081],[128.0005516,26.6921601],[128.0083775,26.6834511],[127.9822822,26.6513708],[128.0079474,26.6299992],[128.0792948,26.6443088],[128.1114672,26.6682414],[128.1232869,26.6602293],[128.0986266,26.680606],[128.1589481,26.7218069],[128.1530422,26.7458286],[128.1839853,26.7498156],[128.2319833,26.7979886],[128.2577372,26.8755006]],[[127.9222036,26.9024947],[127.9337811,26.8942742],[127.9222036,26.9024947]],[[127.93761,26.9556961],[127.9573381,26.9349256],[127.9390933,26.9106086],[127.9118256,26.9370719],[127.93761,26.9556961]],[[127.9477933,26.9779764],[127.9595569,26.9749208],[127.9477933,26.9779764]],[[127.9241983,27.0008197],[127.9142944,26.9925144],[127.9241983,27.0008197]],[[128.0207547,27.0944983],[127.9913583,27.0442314],[127.9447294,27.01884],[127.9345828,26.9948906],[127.9506058,27.0445633],[127.9960478,27.0892533],[128.0207547,27.0944983]],[[128.2227133,27.8852825],[128.234585,27.8605356],[128.2227133,27.8852825]]]}},{"type":"Feature","properties":{"forecastAreaCode":"210","name":"岩手県","officialBoundary":true},"geometry":{"type":"MultiLineString","coordinates":[[[141.6826668,40.450294],[141.7691225,40.3493599],[141.8250457,40.2521543],[141.8353759,40.2172468],[141.8072763,40.2154811],[141.7988982,40.2010615],[141.8126983,40.1893449],[141.7940233,40.1907172],[141.8765655,40.1438782],[141.8286071,40.1127875],[141.8333635,40.0745097],[141.9559712,39.9837614],[141.9613011,39.9457769],[141.9432335,39.9437399],[141.9397635,39.9195532],[141.977129,39.8716406],[141.9784383,39.8293767],[141.9913938,39.8204609],[141.9834788,39.7889173],[142.004335,39.7758313],[141.9889202,39.7568672],[142.0041559,39.7515989],[141.971946,39.7317797],[141.9880316,39.7232641],[141.9670196,39.6902556],[141.9863583,39.6852606],[141.9698722,39.6529541],[141.983342,39.6470476],[141.964322,39.6398535],[141.9768319,39.6288576],[141.9657883,39.6352891],[141.9481064,39.5876769],[142.0244751,39.6562681],[142.0274292,39.5750487],[142.0574168,39.5744352],[142.0724656,39.5468761],[142.0508651,39.5327438],[142.0581481,39.5225652],[142.0334244,39.5293745],[142.0110497,39.4766615],[141.954742,39.4734374],[141.9772716,39.4391076],[142.0048243,39.4452292],[142.0357363,39.4834617],[142.0615239,39.4714584],[142.0383341,39.4464903],[142.0360606,39.4184761],[142.0105209,39.4265186],[142.0053654,39.4104423],[141.9836398,39.4083824],[141.9750331,39.4270334],[141.9379847,39.3847141],[141.9472707,39.3705943],[141.9665108,39.3778538],[141.9574237,39.3559778],[141.9159588,39.3560901],[141.8989694,39.3373449],[141.9146387,39.3238646],[141.9966856,39.3510019],[141.976939,39.3186742],[141.8872199,39.3031505],[141.9296405,39.2704936],[141.8885778,39.2736628],[141.9030981,39.2567349],[141.8899386,39.2476827],[141.9713008,39.2476679],[141.9444148,39.2419211],[141.9476174,39.2169846],[141.9242881,39.2225635],[141.8868799,39.2089208],[141.8897915,39.1976003],[141.8668075,39.2063657],[141.8660558,39.1914982],[141.9222553,39.1779377],[141.835497,39.1446322],[141.8726846,39.1305993],[141.873848,39.1155793],[141.9004119,39.1200903],[141.9211753,39.104675],[141.880802,39.0839303],[141.8600992,39.1039905],[141.8111609,39.1117677],[141.8234302,39.0752263],[141.8758774,39.0648853],[141.8145415,39.058333],[141.8471665,39.0261475],[141.7974934,39.0249556],[141.7962133,39.0432799],[141.7587724,39.0175854],[141.7334475,39.0215907],[141.7387329,39.0636082],[141.7227743,39.066346],[141.7095433,39.024256],[141.7442292,38.9901835],[141.7114019,38.9967256],[141.717691,38.9822413],[141.6964388,38.9699276],[141.728424,38.9522735],[141.7052081,38.938799],[141.6680795,38.9761371],[141.6813797,38.9982462],[141.6710477,39.0048089],[141.6239052,38.9995944],[141.6319042,38.9707081]]]}},{"type":"Feature","properties":{"forecastAreaCode":"802","name":"宮古島・八重山地方","officialBoundary":true},"geometry":{"type":"MultiLineString","coordinates":[[[123.7871194,24.0717492],[123.8093064,24.0647769],[123.8053164,24.0496703],[123.7530792,24.0531072],[123.7871194,24.0717492]],[[123.9345031,24.2213875],[123.9322615,24.2088781],[123.9207553,24.2172981],[123.9345031,24.2213875]],[[123.9506197,24.2428192],[123.9364772,24.2251828],[123.9506197,24.2428192]],[[124.0042413,24.2538644],[124.0299139,24.2417811],[124.0109144,24.2206114],[123.9911064,24.2414733],[124.0042413,24.2538644]],[[124.1565456,24.3330934],[124.1416037,24.3274343],[124.1565456,24.3330934]],[[124.0868714,24.3404878],[124.1020322,24.3207958],[124.084725,24.3117564],[124.0868714,24.3404878]],[[123.9743875,24.3547972],[124.0035,24.3272997],[123.9523043,24.3300523],[123.9743875,24.3547972]],[[123.7312514,24.3630133],[123.7423958,24.3460183],[123.7312514,24.3630133]],[[123.7251022,24.3801239],[123.7115116,24.3706253],[123.7251022,24.3801239]],[[124.1484361,24.462129],[124.1470774,24.4498841],[124.1484361,24.462129]],[[123.781995,24.4373222],[123.8158522,24.3904333],[123.83272,24.4076658],[123.8616711,24.3948028],[123.8727775,24.4040378],[123.8871164,24.3838611],[123.9397756,24.3648547],[123.9282694,24.3160222],[123.9116233,24.3254383],[123.9044564,24.2750778],[123.8810078,24.2804211],[123.8805781,24.2562389],[123.7553717,24.2794581],[123.7237353,24.2996169],[123.718335,24.2780086],[123.6803903,24.2825786],[123.6616958,24.308345],[123.6872942,24.3106236],[123.6864269,24.3327217],[123.7102372,24.3148733],[123.7036992,24.3501228],[123.7114189,24.3310881],[123.7267586,24.3434014],[123.7515778,24.3126928],[123.7429764,24.3935111],[123.781995,24.4373222]],[[123.8173628,24.4771542],[123.8247858,24.4681331],[123.8173628,24.4771542]],[[122.9980424,24.4751213],[123.0438914,24.4611325],[123.0108797,24.4368181],[122.9337486,24.4487372],[122.9625617,24.4726397],[122.9980424,24.4751213]],[[124.3164688,24.6121199],[124.3399568,24.6055195],[124.3404567,24.586166],[124.3044748,24.5464953],[124.2823634,24.4890441],[124.2524132,24.4667738],[124.2491011,24.3580769],[124.2360192,24.3450594],[124.2011224,24.3542168],[124.1816139,24.3306077],[124.1453925,24.337107],[124.1447576,24.3509958],[124.1109534,24.3654917],[124.1385697,24.387014],[124.1434377,24.4132666],[124.1192135,24.4347215],[124.0843844,24.4162115],[124.0690391,24.4314078],[124.0766557,24.4533974],[124.1196596,24.4466786],[124.1178078,24.4825232],[124.1431997,24.4669327],[124.1399761,24.4424052],[124.1524984,24.4546988],[124.2230046,24.4554369],[124.2285223,24.499106],[124.2566359,24.5198024],[124.2792466,24.5065014],[124.2959564,24.5418567],[124.2826445,24.5611961],[124.3164688,24.6121199]],[[124.7107944,24.67735],[124.7265167,24.6667761],[124.7253128,24.6435995],[124.6756631,24.6429453],[124.6737058,24.6661817],[124.7107944,24.67735]],[[125.2418911,24.7316522],[125.2567406,24.7155731],[125.2403439,24.7170519],[125.2418911,24.7316522]],[[124.6950015,24.7619229],[124.7058718,24.7446269],[124.6826779,24.7583736],[124.6950015,24.7619229]],[[125.2660375,24.8040548],[125.2573747,24.7957776],[125.2660375,24.8040548]],[[125.1400649,24.8445984],[125.1717966,24.8043959],[125.1448444,24.8072067],[125.1400649,24.8445984]],[[125.1632744,24.8654166],[125.2147149,24.8414957],[125.2218853,24.814011],[125.2064851,24.7988531],[125.1560682,24.8338391],[125.1632744,24.8654166]],[[125.2670006,24.9148047],[125.3354822,24.8221247],[125.3352037,24.798919],[125.4333817,24.7609908],[125.4693503,24.7188222],[125.4534247,24.7306717],[125.3703911,24.7293925],[125.3087927,24.7115786],[125.2974231,24.7337608],[125.2949053,24.7183233],[125.2611853,24.7353269],[125.2611456,24.7685008],[125.2661919,24.7512008],[125.2851433,24.7531653],[125.2560523,24.7946569],[125.2965189,24.8462814],[125.2551283,24.9101389],[125.2682581,24.9028183],[125.2670006,24.9148047]],[[125.2399078,24.93827],[125.2557629,24.9242666],[125.2336172,24.9288586],[125.2399078,24.93827]],[[123.4764697,25.7518006],[123.4934275,25.7426461],[123.4594408,25.7352461],[123.4764697,25.7518006]]]}},{"type":"Feature","properties":{"forecastAreaCode":"760","name":"宮崎県","officialBoundary":true},"geometry":{"type":"MultiLineString","coordinates":[[[131.4106328,31.54226],[131.4173281,31.5115103],[131.4035468,31.5276405],[131.4106328,31.54226]],[[131.8183981,32.6742489],[131.8365608,32.6705431],[131.8269781,32.6556822],[131.8067181,32.6653608],[131.8183981,32.6742489]],[[131.8857072,32.7458681],[131.85811,32.7314889],[131.8650442,32.7163753],[131.8501626,32.7221103],[131.8510128,32.6933239],[131.8266433,32.7065628],[131.7897808,32.6620442],[131.7771656,32.6740278],[131.7653675,32.642619],[131.7505986,32.6453303],[131.7736053,32.6401164],[131.7553553,32.6028056],[131.7124664,32.5896371],[131.6931841,32.5664657],[131.6845361,32.5091676],[131.7143586,32.5198096],[131.7099748,32.5026116],[131.7287806,32.4921412],[131.6953723,32.4691988],[131.6566736,32.4793837],[131.6566612,32.4472698],[131.641835,32.4390729],[131.6641059,32.4495315],[131.6622363,32.4365273],[131.6745703,32.4541306],[131.6799488,32.4300334],[131.6540388,32.4288502],[131.6899536,32.4230282],[131.6435498,32.4077519],[131.6290242,32.3424431],[131.5857032,32.2929097],[131.472455,31.9462664],[131.4751823,31.9192683],[131.4596482,31.916017],[131.4554973,31.8977674],[131.4863615,31.9230711],[131.460883,31.8961164],[131.4510492,31.836696],[131.488545,31.7850047],[131.4598164,31.7181275],[131.4687833,31.6863656],[131.4503717,31.6800447],[131.4692925,31.6453103],[131.4180834,31.603406],[131.4060037,31.5632576],[131.4010973,31.5819996],[131.3976344,31.5588142],[131.3818914,31.5550739],[131.3869612,31.5233219],[131.3731456,31.5068839],[131.3896206,31.4851064],[131.3630375,31.4717542],[131.3711611,31.4282939],[131.3324617,31.3963497],[131.3492119,31.3663892],[131.3232239,31.3651789],[131.3093425,31.3907139],[131.2538633,31.3807372],[131.2355036,31.4053281],[131.2430553,31.4262406],[131.2276561,31.4242294],[131.2058537,31.4531735],[131.1603008,31.4618608]]]}},{"type":"Feature","properties":{"forecastAreaCode":"220","name":"宮城県","officialBoundary":true},"geometry":{"type":"MultiLineString","coordinates":[[[141.0685822,38.2627831],[141.0549932,38.2579614],[141.0685822,38.2627831]],[[141.4701186,38.2836396],[141.5006327,38.2460226],[141.4570139,38.2682363],[141.4701186,38.2836396]],[[141.41623,38.3122097],[141.429541,38.2927887],[141.4086919,38.2850217],[141.41623,38.3122097]],[[141.0908247,38.3382664],[141.1072292,38.3275486],[141.0908247,38.3382664]],[[141.5668574,38.3135526],[141.5896729,38.3017572],[141.5764736,38.2691128],[141.5480028,38.2952132],[141.5668574,38.3135526]],[[141.1211287,38.3448531],[141.1042869,38.3372766],[141.1211287,38.3448531]],[[141.1302545,38.3471433],[141.1242389,38.3254603],[141.1155751,38.3353426],[141.1302545,38.3471433]],[[141.15,38.3566232],[141.1826591,38.3215032],[141.1488726,38.3341854],[141.137692,38.3216761],[141.1314974,38.3386726],[141.1482159,38.3388263],[141.15,38.3566232]],[[141.275,38.3900803],[141.2880527,38.3931272],[141.275,38.3900803]],[[141.5179153,38.4655802],[141.5302065,38.4376779],[141.5179153,38.4655802]],[[141.6243027,38.8854066],[141.634333,38.8673475],[141.6224194,38.8513453],[141.6377723,38.8404179],[141.6243165,38.8302331],[141.6016831,38.873504],[141.6243027,38.8854066]],[[141.6319042,38.9707081],[141.6483014,38.9423441],[141.6341774,38.9300876],[141.6531503,38.9191313],[141.674635,38.8581717],[141.637082,38.885073],[141.6383002,38.9023081],[141.6073934,38.8796939],[141.5750069,38.906178],[141.5937143,38.8897488],[141.5831631,38.8485373],[141.6036805,38.8278087],[141.5207811,38.7887933],[141.5116647,38.7677928],[141.5459971,38.7335176],[141.5653467,38.7396692],[141.5616969,38.6914224],[141.5257359,38.7171764],[141.5163434,38.68934],[141.4898301,38.6897686],[141.4946824,38.6740095],[141.4440387,38.6726844],[141.4431501,38.6433357],[141.5296878,38.6370268],[141.52415,38.6091673],[141.4585647,38.578486],[141.493528,38.533066],[141.5348565,38.5470161],[141.5303379,38.5320881],[141.5475585,38.5238508],[141.5373195,38.4903877],[141.5149442,38.4930184],[141.5132425,38.5132499],[141.4695762,38.5212076],[141.4972731,38.4953561],[141.4986359,38.4784774],[141.476298,38.4639211],[141.5126781,38.4500223],[141.4943943,38.4371104],[141.4473903,38.4438945],[141.4750506,38.4198821],[141.4697129,38.3942738],[141.5000185,38.415905],[141.5141878,38.3926375],[141.5390469,38.4008563],[141.53069,38.3815213],[141.5120159,38.3915571],[141.4814324,38.3757217],[141.5181123,38.3684978],[141.5341846,38.3398369],[141.5246679,38.3254353],[141.541015,38.3080427],[141.5250147,38.272608],[141.509055,38.2967153],[141.4918054,38.2937087],[141.4955264,38.3070414],[141.4494713,38.3152533],[141.4742316,38.3293086],[141.4622841,38.3514846],[141.4157876,38.3460426],[141.4588651,38.373016],[141.4318096,38.3736554],[141.4297921,38.3996674],[141.4146041,38.3914677],[141.4083953,38.4040043],[141.3731785,38.3832652],[141.3637493,38.4118846],[141.3171679,38.4115342],[141.3241068,38.4022864],[141.3073591,38.4146304],[141.2644222,38.3977224],[141.2857875,38.4161776],[141.2734369,38.4199489],[141.1741799,38.3755249],[141.1586416,38.3535471],[141.1070348,38.3863248],[141.1163092,38.3761438],[141.1052728,38.368042],[141.0744055,38.3778274],[141.066099,38.3512842],[141.0375998,38.3434746],[141.0539237,38.3306166],[141.0245702,38.3199225],[141.0455632,38.3186323],[141.0363306,38.306468],[141.0763957,38.319575],[141.0878796,38.295681],[141.0402529,38.2726775],[141.0287907,38.2831062],[141.0249492,38.2707181],[140.9989184,38.2731088],[141.0468887,38.2646409],[141.0232318,38.2641273],[140.9791253,38.2078806],[140.931216,38.1024702],[140.9148804,37.9803299],[140.9311708,37.8961974]]]}},{"type":"Feature","properties":{"forecastAreaCode":"740","name":"熊本県天草灘沿岸","officialBoundary":true},"geometry":{"type":"MultiLineString","coordinates":[[[129.9651894,32.1871408],[129.9733294,32.1771844],[129.9651894,32.1871408]],[[130.0291916,32.1908194],[130.0469622,32.1564617],[130.0322306,32.1751681],[130.0171272,32.1624028],[130.0291916,32.1908194]],[[130.078085,32.2016725],[130.0702311,32.1942136],[130.078085,32.2016725]],[[130.1411941,32.2776499],[130.1507147,32.2690558],[130.1351906,32.2625553],[130.1411941,32.2776499]],[[130.1539961,32.3218385],[130.1396106,32.2973721],[130.1664708,32.2958806],[130.1450153,32.2814531],[130.1366619,32.2915839],[130.1067561,32.2535292],[130.09156,32.2541014],[130.1020583,32.2350772],[130.0899422,32.2267439],[130.0918911,32.2437106],[130.0797856,32.2425338],[130.0776142,32.2121025],[130.0450558,32.1990897],[130.0287847,32.2144771],[130.0225821,32.1886636],[130.0114422,32.2019475],[129.990835,32.1968667],[130.0146503,32.2222822],[130.0110967,32.2390375],[129.9883344,32.2401478],[129.9988294,32.2538898],[129.9671969,32.2431239],[129.9919064,32.2848717],[130.0241553,32.3017403],[130.0339576,32.2748514],[130.0284083,32.2986456],[130.0499569,32.3047572],[130.0610849,32.2759858],[130.0716911,32.3003328],[130.0406386,32.3149367],[130.0307303,32.3031667],[130.0268947,32.3161731],[129.9942208,32.3065381],[129.9768647,32.3291842],[130.0036931,32.4245557],[130.0377668,32.4660286],[130.0312453,32.4860985],[130.035137,32.4760039],[130.0473647,32.4910375],[130.012605,32.5297704],[130.0376983,32.5360251],[130.0459595,32.5125911],[130.1188172,32.5486325],[130.1773614,32.5512556],[130.1998542,32.5358264],[130.1972464,32.5035101]],[[130.1178978,32.5523092],[130.105175,32.5500819],[130.1178978,32.5523092]]]}},{"type":"Feature","properties":{"forecastAreaCode":"570","name":"広島県","officialBoundary":true},"geometry":{"type":"MultiLineString","coordinates":[[[132.4939451,34.0455464],[132.4831487,34.0343899],[132.4939451,34.0455464]],[[132.5332908,34.0742292],[132.5294786,34.0462675],[132.5196269,34.0527261],[132.5332908,34.0742292]],[[132.5494433,34.0794861],[132.5588083,34.0710547],[132.5410539,34.0687481],[132.5494433,34.0794861]],[[132.7894867,34.1225108],[132.8005753,34.1204892],[132.7894867,34.1225108]],[[132.77501,34.1555758],[132.7594639,34.1482603],[132.77501,34.1555758]],[[132.4392639,34.1605003],[132.4295875,34.1465692],[132.4392639,34.1605003]],[[132.7951197,34.16786],[132.7723642,34.1609894],[132.7713653,34.1764011],[132.7871722,34.1887214],[132.7951197,34.16786]],[[132.5780067,34.1682486],[132.5723056,34.1551456],[132.5780067,34.1682486]],[[132.3854833,34.1774958],[132.4131392,34.1697181],[132.4136272,34.1505497],[132.3875081,34.1495328],[132.3854833,34.1774958]],[[132.8281852,34.1869346],[132.8496158,34.1962614],[132.869376,34.1770042],[132.8026637,34.1548678],[132.8067624,34.1780464],[132.8281852,34.1869346]],[[132.8199939,34.1949181],[132.8052467,34.1878581],[132.8199939,34.1949181]],[[132.2964669,34.1993261],[132.3195531,34.1898758],[132.3007786,34.1845353],[132.2964669,34.1993261]],[[132.5348583,34.2004626],[132.5590172,34.173227],[132.521471,34.1575209],[132.5487511,34.1412569],[132.5577919,34.1506],[132.5390897,34.1075628],[132.57624,34.1278522],[132.5899053,34.1086775],[132.5701356,34.1155131],[132.5564875,34.0799686],[132.5322797,34.1039153],[132.460465,34.0823081],[132.4473233,34.1083731],[132.5044553,34.1335967],[132.499934,34.1801761],[132.5348583,34.2004626]],[[132.675,34.2022959],[132.6759542,34.1747118],[132.6443444,34.1710444],[132.675,34.2022959]],[[132.7119958,34.2038075],[132.7573417,34.1936169],[132.7653408,34.1769192],[132.7387125,34.1578014],[132.7384864,34.1733733],[132.6858219,34.1825861],[132.6865227,34.196426],[132.7119958,34.2038075]],[[132.8695903,34.2714081],[132.8752053,34.2547403],[132.8695903,34.2714081]],[[132.3705967,34.2798422],[132.3610733,34.2763444],[132.3705967,34.2798422]],[[132.8060886,34.2814673],[132.8031924,34.2685215],[132.7897306,34.2736123],[132.8060886,34.2814673]],[[132.9309397,34.2845964],[132.9422144,34.2773939],[132.913348,34.2348901],[132.9207577,34.2141267],[132.8640408,34.2064172],[132.8419736,34.2232769],[132.8381854,34.2421504],[132.8835499,34.2441241],[132.8874675,34.2623028],[132.9032828,34.2487696],[132.9309397,34.2845964]],[[133.0499172,34.2852317],[133.0507472,34.28522]],[[132.8836519,34.2900578],[132.8842489,34.2755283],[132.8836519,34.2900578]],[[132.4796919,34.2962685],[132.498926,34.2671211],[132.4901767,34.2038584],[132.4713168,34.1788839],[132.4899917,34.1421744],[132.4287556,34.1285114],[132.4448398,34.179182],[132.4571879,34.1778624],[132.4375817,34.1959506],[132.4287939,34.1731019],[132.3721169,34.2586036],[132.4198114,34.2579908],[132.4391759,34.2249673],[132.4577626,34.2309395],[132.4741185,34.2084563],[132.4709193,34.2445475],[132.4331046,34.2503054],[132.4457763,34.26662],[132.4341464,34.2860288],[132.4747473,34.2835043],[132.4796919,34.2962685]],[[132.9156725,34.3001947],[132.9262831,34.2946211],[132.9165183,34.2796586],[132.9048856,34.2848233],[132.9156725,34.3001947]],[[132.3336441,34.3112663],[132.3472147,34.2806772],[132.2740347,34.2315394],[132.2638742,34.256365],[132.3336441,34.3112663]],[[132.9891023,34.3159118],[132.9938801,34.3022534],[132.9891023,34.3159118]],[[133.1334404,34.3168918],[133.1469729,34.2874708],[133.0937278,34.2566105],[133.0696139,34.2622809],[133.0890524,34.3129297],[133.1334404,34.3168918]],[[132.9371517,34.3245327],[132.9486887,34.3093529],[132.9371517,34.3245327]],[[132.4408882,34.3258917],[132.4428273,34.2969626],[132.4153541,34.299684],[132.4408882,34.3258917]],[[133.0786804,34.3330899],[133.0871457,34.3132617],[133.0690714,34.3026224],[133.0628214,34.3180496],[133.0786804,34.3330899]],[[132.4814645,34.3469688],[132.4806576,34.3301171],[132.4814645,34.3469688]],[[133.4364494,34.3514144],[133.4546694,34.3376814],[133.4304514,34.3391294],[133.4364494,34.3514144]],[[132.4600156,34.3517218],[132.4628613,34.3398631],[132.4600156,34.3517218]],[[133.2860873,34.3577349],[133.2858639,34.3383797],[133.26232,34.3323375],[133.2860873,34.3577349]],[[133.1517119,34.3585906],[133.1736255,34.3579194],[133.2109073,34.3189002],[133.1935201,34.3005448],[133.210292,34.2970285],[133.196053,34.2754239],[133.1345137,34.3288754],[133.1517119,34.3585906]],[[133.1173211,34.3601158],[133.1270938,34.3376087],[133.1100839,34.3172017],[133.0946922,34.3306467],[133.1173211,34.3601158]],[[133.1073503,34.3683528],[133.0991108,34.3596703],[133.1073503,34.3683528]],[[133.1455846,34.3708652],[133.1332289,34.3607843],[133.1455846,34.3708652]],[[133.3190233,34.3725511],[133.3251071,34.3599681],[133.3422689,34.3709908],[133.3381694,34.3565767],[133.2961411,34.3446839],[133.2936304,34.3622521],[133.3190233,34.3725511]],[[133.2609591,34.3844336],[133.2794314,34.3802422],[133.2701617,34.3608208],[133.2609591,34.3844336]],[[133.3992614,34.3885567],[133.4011094,34.3778833],[133.3875364,34.3836142],[133.3992614,34.3885567]],[[133.1623189,34.3915045],[133.1711567,34.3728279],[133.1515985,34.3818061],[133.1623189,34.3915045]],[[133.2154806,34.409089],[133.237177,34.4055286],[133.2369219,34.3913072],[133.2120604,34.356178],[133.183721,34.3584593],[133.1721342,34.3927724],[133.2154806,34.409089]],[[133.2640708,34.430389],[133.2578051,34.4176883],[133.2640708,34.430389]],[[133.4469085,34.4802677],[133.4427125,34.4451633],[133.4084746,34.478456],[133.4081806,34.4572444],[133.4405256,34.4362559],[133.3865584,34.4225809],[133.3839086,34.3816867],[133.3668308,34.3686694],[133.2904736,34.3833406],[133.2814642,34.4015806],[133.2463167,34.3897692],[133.2739773,34.4175777],[133.251605,34.441532],[133.2555922,34.4248236],[133.2420856,34.4358864],[133.2340563,34.4115609],[133.127469,34.3825569],[133.0848764,34.3956486],[133.0967376,34.3793644],[133.0793464,34.345675],[133.0399745,34.3313103],[132.9503473,34.3402788],[132.893612,34.326515],[132.8470063,34.2916881],[132.8342616,34.3161202],[132.7971657,34.312018],[132.7885235,34.277999],[132.7542411,34.2823381],[132.7530045,34.2594939],[132.7734009,34.2553421],[132.7605535,34.2404414],[132.7013184,34.2375158],[132.684387,34.2103171],[132.660248,34.2192814],[132.6409117,34.2017738],[132.5956202,34.2311404],[132.59194,34.2112394],[132.5378478,34.1940999],[132.5315569,34.222171],[132.558529,34.2382263],[132.5145718,34.2569457],[132.5188541,34.2826217],[132.4943159,34.3162438],[132.5043556,34.3364195],[132.4914781,34.3386989],[132.5164354,34.3437598],[132.5191933,34.3650841],[132.4825568,34.353118],[132.4756068,34.3670936],[132.4438521,34.3405275],[132.4235587,34.3595961],[132.381312,34.3620438],[132.3647262,34.3474676],[132.3624356,34.3600901],[132.3382764,34.3542132],[132.3565423,34.3494036],[132.3389231,34.3419569],[132.3587532,34.345285],[132.3267781,34.344117],[132.2788901,34.2828018],[132.2310579,34.255924],[132.2206597,34.23276],[132.2455952,34.2106726]]]}},{"type":"Feature","properties":{"forecastAreaCode":"590","name":"香川県","officialBoundary":true},"geometry":{"type":"MultiLineString","coordinates":[[[133.5984952,34.0436309],[133.6311963,34.0601484],[133.6279714,34.1189535],[133.6486252,34.1931885],[133.5571092,34.2620631],[133.5915578,34.2606325],[133.6223116,34.2355616],[133.6728529,34.2469596],[133.6740019,34.2219909],[133.7359584,34.2616235],[133.7363718,34.2826035],[133.7436475,34.2717271],[133.7403994,34.2819377],[133.7726486,34.2884182],[133.7684405,34.304918],[133.7775325,34.2892773],[133.7721415,34.305976],[133.7929408,34.2939867],[133.7889401,34.3080683],[133.8271686,34.3200974],[133.8192913,34.3531851],[133.8406768,34.3605887],[133.828919,34.3421462],[133.8537248,34.3605079],[133.8576181,34.3458044],[133.8308335,34.3314626],[133.8642446,34.3268875],[133.8949451,34.3545869],[133.8908416,34.3798339],[133.9276867,34.3897073],[133.9655064,34.3624264],[133.9764835,34.3732635],[134.0294056,34.3485182],[134.0517292,34.3615409],[134.0597528,34.3477427],[134.0695436,34.3645799],[134.0694828,34.3513361],[134.0749985,34.3617816],[134.0856606,34.3517378],[134.0916404,34.3848184],[134.1223456,34.3606704],[134.1194184,34.3970561],[134.136622,34.400316],[134.1637631,34.3824076],[134.1532779,34.3435114],[134.164508,34.3266897],[134.1905257,34.3311737],[134.1827566,34.3528037],[134.2110274,34.3470959],[134.2109063,34.3693979],[134.233683,34.3372124],[134.2502285,34.3515932],[134.2662941,34.3362177],[134.2463704,34.3069448],[134.2581132,34.2850942],[134.3058283,34.2786475],[134.3432151,34.2523334],[134.3785801,34.2616576],[134.4402067,34.2078539]],[[133.5271655,34.1366061],[133.5418295,34.1286726],[133.5271655,34.1366061]],[[133.6748469,34.2744286],[133.6842839,34.2702917],[133.6748469,34.2744286]],[[133.6267044,34.2870169],[133.6550111,34.2704975],[133.6202789,34.2558386],[133.6267044,34.2870169]],[[133.66433,34.3255392],[133.6801344,34.3058175],[133.66433,34.3255392]],[[133.621325,34.3543919],[133.6263247,34.3307392],[133.621325,34.3543919]],[[133.7796697,34.3655027],[133.7866341,34.3576791],[133.7796697,34.3655027]],[[133.6494624,34.3832841],[133.6519844,34.3731619],[133.6494624,34.3832841]],[[133.8204777,34.3953692],[133.8239233,34.3820086],[133.8204777,34.3953692]],[[133.7104969,34.3990967],[133.7305799,34.37053],[133.6995272,34.3516311],[133.6844459,34.3617096],[133.7104969,34.3990967]],[[133.7776628,34.4010031],[133.7951747,34.3879806],[133.7552206,34.3700133],[133.7527075,34.3986075],[133.7776628,34.4010031]],[[134.0538383,34.4092232],[134.0378619,34.3794122],[134.0538383,34.4092232]],[[134.1053995,34.4146045],[134.10061,34.4003039],[134.1053995,34.4146045]],[[133.6717495,34.4108221],[133.6661303,34.3826286],[133.6508489,34.4086433],[133.6717495,34.4108221]],[[133.9252778,34.4188196],[133.9200983,34.4185015]],[[133.8046004,34.4273651],[133.8068684,34.4127088],[133.8046004,34.4273651]],[[134.0626041,34.4332239],[134.0551098,34.4162829],[134.0626041,34.4332239]],[[134.0136336,34.4422908],[134.0042975,34.4381989],[134.0136336,34.4422908]],[[133.9654711,34.4618364],[133.9566947,34.4561469],[133.9654711,34.4618364]],[[134.0043519,34.47318],[134.0015772,34.4606036],[134.0043519,34.47318]],[[133.9537025,34.4778194],[133.9587297,34.4684664],[133.9537025,34.4778194]],[[133.969815,34.4779853],[134.0121764,34.4511197],[133.9817489,34.4449653],[133.969815,34.4779853]],[[134.127075,34.4822206],[134.1083667,34.4744544],[134.127075,34.4822206]],[[134.0855403,34.4994447],[134.1045756,34.4867414],[134.0850097,34.4599217],[134.0359744,34.4812001],[134.0855403,34.4994447]],[[134.0238444,34.5063331],[134.0206475,34.4783614],[134.0075581,34.4980358]],[[134.3468221,34.5647949],[134.3669143,34.5612452],[134.3435583,34.5450245],[134.3622102,34.5416141],[134.3377941,34.4329015],[134.319632,34.4580111],[134.2782594,34.4468559],[134.2842492,34.4607976],[134.3166611,34.4596425],[134.3102116,34.4774627],[134.2677845,34.4681309],[134.2355663,34.4147831],[134.2245575,34.4252379],[134.2373069,34.4372989],[134.2234737,34.4384034],[134.2429476,34.4588209],[134.2283864,34.4806497],[134.1888427,34.4833633],[134.1514489,34.4597556],[134.1409088,34.4695723],[134.1570525,34.4929497],[134.1809641,34.4874773],[134.1559533,34.5049078],[134.1716047,34.5288775],[134.1868386,34.5158222],[134.2389395,34.5296005],[134.2643731,34.5532747],[134.2952211,34.5467156],[134.3468221,34.5647949]]]}},{"type":"Feature","properties":{"forecastAreaCode":"720","name":"佐賀県北部","officialBoundary":true},"geometry":{"type":"MultiLineString","coordinates":[[[129.7908143,33.3403991],[129.8111386,33.3327277],[129.8368172,33.2867186],[129.8536202,33.2915897],[129.8277721,33.3119533],[129.8492429,33.3295379],[129.8275695,33.3371637],[129.848642,33.3366658],[129.8705882,33.4050146],[129.8236806,33.4119353],[129.8316118,33.4220446],[129.7829718,33.4512683],[129.8080436,33.4582381],[129.7937217,33.4720442],[129.8065811,33.48576],[129.8392664,33.4622139],[129.8350003,33.4423019],[129.8589575,33.4540831],[129.8500564,33.4751919],[129.8317167,33.4750608],[129.8454992,33.4796181],[129.82811,33.5182486],[129.8575188,33.5058952],[129.8398719,33.5223811],[129.8569711,33.5193369],[129.8459272,33.5561092],[129.8782945,33.5381624],[129.8743281,33.5159742],[129.8950722,33.5510873],[129.930229,33.5509926],[129.9299268,33.5364488],[129.9577001,33.5293392],[129.969284,33.5113463],[129.9373421,33.4800801],[129.9558131,33.4687772],[129.9661557,33.4824649],[129.9618322,33.4583533],[130.0223955,33.4466615],[130.0390263,33.4700145]],[[129.9916667,33.4803445],[129.9855798,33.4717799],[129.9916667,33.4803445]],[[129.9737562,33.5435664],[129.9671404,33.5270827],[129.9737562,33.5435664]],[[129.8818924,33.5677544],[129.8936872,33.554461],[129.8683399,33.5466268],[129.8818924,33.5677544]],[[129.7606586,33.5826703],[129.7735178,33.5753928],[129.7629267,33.5636894],[129.7397119,33.5734022],[129.7606586,33.5826703]],[[129.8456328,33.5920122],[129.8353575,33.5851519],[129.8456328,33.5920122]],[[129.8983944,33.6041624],[129.9014825,33.5919163],[129.8983944,33.6041624]],[[129.8629544,33.6176742],[129.8604245,33.5861299],[129.8481367,33.5993694],[129.8629544,33.6176742]]]}},{"type":"Feature","properties":{"forecastAreaCode":"341","name":"佐渡","officialBoundary":true},"geometry":{"type":"MultiLineString","coordinates":[[[138.5029609,38.3322233],[138.5220291,38.3238811],[138.5065001,38.2499493],[138.4361359,38.1179903],[138.4341622,38.0884313],[138.4814166,38.0623148],[138.5631774,38.0880662],[138.5746013,38.0629545],[138.5001278,37.9203639],[138.3596504,37.83048],[138.3053828,37.8270265],[138.2530771,37.8032373],[138.2162396,37.8097857],[138.2053971,37.8284901],[138.2692094,37.8478384],[138.2898556,37.8854593],[138.2846252,37.919459],[138.3437136,37.9657124],[138.2980363,38.0071658],[138.2740806,38.0021604],[138.2548766,37.9646879],[138.2271826,37.9797189],[138.2344429,38.0041305],[138.2212549,38.0221566],[138.2384224,38.0279531],[138.2395861,38.0869646],[138.2900456,38.1338694],[138.3244132,38.1986343],[138.3638086,38.2128828],[138.4019344,38.2545683],[138.432958,38.2579529],[138.4582047,38.3218318],[138.5029609,38.3322233]]]}},{"type":"Feature","properties":{"forecastAreaCode":"400","name":"三重県南部","officialBoundary":true},"geometry":{"type":"MultiLineString","coordinates":[[[136.8178681,34.2931408],[136.8071982,34.287534],[136.8178681,34.2931408]],[[136.8201784,34.3114464],[136.8110303,34.3062457],[136.8201784,34.3114464]],[[136.8763293,34.3677956],[136.8732969,34.3573964],[136.8763293,34.3677956]],[[136.9040844,34.5031336],[136.8881394,34.4767124],[136.8731273,34.4838096],[136.9040844,34.5031336]],[[136.8986202,34.5386881],[136.9039787,34.5195664],[136.8460017,34.5078054],[136.8986202,34.5386881]],[[136.9165073,34.5443853],[136.9063822,34.5428746],[136.9165073,34.5443853]],[[136.9815724,34.5522168],[136.982141,34.5401326],[136.9815724,34.5522168]],[[136.660448,34.5663043],[136.7731255,34.5099403],[136.8100248,34.5080961],[136.8161298,34.4844097],[136.8327772,34.5059694],[136.8473101,34.4805186],[136.8773495,34.4743155],[136.8642382,34.4607452],[136.8848052,34.4499024],[136.8757991,34.4287414],[136.8962278,34.4533537],[136.9226825,34.4470981],[136.9286055,34.413571],[136.9093864,34.3983909],[136.9127968,34.3759525],[136.8887675,34.3916342],[136.857756,34.3637493],[136.8123922,34.3675634],[136.8265654,34.3526621],[136.8466637,34.3702809],[136.8500816,34.3563306],[136.8642994,34.3644849],[136.8667974,34.3426916],[136.9093451,34.3651753],[136.8777712,34.335258],[136.9003928,34.2760589],[136.8698206,34.2733842],[136.847713,34.2465198],[136.7653689,34.259796],[136.7499532,34.270039],[136.7689963,34.2792486],[136.8119081,34.2630887],[136.8272935,34.2722389],[136.8303008,34.2587672],[136.8493499,34.2734223],[136.8593574,34.2654417],[136.8593812,34.2799644],[136.8330509,34.2704795],[136.8278316,34.2852301],[136.8664831,34.288483],[136.8268723,34.3009629],[136.847809,34.3143492],[136.8054887,34.3083657],[136.8074176,34.3282224],[136.7918864,34.3085981],[136.8116501,34.2980683],[136.798698,34.2900432],[136.7777757,34.2919777],[136.7780376,34.3148587],[136.7623837,34.3159353],[136.7520298,34.2987889],[136.7654999,34.2909962],[136.7211022,34.3043509],[136.687708,34.2840155],[136.6941209,34.3192434],[136.7168633,34.3223667],[136.7266354,34.3432889],[136.6918244,34.3478281],[136.6833309,34.3237001],[136.6911524,34.3454115],[136.6620192,34.3457549],[136.6726862,34.3242142],[136.6368789,34.3088126],[136.6770669,34.3166833],[136.6501104,34.2924343],[136.6601704,34.2889671],[136.6051071,34.2584855],[136.5711737,34.2756279],[136.595656,34.2813859],[136.5912915,34.2953644],[136.5599478,34.2752877],[136.5492488,34.2829211],[136.5482274,34.2498654],[136.5411469,34.2784474],[136.5268067,34.2599522],[136.5307414,34.2731695],[136.5059515,34.2791029],[136.5192351,34.2407213],[136.5007717,34.2593387],[136.4898636,34.2542716],[136.5048304,34.2431118],[136.4847102,34.2395573],[136.5082211,34.2292624],[136.4811296,34.2198736],[136.4601232,34.2381192],[136.4661538,34.2570843],[136.4398978,34.2473965],[136.4553635,34.2427414],[136.4526271,34.2196416],[136.3984715,34.2028015],[136.3907191,34.2192591],[136.3640877,34.1892149],[136.3495391,34.1945962],[136.3529054,34.2121596],[136.3218765,34.1962223],[136.3412363,34.1999871],[136.3361351,34.1825362],[136.2776131,34.1607378],[136.2770055,34.1364211],[136.2928267,34.1271026],[136.2840524,34.1180305],[136.3156834,34.1155002],[136.2978881,34.0868236],[136.2901319,34.0969713],[136.2670322,34.0816027],[136.2736316,34.1022267],[136.249563,34.0942253],[136.2757327,34.1216183],[136.2682059,34.1291166],[136.2282119,34.1005423],[136.2356473,34.0859301],[136.2008408,34.0760001],[136.2526655,34.0617558],[136.2443626,34.0384483],[136.2816755,34.0223469],[136.2420355,34.0147833],[136.2728818,34.0048155],[136.2569238,33.9978568],[136.2721507,33.9725558],[136.2377165,33.9692713],[136.2515551,33.9851894],[136.2107185,33.9995738],[136.2154956,33.983301],[136.1917231,33.9710864],[136.2216238,33.9745271],[136.231738,33.9462318],[136.2173537,33.9475843],[136.213037,33.9309751],[136.20094,33.9448619],[136.1820992,33.9396203],[136.1991788,33.9202016],[136.1798155,33.9128147],[136.1503902,33.9313797],[136.1520527,33.9125766],[136.1387132,33.9085378],[136.1492809,33.8973217],[136.1304733,33.8850668],[136.1190108,33.8993109],[136.0977292,33.8822663],[136.01189,33.7233007]]]}},{"type":"Feature","properties":{"forecastAreaCode":"240","name":"山形県","officialBoundary":true},"geometry":{"type":"MultiLineString","coordinates":[[[139.5478108,38.5529477],[139.5391173,38.5579655],[139.6097828,38.6691306],[139.6903186,38.7231414],[139.7585353,38.7942201],[139.8048488,38.9061003],[139.7952508,38.9357452],[139.8086894,38.9253691],[139.8123986,38.9509801],[139.8358726,38.9559928],[139.818887,38.9605247],[139.8727818,39.0696067],[139.8695899,39.1182582]],[[139.7920178,38.9416667],[139.8002959,38.9495781],[139.7920178,38.9416667]],[[139.8210417,38.966044],[139.8011164,38.9485657],[139.8256648,38.9754384],[139.8210417,38.966044]],[[139.5503918,39.2085505],[139.5645422,39.1965988],[139.5440336,39.1814761],[139.5503918,39.2085505]]]}},{"type":"Feature","properties":{"forecastAreaCode":"701","name":"山口県瀬戸内海沿岸","officialBoundary":true},"geometry":{"type":"MultiLineString","coordinates":[[[132.1509148,33.7638911],[132.1530069,33.7274539],[132.1335381,33.7129233],[132.1509148,33.7638911]],[[131.9706458,33.7979936],[131.993535,33.7797414],[131.9514958,33.7713353],[131.9706458,33.7979936]],[[132.4010031,33.8145867],[132.3938942,33.8019703],[132.4010031,33.8145867]],[[132.2588672,33.8162525],[132.2517667,33.8066553],[132.2588672,33.8162525]],[[132.2093958,33.8172933],[132.2733419,33.7799725],[132.2562475,33.7664903],[132.1970486,33.8042083],[132.1727158,33.7969889],[132.2093958,33.8172933]],[[132.1192883,33.8237561],[132.1181017,33.8110836],[132.1192883,33.8237561]],[[132.3593422,33.8586228],[132.3728414,33.8482436],[132.3593422,33.8586228]],[[132.0714097,33.8584092],[132.1184492,33.8300689],[132.0878614,33.8256228],[132.0499192,33.7845889],[132.0325817,33.7884603],[132.0788272,33.8279092],[132.0714097,33.8584092]],[[132.0171519,33.8713915],[132.0237591,33.8518592],[131.9975991,33.8574296],[132.0171519,33.8713915]],[[132.0647255,33.8836531],[132.0617236,33.8667533],[132.0647255,33.8836531]],[[132.0439028,33.9008667],[132.0518269,33.8873513],[132.0439028,33.9008667]],[[132.4547075,33.9270222],[132.4659717,33.9145822],[132.4547075,33.9270222]],[[132.1664618,33.9473326],[132.154465,33.9395313],[132.1664618,33.9473326]],[[132.3477276,33.9593256],[132.3526475,33.9393381],[132.3366692,33.9477928],[132.3477276,33.9593256]],[[132.4708011,33.9665689],[132.4783344,33.9545608],[132.4585914,33.9640928],[132.4708011,33.9665689]],[[131.6968714,33.9498386],[131.6950464,33.9349244],[131.6968714,33.9498386]],[[132.2339892,33.96763],[132.2624289,33.9488258],[132.2859736,33.9553603],[132.300859,33.9204997],[132.3198136,33.9227311],[132.316726,33.9060231],[132.3311775,33.9012633],[132.3698369,33.9284225],[132.4020192,33.9286753],[132.4174576,33.9532423],[132.4721656,33.9482172],[132.4081578,33.9095986],[132.3717772,33.9107417],[132.3721186,33.8619572],[132.3264978,33.8579506],[132.3377007,33.8824995],[132.2896683,33.8907644],[132.2885558,33.902145],[132.268087,33.8895639],[132.2793183,33.8708506],[132.2201221,33.8745078],[132.2081053,33.8567555],[132.203928,33.8790709],[132.176066,33.894535],[132.1726799,33.9236656],[132.1885339,33.9344761],[132.1844759,33.9536644],[132.2055281,33.9491324],[132.2339892,33.96763]],[[132.3487294,33.973795],[132.3514588,33.9611533],[132.3487294,33.973795]],[[130.9176577,33.9376257],[130.9283544,33.9263135],[130.9116351,33.9112536]],[[131.7599206,33.9835045],[131.7698952,33.980432],[131.7599206,33.9835045]],[[131.8580856,33.990052],[131.8777117,33.9705862],[131.8584545,33.9640477],[131.8618856,33.9506939],[131.8265229,33.9309853],[131.8060768,33.9393178],[131.8214465,33.9592323],[131.8206818,33.9447784],[131.847385,33.9499874],[131.8413842,33.9666989],[131.8580856,33.990052]],[[132.331075,34.003635],[132.3342864,33.9915175],[132.331075,34.003635]],[[132.2637136,34.0097986],[132.2678861,33.9936261],[132.2637136,34.0097986]],[[132.414975,34.0303461],[132.4274919,34.0108214],[132.4056664,34.0142761],[132.414975,34.0303461]],[[132.3916667,34.0427109],[132.3840022,34.0267422],[132.3758853,34.03662],[132.3916667,34.0427109]],[[131.5861779,34.0235192],[131.6014617,34.0148961],[131.5915826,33.9993659],[131.5562863,33.9895302],[131.5861779,34.0235192]],[[131.7091475,34.0351767],[131.7110722,33.9997797],[131.7326778,33.9822944],[131.6914422,34.0079519],[131.7050056,34.0080307],[131.7091475,34.0351767]],[[131.7729772,34.0503197],[131.7287139,34.0226411],[131.7290761,34.0354206],[131.7528272,34.0327267],[131.7729772,34.0503197]],[[132.2455952,34.2106726],[132.2308566,34.1855262],[132.2492215,34.1772179],[132.2573495,34.1314671],[132.1989599,34.1185247],[132.2207381,34.0468168],[132.2128799,34.0020626],[132.1847369,33.9613633],[132.1187805,33.9530984],[132.1278553,33.8879761],[132.1582658,33.859725],[132.1397322,33.8316892],[132.1154168,33.833734],[132.1168047,33.8783562],[132.044848,33.9087124],[132.0569844,33.9203234],[132.0252626,33.9017351],[131.9808654,33.9296659],[131.9654739,33.9183592],[131.9629641,33.9458789],[131.8615268,33.988129],[131.864171,34.0070507],[131.8317435,34.0113716],[131.7946863,33.987736],[131.8169236,33.9821205],[131.8152682,33.9689369],[131.7779062,33.9739433],[131.7827369,33.9952399],[131.8276098,34.0293835],[131.8023402,34.0432319],[131.7810954,34.0275113],[131.7969129,34.0591419],[131.7372335,34.0456886],[131.7613763,34.0678822],[131.7422629,34.0720055],[131.6977778,34.0464872],[131.6345617,34.0468712],[131.6098746,34.0207919],[131.5994237,34.0386092],[131.5401655,33.9975133],[131.509083,34.0036115],[131.5087447,34.0229275],[131.4735791,34.0375646],[131.4655648,34.027517],[131.4797064,34.0118382],[131.4406198,33.9826559],[131.4240081,33.989267],[131.4228809,34.0155722],[131.3956324,33.9848773],[131.4171294,34.0213023],[131.3946627,34.0253248],[131.4043209,34.0425333],[131.3851708,34.0512195],[131.3865085,34.0320287],[131.3708526,34.0267981],[131.3833407,34.0221956],[131.3780478,34.0080774],[131.347872,33.9812264],[131.3557882,33.966419],[131.2449083,33.9189683],[131.2559322,33.9319266],[131.2325513,33.9270818],[131.2488745,33.9429384],[131.2390053,33.9514343],[131.2153258,33.9367203],[131.227712,33.9643201],[131.2240036,33.9490655],[131.2089209,33.9589282],[131.2104913,33.9445015],[131.1784465,33.9314077],[131.157722,33.9533098],[131.1732793,33.9693724],[131.1610367,33.9738681],[131.1700761,33.9968603],[131.1559705,33.9888085],[131.1341875,34.0042953],[131.1334338,33.9904645],[131.1003319,34.0328677],[131.0474989,34.0422589],[131.0368476,34.0570821],[130.9967577,33.989764],[130.9180023,33.9384669]]]}},{"type":"Feature","properties":{"forecastAreaCode":"700","name":"山口県日本海沿岸","officialBoundary":true},"geometry":{"type":"MultiLineString","coordinates":[[[130.9116351,33.9112536],[130.8745049,33.9463895],[130.9130482,33.9541288],[130.9176577,33.9376257]],[[130.9180023,33.9384669],[130.9200199,33.9525921],[130.9058426,33.9542108],[130.9120653,34.0591445],[130.8883626,34.0653543],[130.8603877,34.1108124],[130.8666773,34.1368103],[130.8964547,34.1359126],[130.8958869,34.1531389],[130.9254084,34.1693081],[130.9306956,34.209611],[130.9162408,34.2149547],[130.9213179,34.2399318],[130.8668614,34.287829],[130.8975976,34.3172802],[130.9010483,34.36301],[130.9278772,34.3413234],[130.9955476,34.3726523],[131.0358968,34.3712684],[131.0160268,34.4052038],[130.9585471,34.4079297],[130.955082,34.3889196],[130.9346132,34.392412],[130.9722985,34.442281],[131.0198769,34.4110006],[131.0743807,34.424578],[131.1127901,34.4092389],[131.1319388,34.4178129],[131.155842,34.3724558],[131.199272,34.3976434],[131.2146273,34.370929],[131.2253567,34.3932883],[131.3063464,34.3828261],[131.3372671,34.4182093],[131.3565726,34.4104699],[131.416273,34.4277913],[131.4210493,34.4418376],[131.3969033,34.4601518],[131.4167488,34.4490906],[131.4408353,34.4835524],[131.462012,34.4859706],[131.455388,34.5255026],[131.4668258,34.5383897],[131.5021292,34.5329772],[131.5389972,34.563005],[131.5603114,34.6184111],[131.6030447,34.6230033],[131.5889828,34.6332372],[131.6037583,34.6620161],[131.6345672,34.6645083],[131.6504308,34.6408875],[131.6459289,34.65321],[131.6748481,34.6647006],[131.6678867,34.6759953],[131.6906217,34.681045]],[[130.8645067,33.9809075],[130.8606814,33.9700319],[130.8645067,33.9809075]],[[130.8952429,33.9931073],[130.905354,33.9899645],[130.8891916,33.9832709],[130.8952429,33.9931073]],[[130.7788011,34.1152408],[130.7997381,34.0931944],[130.7788011,34.1152408]],[[130.9741766,34.3638256],[130.9640936,34.3595768],[130.9741766,34.3638256]],[[130.8673294,34.3737063],[130.8776068,34.3534557],[130.8401283,34.3454457],[130.8673294,34.3737063]],[[131.2462597,34.438299],[131.2603577,34.4168045],[131.2224712,34.4166162],[131.2245666,34.4273632],[131.2042447,34.3978943],[131.1734988,34.4077824],[131.1666428,34.428922],[131.2462597,34.438299]],[[131.412478,34.5130308],[131.4189978,34.4941016],[131.407569,34.4892763],[131.412478,34.5130308]],[[131.2776197,34.5179897],[131.2940156,34.5112889],[131.2777153,34.4970618],[131.2776197,34.5179897]],[[131.3894528,34.5237082],[131.3867979,34.5122228],[131.3894528,34.5237082]],[[131.1307031,34.7986542],[131.1637369,34.7781617],[131.1607936,34.7634272],[131.1365861,34.7586314],[131.1307031,34.7986542]]]}},{"type":"Feature","properties":{"forecastAreaCode":"773","name":"鹿児島県西部","officialBoundary":true},"geometry":{"type":"MultiLineString","coordinates":[[[129.4342649,30.8491519],[129.4275399,30.8414597],[129.4342649,30.8491519]],[[130.661323,30.9944995],[130.6782056,31.0620111],[130.6532114,31.0705275],[130.7443772,31.1317394],[130.7667944,31.1808517],[130.7533939,31.2113183],[130.7898696,31.2514695],[130.8033966,31.3362921],[130.7558642,31.4253342],[130.688248,31.4781241],[130.7070955,31.5349308],[130.6983759,31.5556633],[130.6383254,31.5453877],[130.5910599,31.5888242],[130.6246226,31.6197909],[130.6791536,31.629389],[130.7172087,31.6027247],[130.7102649,31.5673193],[130.7238803,31.5620998],[130.7067752,31.5572862],[130.7660831,31.5630569],[130.8223774,31.6527553],[130.796586,31.7008489],[130.7341852,31.7074105],[130.7307892,31.7244151],[130.6890353,31.7347558],[130.627904,31.7139168],[130.6096306,31.6822569],[130.6194519,31.6578427],[130.5628077,31.5971687],[130.5627488,31.5529366],[130.5371277,31.5334517],[130.5345894,31.5053974],[130.5198654,31.5056705],[130.5375296,31.5020136],[130.5314384,31.4842555],[130.5145264,31.4940374],[130.5192384,31.4714961],[130.5456586,31.4789629],[130.5128833,31.4623986],[130.5254704,31.4100193],[130.5582272,31.3860856],[130.5416576,31.3849093],[130.5646733,31.322495],[130.6224133,31.2758728],[130.6677058,31.2673092],[130.6499736,31.2444994],[130.6573122,31.2197753],[130.6297128,31.2107908],[130.6465173,31.2071367],[130.6400289,31.1896906],[130.5949844,31.1792711],[130.5869953,31.1552022],[130.5542817,31.1786963],[130.5181153,31.1658575],[130.5083875,31.2136819],[130.4594069,31.2513081],[130.3537563,31.2498309],[130.2879209,31.2696055],[130.2777824,31.2458701],[130.2371494,31.2596128],[130.2163514,31.2482006],[130.2292775,31.2680703],[130.2142503,31.2738372],[130.2294369,31.2814661],[130.200575,31.2824253],[130.1989461,31.2950469],[130.2255131,31.3086489],[130.1732542,31.3239644],[130.2095419,31.3477644],[130.1316058,31.4118669],[130.1067922,31.4112253],[130.1158339,31.4239881],[130.1357744,31.4131916],[130.1597761,31.4401867],[130.1866807,31.4103201],[130.1927128,31.4295242],[130.193105,31.4086083],[130.2277826,31.3997231],[130.2892325,31.4462083],[130.3223078,31.5122239],[130.3348281,31.5901039],[130.3174632,31.6580286],[130.2986953,31.6610966],[130.2752759,31.7053946],[130.2521136,31.710127],[130.2635097,31.7149552],[130.2505955,31.7316819],[130.2115692,31.7560392],[130.1890965,31.7463807],[130.1668015,31.7915073],[130.1975639,31.8504274],[130.1823659,31.8552898],[130.1976109,31.8505641],[130.2242383,31.9105054],[130.2036415,31.9830419],[130.1731375,31.9919076],[130.2071441,32.0623507],[130.1928606,32.08448],[130.1837869,32.0708658],[130.1708411,32.0810281],[130.1805728,32.1101933],[130.2267736,32.1287958],[130.2706496,32.1282776],[130.2837122,32.1098482],[130.3095122,32.1081174],[130.3523667,32.1357607],[130.3607904,32.1686099]],[[129.4468825,31.199865],[129.4495828,31.1774906],[129.4338303,31.1758194],[129.4468825,31.199865]],[[129.4724447,31.2115667],[129.4754353,31.1947978],[129.4724447,31.2115667]],[[130.1693197,31.3641692],[130.1618381,31.3502047],[130.1693197,31.3641692]],[[130.5413092,31.5006519],[130.5401694,31.4828651],[130.5413092,31.5006519]],[[130.2416667,31.7269985],[130.248189,31.7169824],[130.2416667,31.7269985]],[[129.7850559,31.7910934],[129.8048597,31.7820588],[129.7931705,31.7768166],[129.8018788,31.7638293],[129.7688184,31.7129326],[129.7388682,31.7052143],[129.7440506,31.6874865],[129.7250646,31.6695186],[129.7384237,31.6562323],[129.7139076,31.6220186],[129.7071555,31.637365],[129.6886843,31.621262],[129.6647522,31.6341257],[129.6581104,31.6592076],[129.6822479,31.662563],[129.696877,31.7164984],[129.7761909,31.7414653],[129.7850559,31.7910934]],[[129.8395921,31.8190879],[129.8448726,31.7985012],[129.8226022,31.7746426],[129.8112093,31.7993902],[129.8395921,31.8190879]],[[129.844465,31.8299361],[129.8350931,31.8254923],[129.844465,31.8299361]],[[130.1879303,31.8582536],[130.1932054,31.8706187],[130.1879303,31.8582536]],[[129.852061,31.8830219],[129.9107247,31.8429451],[129.9050027,31.8683098],[129.9390395,31.8702171],[129.9195455,31.8445262],[129.929783,31.8240348],[129.9039355,31.8249353],[129.8711091,31.8011303],[129.8734319,31.8205056],[129.8545599,31.8248869],[129.8587525,31.8377339],[129.8454439,31.8299901],[129.8411478,31.8503012],[129.865213,31.8598936],[129.8468371,31.8553768],[129.8420783,31.8698318],[129.8347687,31.8372934],[129.818077,31.8496561],[129.8352278,31.8820204],[129.852061,31.8830219]],[[130.1742681,32.2294181],[130.2005181,32.1976233],[130.1858625,32.1642758],[130.204544,32.1697006],[130.2097733,32.1551256],[130.1710823,32.1337995],[130.1778642,32.1176125],[130.1571839,32.0895197],[130.1111336,32.1257881],[130.1155789,32.1571449],[130.0907331,32.1806444],[130.1218711,32.200364],[130.1067589,32.2148036],[130.1553229,32.1971152],[130.1455081,32.2170711],[130.1555894,32.2283747],[130.164486,32.212275],[130.1742681,32.2294181]],[[130.1946439,32.2444603],[130.2114475,32.2207381],[130.20535,32.2044],[130.1873264,32.2213564],[130.1946439,32.2444603]],[[130.2230039,32.2547436],[130.2302778,32.24728],[130.2230039,32.2547436]],[[130.1866597,32.2689558],[130.1614686,32.2280817],[130.1589494,32.2449719],[130.1866597,32.2689558]],[[130.2572647,32.3064042],[130.2689414,32.2798525],[130.2350911,32.2624167],[130.2424403,32.2532953],[130.2301013,32.2630951],[130.2147144,32.2501208],[130.2200636,32.2917839],[130.2572647,32.3064042]]]}},{"type":"Feature","properties":{"forecastAreaCode":"770","name":"鹿児島県東部","officialBoundary":true},"geometry":{"type":"MultiLineString","coordinates":[[[131.0326186,31.3775533],[131.0227935,31.3615408],[131.0326186,31.3775533]],[[131.1115159,31.4580396],[131.0933369,31.4416978],[131.1115159,31.4580396]],[[131.1603008,31.4618608],[131.1088025,31.4657117],[131.1086789,31.4762945],[131.0843393,31.459546],[131.0912517,31.448576],[131.0781596,31.4582174],[131.0474648,31.4337622],[131.0163714,31.3795811],[131.0171095,31.3569554],[131.1088678,31.33055],[131.1052667,31.3115078],[131.0731056,31.2918981],[131.0769654,31.2713829],[131.1227239,31.2870997],[131.1296944,31.2768947],[131.0654792,31.2273975],[131.0170228,31.2279606],[130.9850169,31.1796739],[130.9952664,31.1691531],[130.9725842,31.1665064],[130.9791994,31.1519067],[130.9625342,31.1382033],[130.8738464,31.0950086],[130.8112169,31.0888625],[130.7612928,31.0554028],[130.7477954,31.060916],[130.7163119,31.0454114],[130.7167967,31.0267536],[130.6841417,31.0254739],[130.6828619,31.0038714],[130.6686656,31.008685],[130.661323,30.9944995]]]}},{"type":"Feature","properties":{"forecastAreaCode":"771","name":"種子島・屋久島地方","officialBoundary":true},"geometry":{"type":"MultiLineString","coordinates":[[[130.4979792,30.4694658],[130.4993917,30.4527247],[130.543735,30.4473531],[130.6716575,30.3760178],[130.6555222,30.3124606],[130.6652261,30.3154683],[130.5822025,30.2388828],[130.5222236,30.2263414],[130.4425181,30.2359122],[130.3909869,30.3222686],[130.3785306,30.3929253],[130.4196197,30.3963939],[130.4622297,30.4341969],[130.4641275,30.4570917],[130.4943244,30.4545828],[130.4979792,30.4694658]],[[130.1469253,30.4903019],[130.2351867,30.4701058],[130.2640897,30.4344247],[130.209755,30.4220761],[130.1914225,30.4415],[130.1954747,30.4616303],[130.1690111,30.456645],[130.1469253,30.4903019]],[[130.9820676,30.732381],[130.9821317,30.7438932],[130.9820676,30.732381]],[[130.85762,30.7657889],[130.8651753,30.7315932],[130.8369881,30.7272914],[130.85762,30.7657889]],[[130.3035333,30.8084222],[130.3170689,30.7827392],[130.2617661,30.7820275],[130.3035333,30.8084222]],[[131.0565097,30.8397556],[131.082585,30.7889556],[131.078575,30.6963719],[131.0536536,30.6661603],[131.0551186,30.6048839],[131.0327156,30.5872047],[131.0348397,30.5664278],[130.9993941,30.5481706],[130.9627697,30.480085],[130.98129,30.3986767],[130.9651122,30.3920403],[130.9679119,30.3728133],[130.9367922,30.3754117],[130.872415,30.3447175],[130.8491122,30.4671406],[130.8740869,30.4675472],[130.944072,30.5672142],[130.953437,30.5929294],[130.9400514,30.6691586],[130.9785406,30.7254389],[130.9934828,30.7259103],[131.0027781,30.7848839],[131.0565097,30.8397556]],[[130.4277161,30.819705],[130.4441425,30.8012411],[130.3961686,30.8078811],[130.4277161,30.819705]],[[129.9391947,30.8514675],[129.9641719,30.8284675],[129.9373467,30.8121589],[129.9115847,30.8193117],[129.9048894,30.8388439],[129.9391947,30.8514675]]]}},{"type":"Feature","properties":{"forecastAreaCode":"230","name":"秋田県","officialBoundary":true},"geometry":{"type":"MultiLineString","coordinates":[[[139.8695899,39.1182582],[139.9049194,39.1813748],[139.8920759,39.2128879],[139.9157281,39.2755724],[139.9680769,39.2969499],[140.0136305,39.3821403],[140.0450321,39.498699],[140.0630188,39.6535586],[140.0582069,39.7278054],[140.0386756,39.7595929],[140.0495216,39.7735126],[140.0430412,39.7619988],[140.0277432,39.7691242],[140.0423354,39.7828499],[140.0071296,39.8458975],[139.9260473,39.8991696],[139.863726,39.8904794]],[[140.0128474,39.7747436],[140.0388265,39.7584321],[140.0128474,39.7747436]],[[140.0330369,39.7903139],[140.0204824,39.7815463],[140.0330369,39.7903139]],[[139.8521063,39.8611645],[139.861579,39.8531576],[139.8521063,39.8611645]],[[139.863726,39.8904794],[139.8469102,39.8784215],[139.8612486,39.8663317],[139.7552881,39.8568472],[139.7349241,39.9053518],[139.7056849,39.9280617],[139.701718,39.9422496],[139.7210619,39.9548942],[139.70161,39.9610059],[139.6929562,39.9952765],[139.7017006,40.0068223],[139.7233514,39.9816754],[139.8183464,39.9601467],[139.8851995,39.9994899],[139.9490674,40.078864],[139.992153,40.1757864],[139.9780857,40.2023671],[140.0255669,40.2167445],[139.9833906,40.2111006],[140.00566,40.226746],[140.0261489,40.3432818],[140.0120172,40.3735506],[139.9363098,40.4282038]],[[139.9705335,40.1999952],[139.9824369,40.2117002],[139.9705335,40.1999952]]]}},{"type":"Feature","properties":{"forecastAreaCode":"321","name":"小笠原諸島","officialBoundary":true},"geometry":{"type":"MultiLineString","coordinates":[[[141.4621414,24.2450689],[141.4718175,24.2323814],[141.4550131,24.2254483],[141.4621414,24.2450689]],[[141.3234778,24.8126158],[141.3463228,24.7788908],[141.2858438,24.7456069],[141.2858953,24.7886933],[141.3234778,24.8126158]],[[153.98408,24.2976144],[153.9861978,24.2814292],[153.9707444,24.2847028],[153.98408,24.2976144]],[[141.2841094,25.4487712],[141.2934516,25.4261126],[141.2771694,25.4190282],[141.2841094,25.4487712]],[[142.1549947,26.5645431],[142.1567861,26.5431714],[142.1549947,26.5645431]],[[142.2125594,26.5644636],[142.2017611,26.5531997],[142.2125594,26.5644636]],[[142.2306728,26.5756486],[142.2400033,26.5676289],[142.2268753,26.5637847],[142.2306728,26.5756486]],[[142.1614392,26.5884647],[142.1471242,26.5823817],[142.1614392,26.5884647]],[[142.1310572,26.6106247],[142.1252586,26.5955944],[142.1310572,26.6106247]],[[142.1259994,26.7142934],[142.1345778,26.6993533],[142.1650306,26.7025698],[142.1466149,26.6851915],[142.1686149,26.6898845],[142.1640553,26.6604279],[142.1891561,26.659303],[142.1712143,26.6433893],[142.1784752,26.6075662],[142.1259994,26.7142934]],[[142.1740103,27.0440939],[142.1765669,27.0317019],[142.1740103,27.0440939]],[[142.1932891,27.1058283],[142.2187541,27.1011493],[142.232602,27.0781605],[142.2294037,27.0359503],[142.1857442,27.040399],[142.1952954,27.0613951],[142.1817885,27.0743778],[142.2083578,27.0832807],[142.2029605,27.098834],[142.1825776,27.0931308],[142.1932891,27.1058283]],[[142.1684178,27.1215692],[142.16164,27.1131064],[142.1684178,27.1215692]],[[142.1916667,27.1441729],[142.2356611,27.1096958],[142.2007703,27.1097983],[142.1871244,27.1215336],[142.1916667,27.1441729]],[[142.1892161,27.1900322],[142.2021664,27.1691786],[142.1880919,27.1443206],[142.1892161,27.1900322]],[[142.2114083,27.5022422],[142.2148092,27.48935],[142.2114083,27.5022422]],[[142.1750667,27.6358867],[142.1854919,27.6194739],[142.1750667,27.6358867]],[[142.1312467,27.6887383],[142.1469172,27.6712186],[142.1312467,27.6887383]]]}},{"type":"Feature","properties":{"forecastAreaCode":"340","name":"新潟県上中下越","officialBoundary":true},"geometry":{"type":"MultiLineString","coordinates":[[[137.6349847,36.9797979],[137.9121944,37.0607829],[137.9992884,37.1156582],[138.0475672,37.1272069],[138.0961272,37.1728597],[138.1516329,37.161131],[138.2314563,37.1740558],[138.2566444,37.208307],[138.2493965,37.1825125],[138.4364627,37.3247213],[138.5429731,37.3832569],[138.5305454,37.3652813],[138.5437871,37.3684803],[138.6173869,37.4841307],[138.7127085,37.5583542],[138.74837,37.6059714],[138.7923939,37.7441818],[138.8308702,37.8107978],[139.0687543,37.9588687],[139.0682497,37.9437958],[139.2000809,37.9820678],[139.2313385,38.0198622],[139.2148346,37.9937509],[139.2229916,37.9688346],[139.2434934,37.9706809],[139.2255365,37.991975],[139.2362391,38.0128466],[139.2474488,38.0047917],[139.2811548,38.0252781],[139.3675651,38.0995764],[139.4300064,38.1812928],[139.4205294,38.1861381],[139.4502305,38.2390851],[139.4558022,38.3936694],[139.5478108,38.5529477]],[[138.2551597,37.2083323],[138.2697196,37.2221823],[138.2551597,37.2083323]],[[138.2744909,37.215135],[138.2754928,37.1985843],[138.2744909,37.215135]],[[139.0758109,37.9740043],[139.0683925,37.9611883],[139.0758109,37.9740043]],[[139.2560661,38.4909754],[139.2478214,38.4530524],[139.2148298,38.4374927],[139.2560661,38.4909754]]]}},{"type":"Feature","properties":{"forecastAreaCode":"201","name":"青森県太平洋沿岸","officialBoundary":true},"geometry":{"type":"MultiLineString","coordinates":[[[141.535004,40.5375319],[141.5469482,40.5377663],[141.535004,40.5375319]],[[141.5495787,40.5494433],[141.560335,40.5446167],[141.5495787,40.5494433]],[[141.5350753,40.563007],[141.5455537,40.5491192],[141.5350753,40.563007]],[[141.4081978,40.9242964],[141.4009186,40.9402523],[141.4081978,40.9242964]],[[140.9125284,41.546407],[141.0017567,41.4858116],[141.1126557,41.4629452],[141.1931646,41.3867121],[141.2719369,41.3541817],[141.3570878,41.3637269],[141.4650481,41.4295879],[141.3909073,41.1784579],[141.3939392,40.9367797],[141.3757369,40.936219],[141.4000532,40.9262243],[141.3906669,40.9046944],[141.4245655,40.7068041],[141.4823566,40.5688666],[141.5280941,40.5587354],[141.48743,40.5568433],[141.514622,40.5524664],[141.5030579,40.5418986],[141.5345628,40.5271818],[141.575983,40.5431037],[141.6826668,40.450294]]]}},{"type":"Feature","properties":{"forecastAreaCode":"200","name":"青森県日本海沿岸","officialBoundary":true},"geometry":{"type":"MultiLineString","coordinates":[[[139.9363098,40.4282038],[139.9500091,40.4957974],[139.9400729,40.5530163],[139.9184305,40.5857941],[139.8691341,40.5839834],[139.8607832,40.6157914],[139.9023984,40.645814],[139.9287513,40.642544],[139.9997162,40.7476749],[140.0538389,40.7692471],[140.1227475,40.74258],[140.1954841,40.7842569],[140.2283971,40.7818229],[140.2562317,40.8084444],[140.3051388,40.9285924],[140.3239664,41.0672447],[140.2979062,41.1139186],[140.2486724,41.1337648],[140.303365,41.1313059],[140.3217322,41.1480114],[140.3391684,41.2602456],[140.3938428,41.238859],[140.4646893,41.1821279],[140.5495357,41.2295447],[140.5940151,41.2163891]],[[140.7782846,41.2101357],[140.7796851,41.252918],[140.8352147,41.4157917],[140.8986637,41.4768783],[140.9095522,41.503573],[140.8971757,41.5269709],[140.9125284,41.546407]]]}},{"type":"Feature","properties":{"forecastAreaCode":"380","name":"静岡県","officialBoundary":true},"geometry":{"type":"MultiLineString","coordinates":[[[138.2283125,34.6197103],[138.2337209,34.6346131],[138.2283125,34.6197103]],[[138.211418,34.6290628],[138.2231062,34.6227699],[138.211418,34.6290628]],[[138.3375042,34.8686434],[138.3298238,34.8543745],[138.3375042,34.8686434]],[[139.1115967,35.1413669],[139.0767967,35.0977281],[139.0693748,35.0537277],[139.1004814,35.0449147],[139.1000497,35.00902],[139.0829325,35.0009636],[139.0937675,34.9778878],[139.1467567,34.9551567],[139.1407631,34.8908831],[139.0828128,34.8537067],[139.0482703,34.7681614],[138.9967541,34.7429791],[138.9733564,34.6909569],[138.9874657,34.6581966],[138.9580422,34.6527713],[138.964132,34.6728723],[138.9482489,34.6738098],[138.9077297,34.6312421],[138.8911884,34.634878],[138.8434167,34.60086],[138.776655,34.640039],[138.7896697,34.6695222],[138.7391059,34.6901474],[138.7392958,34.7266228],[138.7769386,34.7599294],[138.7525,34.8005431],[138.7660267,34.8085092],[138.7527581,34.8242506],[138.7691475,34.8229956],[138.759803,34.8428647],[138.775885,34.8535589],[138.7528627,34.868214],[138.7563462,34.8845102],[138.7897984,34.9081871],[138.7622233,34.97239],[138.7771997,34.9710209],[138.7688294,34.982535],[138.787428,35.0303137],[138.8913738,35.0170181],[138.9073183,35.0484897],[138.8860368,35.0461808],[138.8183324,35.1118747],[138.6949471,35.1448517],[138.6849257,35.1441279],[138.6979961,35.1344203],[138.6446789,35.1174809],[138.5568925,35.1016732],[138.5236909,35.0426694],[138.4929899,35.0299648],[138.503735,34.9856771],[138.5040527,35.0154129],[138.533116,35.0146371],[138.5163393,34.9845202],[138.3557899,34.9137013],[138.3338204,34.8678697],[138.3243964,34.8725909],[138.3376516,34.8283693],[138.3018703,34.7788103],[138.2886958,34.7812368],[138.3057668,34.7774958],[138.2184241,34.7174301],[138.1958994,34.6659433],[138.1958165,34.6349096],[138.2338768,34.6052827],[138.2272131,34.5951323],[137.9736357,34.6650429],[137.8995515,34.6671785],[137.9075013,34.6599981],[137.800201,34.6462467],[137.5820833,34.6798956],[137.4849639,34.6741051]]]}},{"type":"Feature","properties":{"forecastAreaCode":"361","name":"石川県加賀","officialBoundary":true},"geometry":{"type":"MultiLineString","coordinates":[[[136.2438603,36.2952993],[136.2993468,36.3523569],[136.3465198,36.3654051],[136.4259091,36.4292473],[136.6374743,36.6580485],[136.7242841,36.7898593]],[[136.5981582,36.6232276],[136.5994412,36.6436485],[136.5981582,36.6232276]]]}},{"type":"Feature","properties":{"forecastAreaCode":"360","name":"石川県能登","officialBoundary":true},"geometry":{"type":"MultiLineString","coordinates":[[[136.7242841,36.7898593],[136.7676744,36.9028511],[136.7546247,36.9371321]],[[136.7546247,36.9371321],[136.7702053,36.9957707],[136.742998,37.0124166],[136.7465886,37.0301514],[136.7190913,37.0589408],[136.7274304,37.13515],[136.6694616,37.1472183],[136.6797399,37.2070147],[136.7338791,37.2794996],[136.7211008,37.3204542],[136.7375211,37.3480849],[136.8431263,37.4006523],[136.8985645,37.4071336],[136.924966,37.3950924],[137.0294873,37.4327871],[137.1444597,37.4989994],[137.2753021,37.5334252],[137.3277953,37.5292996],[137.3460792,37.5153566],[137.3402133,37.4827158],[137.3605057,37.4507029],[137.2533526,37.4280822],[137.237615,37.3791593],[137.2488578,37.354065],[137.2662334,37.3580037],[137.252474,37.3403529],[137.2676936,37.3367026],[137.2469712,37.3074944],[137.2301985,37.3116263],[137.2340416,37.2947046],[137.1511388,37.3066673],[137.1545313,37.2951784],[137.0982338,37.2784861],[137.0694763,37.2178743],[137.0255837,37.2047093],[137.0337604,37.1955565],[137.0108484,37.1832218],[136.9460278,37.2163171],[136.9621417,37.2364773],[136.9063381,37.2181972],[136.9301373,37.2062338],[136.906348,37.2032425],[136.9128839,37.1944029],[136.8732193,37.1457294],[136.9006852,37.1360774],[136.8928816,37.1107513],[136.8674416,37.1112274],[136.8591636,37.0762651],[136.8878491,37.0683248],[136.9154857,37.0917924],[136.98576,37.0479611],[137.0051546,37.057095],[137.0218239,37.1015255],[137.0576534,37.1088686],[137.0516967,36.9591743]],[[137.0377493,37.1681043],[137.0542183,37.1491959],[137.0405514,37.1387859],[137.0487422,37.1212949],[136.9954656,37.1184371],[136.9755844,37.0968722],[136.9454986,37.0910745],[136.9403579,37.1143201],[136.9019536,37.1406624],[136.9111433,37.1549691],[136.9233537,37.1303447],[136.9403928,37.1461979],[136.9770253,37.1399994],[136.9674839,37.1552921],[137.0046977,37.1351971],[137.0377493,37.1681043]],[[136.9219576,37.8553251],[136.9130551,37.8444602],[136.9219576,37.8553251]]]}},{"type":"Feature","properties":{"forecastAreaCode":"310","name":"千葉県九十九里・外房","officialBoundary":true},"geometry":{"type":"MultiLineString","coordinates":[[[140.8519744,35.7446671],[140.8816347,35.7308794],[140.8677982,35.7380413],[140.8658763,35.6924996],[140.8279127,35.7136956],[140.7285272,35.6840223],[140.7369936,35.6939931],[140.7145722,35.7004322],[140.6607324,35.6902903],[140.5266824,35.6032248],[140.4475514,35.5220854],[140.3952007,35.4133401],[140.3930885,35.3453259],[140.4150607,35.3056386],[140.4050264,35.2370266],[140.3771985,35.1810577],[140.3491308,35.1801611],[140.3113248,35.134456],[140.2990909,35.1511244],[140.232513,35.1151348],[140.2006236,35.1098153],[140.1917906,35.1272148],[140.1195829,35.1148735],[140.1022868,35.0765325],[139.9830765,35.0132463],[139.9608074,34.9678714],[139.9650112,34.9428994],[139.9419047,34.9174722],[139.8869154,34.8994738]]]}},{"type":"Feature","properties":{"forecastAreaCode":"311","name":"千葉県内房","officialBoundary":true},"geometry":{"type":"MultiLineString","coordinates":[[[139.8869154,34.8994738],[139.8368721,34.9029799],[139.8173238,34.9399937],[139.7528895,34.9668111],[139.7553106,34.9782773],[139.8194067,34.9781866],[139.8240757,34.9916042],[139.8494651,34.9852942],[139.8583325,34.9998868],[139.850919,35.0242985],[139.8103676,35.0375339],[139.8310827,35.042603],[139.8192122,35.0659152],[139.8424816,35.0862767],[139.8235281,35.1010095],[139.8392993,35.1310528],[139.8156577,35.1723589],[139.8297878,35.2032388],[139.8672666,35.2199479],[139.8687553,35.2425436],[139.8469072,35.2908424],[139.7839053,35.3128375]]]}},{"type":"Feature","properties":{"forecastAreaCode":"330","name":"相模湾・三浦半島","officialBoundary":true},"geometry":{"type":"MultiLineString","coordinates":[[[139.6097712,35.1378609],[139.6302331,35.1291877],[139.6097712,35.1378609]],[[139.7461584,35.2563679],[139.7332197,35.2408399],[139.7166804,35.2461197],[139.725059,35.2113415],[139.6867647,35.2076136],[139.6565285,35.1850344],[139.6778602,35.1393038],[139.6277897,35.1371903],[139.6048646,35.1446716],[139.6173051,35.1475972],[139.6106625,35.1634473],[139.6301252,35.1635924],[139.5988918,35.1957322],[139.6274456,35.2157153],[139.5761386,35.2535292],[139.5710465,35.2932209],[139.4455421,35.3187824],[139.3315852,35.3124876],[139.2105029,35.2782672],[139.1477731,35.2407781],[139.1360042,35.1813712],[139.1416534,35.1521952],[139.1618073,35.1415815],[139.1115967,35.1413669]]]}},{"type":"Feature","properties":{"forecastAreaCode":"510","name":"大阪府","officialBoundary":true},"geometry":{"type":"MultiLineString","coordinates":[[[135.0928267,34.3120118],[135.2228796,34.3472804],[135.3513643,34.4627795],[135.3534442,34.4508442],[135.3652168,34.4800656],[135.3759309,34.4732207],[135.3786469,34.5108852],[135.3671614,34.5170446],[135.3789913,34.5329378],[135.3900893,34.5054832],[135.4317533,34.5308544],[135.444786,34.5572208],[135.4092391,34.5578181],[135.4020961,34.5999623],[135.4208171,34.5696791],[135.4261899,34.5896237],[135.4523682,34.5647974],[135.4501121,34.5837346],[135.4664082,34.584587],[135.4255494,34.5933448],[135.4235909,34.6050302],[135.4466429,34.6009576],[135.4234251,34.6189842],[135.4412992,34.6261759],[135.4471606,34.614704],[135.4530699,34.6327382],[135.4499212,34.6466797],[135.4143139,34.6516674],[135.4262682,34.667823],[135.407732,34.672158],[135.4222597,34.679633],[135.4072975,34.6971008]],[[135.2333333,34.434091],[135.2651483,34.4376709],[135.2276872,34.4134758],[135.2294251,34.4308797],[135.2011645,34.4280918],[135.2542139,34.4511402],[135.2333333,34.434091]],[[135.3390747,34.4692983],[135.3472078,34.458686],[135.3324675,34.4447379],[135.3390747,34.4692983]],[[135.3547801,34.4887039],[135.3510642,34.4656313],[135.3547801,34.4887039]],[[135.3669738,34.4923171],[135.3646961,34.4801487],[135.3669738,34.4923171]],[[135.3969256,34.5319361],[135.3950433,34.5173226],[135.3969256,34.5319361]],[[135.4376693,34.5556256],[135.4216922,34.524909],[135.3991659,34.5364896],[135.4092745,34.5550435],[135.4202317,34.5379782],[135.4376693,34.5556256]],[[135.349357,34.6200696],[135.3532904,34.6324109],[135.349357,34.6200696]],[[135.3896587,34.6282764],[135.4206849,34.610781],[135.3896587,34.6282764]],[[135.4169129,34.6446772],[135.4418621,34.6283957],[135.3964857,34.6286754],[135.4169129,34.6446772]],[[135.3796253,34.6609181],[135.4045234,34.6537181],[135.3789389,34.6431892],[135.3796253,34.6609181]],[[135.4027559,34.6730827],[135.409776,34.6590407],[135.3868494,34.6626797],[135.4027559,34.6730827]]]}},{"type":"Feature","properties":{"forecastAreaCode":"801","name":"大東島地方","officialBoundary":true},"geometry":{"type":"MultiLineString","coordinates":[[[131.1818656,24.4723233],[131.1951121,24.4683119],[131.1818656,24.4723233]],[[131.2407342,25.8724194],[131.2733914,25.8529256],[131.2623281,25.8221957],[131.2314586,25.8128171],[131.2134178,25.8238892],[131.2200486,25.8658342],[131.2407342,25.8724194]],[[131.2859019,25.9610003],[131.3311617,25.9529571],[131.3228919,25.9314942],[131.2954522,25.9326822],[131.2859019,25.9610003]]]}},{"type":"Feature","properties":{"forecastAreaCode":"750","name":"大分県瀬戸内海沿岸","officialBoundary":true},"geometry":{"type":"MultiLineString","coordinates":[[[131.7394947,33.2597281],[131.7664812,33.2565226],[131.7394947,33.2597281]],[[131.1855716,33.6168494],[131.2385316,33.6011583],[131.2547341,33.6161426],[131.2819879,33.5801897],[131.4092656,33.5793507],[131.426911,33.5674705],[131.4230731,33.5948884],[131.4305831,33.5740732],[131.4240045,33.5930636],[131.469722,33.6145017],[131.5049757,33.6565376],[131.499892,33.6712801],[131.5293461,33.6730959],[131.5221637,33.6842017],[131.5755099,33.6750667],[131.5855844,33.6926081],[131.6162118,33.6749705],[131.6361278,33.6821469],[131.6516411,33.6605948],[131.6618081,33.6703981],[131.7393831,33.5713542],[131.7290622,33.5009172],[131.7395556,33.4663436],[131.7252647,33.4641566],[131.7014961,33.4059908],[131.6284578,33.4206051],[131.6500656,33.3840589],[131.5971343,33.3716653],[131.5930227,33.3471554],[131.5497237,33.3501161],[131.529887,33.3672741],[131.4988341,33.3602624],[131.5104504,33.2705422],[131.5892695,33.2456499],[131.6592492,33.2773508],[131.6687109,33.258315],[131.6637509,33.2780448],[131.684846,33.2662413],[131.6794241,33.2800554],[131.6919148,33.2794278],[131.7594392,33.2402275],[131.7545889,33.2523474],[131.8059882,33.2420031],[131.8744181,33.2495285],[131.8677766,33.2594772],[131.9030556,33.2674574]],[[131.6715403,33.73879],[131.7015641,33.7302028],[131.6310381,33.7185854],[131.6715403,33.73879]]]}},{"type":"Feature","properties":{"forecastAreaCode":"751","name":"大分県豊後水道沿岸","officialBoundary":true},"geometry":{"type":"MultiLineString","coordinates":[[[131.9270891,32.7269685],[131.9259078,32.7144525],[131.9270891,32.7269685]],[[131.9085677,32.7808409],[131.9238178,32.7700864],[131.9085677,32.7808409]],[[132.075,32.9774782],[132.071985,32.9527081],[132.0602814,32.9640172],[132.075,32.9774782]],[[131.9352817,33.0160576],[131.9263142,32.9966408],[131.9449167,32.9939319],[131.9154699,32.9811261],[131.9196539,33.0128222],[131.9352817,33.0160576]],[[132.0109811,33.1114796],[132.0036458,33.0971001],[132.0109811,33.1114796]],[[131.9794341,33.1611533],[131.9702128,33.1556704],[131.9794341,33.1611533]],[[131.9922139,33.1713168],[131.9800488,33.1625719],[131.9922139,33.1713168]],[[131.9030556,33.2674574],[131.8757732,33.2445527],[131.8691939,33.2013545],[131.832808,33.1810875],[131.8285605,33.1501149],[131.7983674,33.1271543],[131.8434381,33.1143003],[131.9009322,33.1347756],[131.9155274,33.1250607],[131.9009948,33.1101522],[131.8514858,33.0895371],[131.8857531,33.0728537],[131.8850091,33.0843427],[131.9110172,33.0826189],[131.9124502,33.0665418],[131.9292864,33.0673864],[131.9406887,33.09688],[131.9429678,33.0694561],[131.974008,33.0621331],[132.0027952,33.0963156],[131.9955942,33.0798005],[132.0179861,33.059625],[131.97571,33.0461956],[131.9297307,33.0525973],[131.9010711,33.0101519],[131.9082431,32.9992931],[131.8985636,33.0067572],[131.8896949,32.9911123],[131.9596061,32.9455717],[131.9606608,32.9604739],[131.9751592,32.9636508],[131.9823456,32.9392706],[132.0032944,32.9588814],[132.0034469,32.9323675],[132.0339447,32.9396903],[132.0333347,32.9540414],[132.0853613,32.9330429],[132.0260799,32.9354391],[132.0086316,32.9251327],[132.0097089,32.9058169],[131.9768136,32.922692],[131.9862797,32.8893467],[132.0156146,32.8905731],[131.9616214,32.8468447],[131.9496781,32.8549362],[131.9566491,32.8412662],[131.9423972,32.8367742],[131.9628113,32.8187794],[131.9632,32.8382998],[131.9819709,32.825],[131.9747581,32.8445528],[131.9860592,32.8462886],[132.0079744,32.8266314],[131.9711958,32.7917047],[131.9472181,32.8062633],[131.9366633,32.7844728],[131.9252723,32.8010853],[131.9201978,32.7852553],[131.8963856,32.7871528],[131.8899804,32.8048089],[131.8962443,32.7643864],[131.8798791,32.7913034],[131.8685166,32.7748252],[131.8857072,32.7458681]]]}},{"type":"Feature","properties":{"forecastAreaCode":"522","name":"淡路島南部","officialBoundary":true},"geometry":{"type":"MultiLineString","coordinates":[[[134.821445,34.1795406],[134.8305937,34.1644454],[134.8125813,34.1561933],[134.821445,34.1795406]],[[134.9478001,34.2980275],[134.9571724,34.2763742],[134.9478001,34.2980275]],[[134.8947786,34.3989883],[134.8936566,34.3522411],[134.9534767,34.269827],[134.7973898,34.1973226],[134.7297302,34.1890007],[134.7302941,34.2071276],[134.6997778,34.2221991],[134.7225884,34.2555978],[134.6579198,34.2411301],[134.6760024,34.2558809],[134.6547036,34.2944403],[134.6873571,34.3311756],[134.7296231,34.3295553],[134.7406148,34.3524513]]]}},{"type":"Feature","properties":{"forecastAreaCode":"730","name":"長崎県西方","officialBoundary":true},"geometry":{"type":"MultiLineString","coordinates":[[[128.3565631,32.0081253],[128.3490119,31.9887409],[128.3436885,32.0052005],[128.3565631,32.0081253]],[[128.3940088,32.0542679],[128.4159603,32.0506836],[128.3814753,32.0384468],[128.3940088,32.0542679]],[[129.7866018,32.5707787],[129.7913187,32.5570033],[129.7751173,32.5492821],[129.7866018,32.5707787]],[[130.2079154,32.6044612],[130.187082,32.6116857],[130.1975064,32.6009881],[130.1673763,32.5907221],[130.168831,32.6208825],[130.1272811,32.6511389],[130.1266272,32.6889792],[130.1550626,32.683208],[130.2064356,32.7274928],[130.2077171,32.7530155],[130.1840224,32.763413],[130.1929721,32.7833139],[130.0862599,32.7950319],[130.0243653,32.7584225],[129.9494578,32.7605067],[129.9565526,32.7415072],[129.9257555,32.7078343],[129.9131081,32.7125536],[129.8957894,32.6618954],[129.8386462,32.641255],[129.8376624,32.6207514],[129.7813551,32.5715606],[129.7642407,32.5831227],[129.7382762,32.5698982],[129.8170261,32.654665],[129.8203443,32.6852114],[129.8033034,32.6780256],[129.7923003,32.6949277],[129.8300886,32.7083291],[129.8199619,32.6950157],[129.8372271,32.6888042],[129.8706864,32.7487044],[129.845582,32.7201349],[129.8154443,32.7181702],[129.8297561,32.7439659],[129.8045578,32.7440642],[129.8144941,32.7590113],[129.7970353,32.7600726],[129.8025125,32.7760649],[129.7657364,32.8001228],[129.7771085,32.8189757],[129.7459469,32.8221251],[129.7375071,32.8056881],[129.7179503,32.8338805],[129.7016577,32.8310821],[129.6522568,32.9309549],[129.6337261,32.9254603],[129.6268531,32.9781403],[129.6617981,33.0003778],[129.6469397,33.0374219],[129.6783833,33.0624319],[129.6598975,33.0698872],[129.6780894,33.0775503],[129.66161,33.0770358],[129.6772242,33.0991806],[129.7189947,33.0818064],[129.7138657,33.0711099],[129.7297591,33.0753514],[129.7270789,33.0466283],[129.7496703,33.0602667],[129.7622219,33.0489694],[129.7329392,33.0166161],[129.7387289,32.9886106],[129.7598903,32.9934758],[129.7641292,33.0218933],[129.8227342,32.9817792],[129.8068311,32.961213],[129.8131267,32.9199155],[129.7980639,32.922546],[129.7984996,32.9545084],[129.7833686,32.9413348],[129.7938146,32.9148143],[129.7835129,32.9079716],[129.8069171,32.9087068],[129.8109929,32.8948111],[129.788582,32.867116],[129.8172507,32.8633383],[129.8479737,32.831789],[129.850655,32.8589905],[129.8690104,32.8444193],[129.8808202,32.8822187],[129.9333011,32.8572566],[129.9517177,32.8631939],[129.9762032,32.8375905],[130.004954,32.840474],[129.9307016,32.9237179],[129.9283272,32.9686926],[129.9509744,32.9872355],[129.9323716,33.02661],[129.8749101,33.0654182],[129.8220243,33.0367253],[129.8209211,33.0552738],[129.8376644,33.0591789],[129.7981104,33.0662263],[129.7939904,33.1383857],[129.7545254,33.1473304],[129.7314183,33.1241065],[129.7169002,33.1666091],[129.6989342,33.1603942],[129.7116824,33.1159906],[129.674378,33.1200724],[129.6657293,33.1015481],[129.6572791,33.1332069],[129.6811812,33.1260729],[129.6982782,33.141794],[129.6707181,33.1688868],[129.635341,33.1670164],[129.6564482,33.1841862],[129.6396069,33.2231857],[129.6272348,33.1873397],[129.6218026,33.2166129],[129.6006215,33.2071349],[129.6146745,33.2243213],[129.5957853,33.2087108],[129.5525098,33.2175982],[129.5684698,33.2292782],[129.5561811,33.2452001],[129.5718643,33.2739103],[129.5923898,33.2769583],[129.583907,33.2919962],[129.6225886,33.3099057],[129.587358,33.3048503],[129.5621892,33.3245342],[129.5760598,33.3323327],[129.56944,33.3777506],[129.6445123,33.3642257],[129.6724036,33.399487],[129.6856781,33.3874068],[129.6681916,33.3658772],[129.6777838,33.3530574],[129.6969882,33.3613082],[129.6933401,33.3511054],[129.7147794,33.3479004],[129.7453713,33.3670457],[129.7711122,33.3544608],[129.7834158,33.3728366],[129.7908143,33.3403991]],[[128.9055289,32.5712492],[128.8924272,32.5634236],[128.9055289,32.5712492]],[[128.7180464,32.5829194],[128.7079525,32.5792094],[128.7180464,32.5829194]],[[128.9255442,32.5987186],[128.9148022,32.5949858],[128.9255442,32.5987186]],[[128.8315039,32.6056214],[128.8402728,32.5952508],[128.8315039,32.6056214]],[[129.7513039,32.6670956],[129.7536353,32.6481036],[129.7513039,32.6670956]],[[129.7808386,32.7025217],[129.7797691,32.6902401],[129.7808386,32.7025217]],[[129.7612965,32.7152569],[129.7820533,32.7034586],[129.7612965,32.7152569]],[[128.6346197,32.6798175],[128.6360006,32.6462917],[128.6222281,32.6376594],[128.6156953,32.6578558],[128.6346197,32.6798175]],[[128.898245,32.7118458],[128.8972453,32.6939894],[128.898245,32.7118458]],[[129.9654488,32.7621391],[129.9892579,32.7503598],[129.9654488,32.7621391]],[[128.8628817,32.7313708],[128.8627347,32.7200642],[128.8628817,32.7313708]],[[128.8796328,32.7507886],[128.8691275,32.7400589],[128.8796328,32.7507886]],[[128.6060736,32.7404856],[128.5915283,32.7125381],[128.6060736,32.7404856]],[[129.7569358,32.8130261],[129.7678371,32.8080173],[129.7569358,32.8130261]],[[128.9578922,32.7770297],[128.9657522,32.7617786],[128.9578922,32.7770297]],[[128.9929481,32.7909961],[129.0073269,32.7546922],[128.9633306,32.7466853],[128.9880378,32.7565639],[128.9929481,32.7909961]],[[128.8088117,32.7981011],[128.8042733,32.7749992],[128.8262045,32.7602399],[128.803602,32.7518554],[128.8335492,32.7608075],[128.8267644,32.7398239],[128.8326561,32.7521247],[128.8555622,32.7460128],[128.8392207,32.7135338],[128.8487356,32.6888555],[128.8967194,32.6541036],[128.8930272,32.6408403],[128.8211786,32.6361253],[128.8071789,32.6555734],[128.7701026,32.6447504],[128.7617566,32.6197413],[128.7937456,32.5987983],[128.7717356,32.5739042],[128.7355394,32.6074236],[128.6656386,32.6084028],[128.6562267,32.5904228],[128.5985189,32.6122706],[128.6115261,32.6469569],[128.62268,32.6341827],[128.6125178,32.6210772],[128.6262633,32.6273978],[128.6430245,32.6038296],[128.667631,32.6300269],[128.6357667,32.6284292],[128.6550869,32.6421469],[128.6438053,32.6540333],[128.6671681,32.6450792],[128.6497719,32.657315],[128.6714228,32.6512739],[128.6633447,32.6670078],[128.6791792,32.6719761],[128.6494178,32.6799419],[128.6476842,32.7000589],[128.6639892,32.7006456],[128.6451642,32.7240778],[128.6509753,32.7754581],[128.6644994,32.7847719],[128.6970792,32.7667036],[128.6979792,32.7375014],[128.7370308,32.7575017],[128.7245796,32.7469378],[128.7422,32.7509222],[128.7387641,32.7384799],[128.7577667,32.7690661],[128.7736619,32.7343039],[128.7734236,32.7506072],[128.7987508,32.7552324],[128.76572,32.7616633],[128.8088117,32.7981011]],[[128.9342719,32.8076556],[128.9279133,32.7999031],[128.9342719,32.8076556]],[[128.8639691,32.8447611],[128.9106542,32.7983892],[128.8793775,32.7635354],[128.8349147,32.7823075],[128.8378244,32.8383258],[128.8612364,32.8349033],[128.8626052,32.8018359],[128.8773776,32.7987476],[128.8639691,32.8447611]],[[129.0379236,32.8537994],[129.0406019,32.8433978],[129.0379236,32.8537994]],[[129.6021189,32.8911756],[129.5907185,32.8806931],[129.6021189,32.8911756]],[[129.0346103,32.8828225],[129.0354722,32.8679725],[129.0346103,32.8828225]],[[128.9415753,32.884675],[128.9647231,32.8514411],[128.9585917,32.8287539],[128.9418242,32.82806],[128.95206,32.8157017],[128.9404439,32.7995819],[128.9350917,32.8287589],[128.9343909,32.8159799],[128.9142744,32.8207867],[128.9287733,32.8233183],[128.9200783,32.8432372],[128.872635,32.8618181],[128.9067411,32.8747686],[128.9331683,32.8378931],[128.9225889,32.8701178],[128.9431033,32.8492782],[128.9415753,32.884675]],[[129.9018565,32.9290267],[129.9267873,32.9074604],[129.9018565,32.9290267]],[[128.9171119,32.8969139],[128.9046369,32.8894886],[128.9171119,32.8969139]],[[129.5985222,32.9476892],[129.6236794,32.9377658],[129.6162069,32.9170261],[129.5973439,32.9251494],[129.5985222,32.9476892]],[[128.9899731,32.9329967],[129.0329667,32.8969111],[129.0268381,32.8443617],[129.0139901,32.8679292],[128.9805718,32.8584888],[128.9657508,32.8726617],[128.9616494,32.9036297],[129.0044108,32.8815427],[129.0013373,32.9025415],[128.9804417,32.9041486],[128.9899731,32.9329967]],[[128.9630803,32.9324831],[128.9625311,32.9044583],[128.9304611,32.9183433],[128.9564333,32.9160664],[128.9630803,32.9324831]],[[128.9900586,32.9656953],[128.9831475,32.9438322],[128.9900586,32.9656953]],[[129.6502281,33.0095953],[129.6516739,32.9870181],[129.6502281,33.0095953]],[[129.5449456,33.0083931],[129.5541808,33.0011039],[129.5449456,33.0083931]],[[129.0248378,32.9935294],[129.0258147,32.9754044],[129.0248378,32.9935294]],[[129.3531306,33.0210333],[129.3624331,33.00425],[129.3458353,32.9975692],[129.3531306,33.0210333]],[[129.5618742,33.0304533],[129.5903869,33.0220592],[129.5547597,33.0005792],[129.5756915,33.0205614],[129.5618742,33.0304533]],[[129.1889336,33.0199508],[129.1965614,33.0077342],[129.1759139,33.0094811],[129.1889336,33.0199508]],[[129.2473242,33.0231989],[129.2610806,33.0205889],[129.2558917,33.0016406],[129.2338556,32.9887456],[129.2394977,32.999551],[129.2217494,33.000935],[129.2473242,33.0231989]],[[129.0319017,33.0148997],[129.0048433,33.0026958],[129.0319017,33.0148997]],[[129.6373873,33.0448647],[129.6292564,33.02759],[129.6373873,33.0448647]],[[129.6087778,33.0652981],[129.6384958,33.0601406],[129.6093869,33.0221272],[129.5888275,33.0269478],[129.6087778,33.0652981]],[[129.7808396,33.0768719],[129.784603,33.0659607],[129.7808396,33.0768719]],[[129.7682324,33.1434433],[129.7950473,33.1358283],[129.795157,33.0911429],[129.76605,33.0766749],[129.7636789,33.0981013],[129.7577905,33.0804829],[129.7813374,33.0619216],[129.7662702,33.0499965],[129.7420345,33.0617516],[129.7493059,33.0775383],[129.7288219,33.1001198],[129.7541983,33.1000418],[129.7436424,33.1214992],[129.7608063,33.1138001],[129.7682324,33.1434433]],[[129.6749511,33.1432651],[129.6805317,33.1347735],[129.6749511,33.1432651]],[[129.543887,33.1517353],[129.5499767,33.1363661],[129.5363098,33.1310141],[129.5036906,33.1403888],[129.543887,33.1517353]],[[129.1130019,33.1642494],[129.1029833,33.1241603],[129.1201956,33.0988764],[129.1141522,33.0629106],[129.0912539,33.0384803],[129.0870752,32.9842037],[129.1217894,32.9843777],[129.1655497,33.0087931],[129.1832992,33.0021633],[129.1830925,32.9729917],[129.1404189,32.9368344],[129.1178044,32.9385186],[129.1015941,32.9615209],[129.1093953,32.9264253],[129.0844171,32.9262536],[129.0954683,32.9033278],[129.0811736,32.8958482],[129.1001775,32.8599231],[129.0660761,32.8625178],[129.0593925,32.8163133],[129.04326,32.8223344],[129.0398058,32.8816781],[129.0498569,32.8743997],[129.0429447,32.8856019],[129.0576506,32.8782564],[129.0599875,32.8889961],[129.0379886,32.9085022],[129.0602603,32.8952508],[129.0677879,32.9043514],[129.0506961,32.9214531],[129.0262144,32.9195292],[129.0409775,32.9299986],[129.0355258,32.9458214],[129.0228286,32.9320392],[129.0147483,32.9491158],[128.9916906,32.9438494],[129.0049393,32.945477],[128.9970575,32.9650922],[129.0123114,32.9765033],[129.03002,32.9605883],[129.0476803,32.9762503],[129.0499269,32.9593936],[129.0658077,32.9809837],[129.0437758,32.9864489],[129.0422994,33.0277178],[129.0681772,33.0459647],[129.0696787,33.0197099],[129.0880928,33.0246042],[129.0742283,33.0565175],[129.1076458,33.0878719],[129.0942836,33.1214147],[129.1130019,33.1642494]],[[129.5907782,33.1938611],[129.5815868,33.1607403],[129.5905618,33.1710725],[129.5775891,33.1865094],[129.5907782,33.1938611]],[[129.6000793,33.1998128],[129.5982648,33.1890201],[129.6000793,33.1998128]],[[129.0242981,33.175497],[129.0182019,33.1652119],[129.0242981,33.175497]],[[128.9024297,33.1741064],[128.8938528,33.1676056],[128.9024297,33.1741064]],[[129.5829743,33.2079041],[129.5953129,33.2044293],[129.5829743,33.2079041]],[[128.9869972,33.1936203],[128.9788822,33.1862119],[128.9869972,33.1936203]],[[129.1227642,33.2137158],[129.1435986,33.1921686],[129.1323167,33.1585164],[129.1227642,33.2137158]],[[129.0235867,33.2131103],[129.0122861,33.2008933],[129.0235867,33.2131103]],[[129.0569158,33.2200061],[129.0676011,33.2067519],[129.0979278,33.2153669],[129.0797466,33.2079445],[129.0944356,33.1914517],[129.0496575,33.1828028],[129.0300025,33.1963269],[129.0569158,33.2200061]],[[129.0668903,33.2280908],[129.0688947,33.2169508],[129.0668903,33.2280908]],[[129.0665514,33.2628119],[129.0709111,33.2445177],[129.0558869,33.2575869],[129.0665514,33.2628119]],[[129.1286479,33.3022431],[129.1568775,33.2719122],[129.1281767,33.2466959],[129.0725413,33.259664],[129.0854738,33.2836009],[129.1286479,33.3022431]],[[129.7969678,33.4146411],[129.8317356,33.4058314],[129.8339051,33.3838284],[129.8586917,33.3755482],[129.8076192,33.3505556],[129.8135442,33.3997711],[129.7969678,33.4146411]],[[129.5545456,33.4095442],[129.5531133,33.3690612],[129.5701474,33.3571],[129.5457929,33.3486977],[129.5443725,33.3306685],[129.5138463,33.3304461],[129.5321044,33.3113819],[129.5004636,33.3005806],[129.5100114,33.2876547],[129.4767616,33.2879784],[129.5047383,33.2694747],[129.4638097,33.2141028],[129.3936683,33.1733481],[129.3485103,33.1822939],[129.35667,33.2075428],[129.3651888,33.1873418],[129.3999162,33.1800309],[129.4073879,33.1959582],[129.3804161,33.20799],[129.3822725,33.2276311],[129.4348954,33.2359962],[129.4036844,33.2653742],[129.4240339,33.2906858],[129.4471646,33.291798],[129.4325275,33.3143858],[129.4374706,33.3479828],[129.4986244,33.3554297],[129.51221,33.3817367],[129.5240627,33.35453],[129.5246814,33.3801528],[129.552435,33.3812743],[129.5178436,33.4000844],[129.5545456,33.4095442]],[[129.6871036,33.4230994],[129.6848553,33.4060292],[129.6871036,33.4230994]],[[129.4345878,33.4406889],[129.4371364,33.3577956],[129.4150933,33.3509978],[129.3974036,33.3611219],[129.4345878,33.4406889]],[[129.5305783,33.4543689],[129.5447772,33.4404289],[129.5056539,33.4251576],[129.5305783,33.4543689]],[[129.7189983,33.4637833],[129.7273475,33.4504914],[129.7189983,33.4637833]],[[129.7549472,33.4704497],[129.7932433,33.4302383],[129.7634369,33.4336142],[129.7581311,33.41539],[129.7313628,33.4062847],[129.7188311,33.4189461],[129.7452751,33.42993],[129.7549472,33.4704497]],[[129.556445,33.5107614],[129.5538538,33.4892732],[129.5835236,33.4957225],[129.5756922,33.4814611],[129.55211,33.4691833],[129.5284144,33.486455],[129.5132061,33.4806922],[129.5213367,33.4715392],[129.4966228,33.4718131],[129.556445,33.5107614]]]}},{"type":"Feature","properties":{"forecastAreaCode":"540","name":"鳥取県","officialBoundary":true},"geometry":{"type":"MultiLineString","coordinates":[[[133.2747869,35.5487173],[133.2669071,35.5217852],[133.2606329,35.5361657],[133.2747869,35.5487173]],[[133.2446212,35.549112],[133.2718284,35.5523376],[133.245014,35.5309663],[133.2896582,35.4800958],[133.4020415,35.4527862],[133.4271185,35.4618134],[133.4473544,35.4948975],[133.5638661,35.5306818],[133.780826,35.5005896],[133.9263793,35.5088558],[134.0075661,35.5378912],[134.0337563,35.5184853],[134.1961031,35.532712],[134.1916213,35.5470527],[134.2693985,35.5590073],[134.2936368,35.5892665],[134.3351066,35.5923824],[134.3397408,35.6082537],[134.365949,35.6019029],[134.3699444,35.6145847]]]}},{"type":"Feature","properties":{"forecastAreaCode":"550","name":"島根県出雲・石見","officialBoundary":true},"geometry":{"type":"MultiLineString","coordinates":[[[131.6906217,34.681045],[131.7470736,34.6757242],[131.849306,34.7113344],[131.874715,34.7426628],[131.8647731,34.7555058],[131.9461524,34.792396],[131.9546406,34.8163625],[132.0080238,34.8472113],[132.0083542,34.8684669],[132.035952,34.882069],[132.0566671,34.8728544],[132.0634659,34.9050724],[132.1124601,34.9531434],[132.2346252,35.037604],[132.3100486,35.0571578],[132.3239572,35.0894769],[132.3890044,35.1314022],[132.3814372,35.1464564],[132.4176408,35.1907044],[132.6285205,35.287873],[132.6625205,35.3309495],[132.6749147,35.3826736],[132.67035,35.4018937],[132.6228875,35.4184292],[132.6291336,35.4351556],[132.6866011,35.4406589],[132.6848061,35.4517286],[132.753432,35.447564],[132.7591992,35.4564784],[132.7267697,35.4706181],[132.8649472,35.51319],[132.9710025,35.5158131],[132.9680144,35.5434742],[133.0281867,35.5384292],[133.0286986,35.5556514],[133.0599653,35.5646544],[133.0477003,35.5780392],[133.0982063,35.5801028],[133.0901408,35.6037531],[133.1249442,35.5762419],[133.1404497,35.5809825],[133.1299364,35.5771658],[133.1418053,35.5607225],[133.1611806,35.5720297],[133.1920181,35.5621933],[133.1918067,35.5802728],[133.2116817,35.5671533],[133.2171453,35.5816003],[133.3268136,35.5678578],[133.2446212,35.549112]]]}},{"type":"Feature","properties":{"forecastAreaCode":"312","name":"東京湾内湾","officialBoundary":true},"geometry":{"type":"MultiLineString","coordinates":[[[139.9720681,35.6709007],[139.9776641,35.6795039],[139.9605384,35.6789707],[139.9719938,35.6708967]],[[139.7765898,35.6361133],[139.7676569,35.6220771],[139.7867298,35.6018404],[139.7765898,35.6361133]],[[139.7580072,35.6337979],[139.7531324,35.6189911],[139.7580072,35.6337979]],[[139.8401158,35.6311601],[139.8258513,35.6306991],[139.8280457,35.6120348],[139.8401158,35.6311601]],[[139.8208213,35.6288277],[139.8072544,35.6271304],[139.8208213,35.6288277]],[[139.755006,35.6177078],[139.7540741,35.5783401],[139.7851355,35.5772495],[139.755006,35.6177078]],[[139.7976276,35.6173797],[139.7852881,35.6251334],[139.7976276,35.6173797]],[[139.8100913,35.6135466],[139.7904365,35.5924855],[139.8189442,35.6088758],[139.8100913,35.6135466]],[[139.8266364,35.5975965],[139.8202599,35.6074921],[139.7933611,35.5928271],[139.8134262,35.5787285],[139.8266364,35.5975965]],[[140.0916702,35.587856],[140.0861099,35.56945],[140.1117225,35.5704375],[140.0916702,35.587856]],[[139.7642289,35.575],[139.7656106,35.5648963],[139.7642289,35.575]],[[139.8166667,35.5332591],[139.8260278,35.5415702],[139.799847,35.5229175],[139.8166667,35.5332591]],[[139.7569598,35.5266589],[139.7538283,35.5085754],[139.7660328,35.5135636],[139.7569598,35.5266589]],[[139.7712031,35.5062183],[139.7362833,35.4944537],[139.7456106,35.4850133],[139.7844277,35.5020295],[139.7712031,35.5062183]],[[139.7831354,35.4948624],[139.7506151,35.4808927],[139.7831354,35.4948624]],[[139.7340577,35.4947862],[139.7002663,35.4786851],[139.7127074,35.4642539],[139.7418436,35.4770251],[139.7340577,35.4947862]],[[139.6457004,35.474711],[139.6555427,35.4641256],[139.6457004,35.474711]],[[139.6947494,35.4652813],[139.6701529,35.463097],[139.6937313,35.4478624],[139.7071831,35.4566788],[139.6846929,35.4588605],[139.6947494,35.4652813]],[[139.6921381,35.4100813],[139.6712628,35.4017472],[139.6823719,35.3931591],[139.6921381,35.4100813]],[[139.7461584,35.2563679],[139.6909949,35.2664842],[139.6739673,35.3005779],[139.6608038,35.2828824],[139.6335234,35.2956424],[139.6618732,35.3282681],[139.6219914,35.3314733],[139.6569533,35.3419349],[139.658273,35.3785439],[139.6219836,35.3953473],[139.6454669,35.4029301],[139.6296977,35.4133561],[139.6691101,35.4025872],[139.6879271,35.429847],[139.6881362,35.4424535],[139.6783062,35.4303795],[139.6810958,35.4417356],[139.6689897,35.4393358],[139.6731211,35.4508967],[139.6602808,35.4412588],[139.6350633,35.4555013],[139.6483235,35.4803845],[139.6739597,35.4844998],[139.6759255,35.4692148],[139.6928008,35.4814064],[139.6879755,35.4953051],[139.696301,35.4840444],[139.7162892,35.5061933],[139.7313681,35.4990636],[139.7303108,35.515296],[139.7338121,35.5006038],[139.7487711,35.5068442],[139.7378636,35.5147134],[139.7517271,35.5332832],[139.7753384,35.5099528],[139.7999134,35.5104958],[139.774464,35.5322243],[139.8091712,35.538786],[139.7864665,35.5699877],[139.7497842,35.5666258],[139.7647596,35.6563834],[139.7727878,35.6460388],[139.7918172,35.6552743],[139.7760861,35.6420324],[139.797694,35.6478636],[139.7786509,35.6372692],[139.7986186,35.6217623],[139.8091746,35.6456816],[139.8344804,35.6440676],[139.8206295,35.6297434],[139.8708271,35.6388918],[139.8975853,35.6166174],[139.9000851,35.6316787],[139.9395066,35.6404889],[139.9181832,35.6553537],[139.9476623,35.6695451],[139.9318228,35.6747503],[139.9845053,35.6909006],[139.985869,35.6638358],[140.0027751,35.6634538],[139.9874612,35.6544675],[140.013679,35.6575217],[140.0839136,35.5967797],[140.0830054,35.6138941],[140.0998478,35.6047377],[140.0889739,35.5945409],[140.1176694,35.5965565],[140.1121134,35.5704518],[140.1268949,35.5676733],[140.0910252,35.5644788],[140.115627,35.5503559],[140.0882461,35.5519538],[140.0960887,35.5354016],[140.0663491,35.5533903],[140.0606776,35.5300646],[140.0369199,35.5175396],[140.0459086,35.5113987],[140.0252186,35.5016362],[140.036226,35.495293],[140.0097632,35.4862427],[140.023556,35.4681053],[140.0025399,35.4825524],[139.9933683,35.4532395],[139.9820262,35.4747919],[139.9656901,35.468514],[139.9744606,35.4484722],[139.9551434,35.4438033],[139.9647282,35.4529827],[139.9510923,35.4561382],[139.9486417,35.4422214],[139.9010268,35.4296471],[139.9006049,35.4008869],[139.9185926,35.3874946],[139.8878148,35.3708881],[139.8978997,35.3583728],[139.8458984,35.3754739],[139.8591648,35.3480538],[139.8374667,35.3590651],[139.8214766,35.3462439],[139.8402713,35.3344104],[139.8213341,35.323329],[139.8200444,35.3336558],[139.8197716,35.3164871],[139.7839053,35.3128375]],[[139.6518424,35.3074184],[139.6497157,35.2942709],[139.6518424,35.3074184]]]}},{"type":"Feature","properties":{"forecastAreaCode":"580","name":"徳島県","officialBoundary":true},"geometry":{"type":"MultiLineString","coordinates":[[[134.3141675,33.5403133],[134.3143715,33.5401128]],[[134.3177775,33.5489497],[134.3238061,33.540185],[134.3177775,33.5489497]],[[134.4858683,33.6453719],[134.5049003,33.6400406],[134.4832617,33.6330578],[134.4858683,33.6453719]],[[134.7402913,33.8528918],[134.7276042,33.8475139],[134.7402913,33.8528918]],[[134.8196936,33.8577125],[134.8092511,33.8400675],[134.8196936,33.8577125]],[[134.6567344,33.8675119],[134.6492405,33.8540505],[134.6567344,33.8675119]],[[134.6797626,33.8696799],[134.6728405,33.8598688],[134.6797626,33.8696799]],[[134.6,34.0384264],[134.6092975,34.0464117],[134.6,34.0384264]],[[134.6,34.0683076],[134.5971493,34.0506948],[134.6,34.0683076]],[[134.4402067,34.2078539],[134.5061735,34.2258064],[134.5722644,34.2224804],[134.5668261,34.2341314],[134.5876484,34.2402062],[134.5853755,34.201749],[134.6418462,34.1802613],[134.6162425,34.1444301],[134.6233959,34.128164],[134.6033406,34.1163244],[134.6079664,34.0906744],[134.5839763,34.0428185],[134.6010876,34.0179214],[134.5882724,34.0080865],[134.6147444,33.9972445],[134.6075139,33.9827296],[134.6391901,34.0078029],[134.7116467,33.9257934],[134.6752257,33.8797258],[134.6533349,33.882435],[134.628792,33.8569482],[134.6466709,33.866594],[134.6433212,33.8429019],[134.6925223,33.8543809],[134.7202621,33.8450267],[134.6801865,33.8303226],[134.750194,33.8339034],[134.6413611,33.7806303],[134.6200303,33.7865742],[134.6020586,33.7640992],[134.5819783,33.7716592],[134.5667947,33.732626],[134.5451474,33.7375948],[134.5168605,33.7013736],[134.3971443,33.6569387],[134.3625181,33.6280769],[134.3899269,33.6233197],[134.3638903,33.5886006],[134.3317306,33.5831078],[134.3637047,33.5801611],[134.3178356,33.5818256],[134.3046459,33.561977],[134.3199306,33.5550603],[134.3056553,33.5486175]],[[134.6436602,34.2395376],[134.6257224,34.186642],[134.5899535,34.2026501],[134.6215391,34.210505],[134.6167089,34.2320862],[134.6436602,34.2395376]],[[134.6072361,34.2516493],[134.6172459,34.2330731],[134.5911251,34.2139967],[134.6072361,34.2516493]]]}},{"type":"Feature","properties":{"forecastAreaCode":"350","name":"富山県","officialBoundary":true},"geometry":{"type":"MultiLineString","coordinates":[[[137.0753191,36.802415],[137.0643766,36.8116274],[137.0753191,36.802415]],[[137.0516967,36.9591743],[136.9848891,36.8768374],[137.0083506,36.8357503],[137.0828057,36.7841025],[137.1142954,36.7820428],[137.0922001,36.7704314],[137.125589,36.7580543],[137.1189292,36.7842196],[137.1812382,36.7576445],[137.2291169,36.7669391],[137.3010667,36.7556666],[137.392924,36.8072813],[137.42581,36.9250211],[137.4926669,36.9548572],[137.6349847,36.9797979]]]}},{"type":"Feature","properties":{"forecastAreaCode":"370","name":"福井県","officialBoundary":true},"geometry":{"type":"MultiLineString","coordinates":[[[135.4865996,35.5579363],[135.4687508,35.5303316],[135.5020398,35.5241056],[135.4990399,35.5537524],[135.5163113,35.5513046],[135.5071694,35.506242],[135.5189374,35.4937994],[135.5729176,35.4923834],[135.6608637,35.5477447],[135.6694969,35.5246056],[135.6309534,35.5221787],[135.6422478,35.5079777],[135.6268908,35.4886913],[135.5810125,35.4900533],[135.6473093,35.4782357],[135.6624339,35.4937148],[135.7006827,35.4945965],[135.7176798,35.4837519],[135.7650376,35.533995],[135.7179382,35.5197544],[135.7167821,35.5407438],[135.688621,35.5462413],[135.7146444,35.5698654],[135.7498791,35.5666077],[135.757061,35.5432663],[135.7700172,35.5438796],[135.7659333,35.5573063],[135.7984386,35.5249588],[135.8337346,35.5359034],[135.8013559,35.5713204],[135.8397808,35.5631941],[135.8556273,35.6003276],[135.831835,35.6031208],[135.8388565,35.6208725],[135.8146978,35.6422866],[135.8462111,35.6354543],[135.8677894,35.6081237],[135.9069314,35.6252907],[135.9262213,35.6101737],[135.9499224,35.6338752],[135.9787557,35.6279428],[135.9860601,35.6425441],[135.963135,35.6570626],[135.9756445,35.6976491],[135.9706736,35.7120889],[135.9558277,35.7029245],[135.9541719,35.7217509],[136.0174208,35.7640403],[136.0443465,35.7054562],[136.0255429,35.680329],[136.0458442,35.6576828],[136.0725208,35.6609108],[136.0579797,35.6643807],[136.086113,35.6847103],[136.0784802,35.7034026],[136.0986566,35.7257673],[136.0856869,35.7392265],[136.0999255,35.7466765],[136.1001338,35.7785865],[136.0705661,35.824597],[135.9936542,35.8875921],[135.9973692,35.9348122],[135.9576943,35.9825108],[136.0105753,36.0332533],[136.0277821,36.0958448],[136.0932528,36.1530439],[136.1124655,36.2053773],[136.128832,36.1915994],[136.1222455,36.2491436],[136.1749093,36.2536452],[136.2438603,36.2952993]],[[135.486861,35.558048],[135.4866705,35.5579663]]]}},{"type":"Feature","properties":{"forecastAreaCode":"710","name":"福岡県瀬戸内海沿岸","officialBoundary":true},"geometry":{"type":"MultiLineString","coordinates":[[[131.0130549,33.7965006],[131.0085767,33.7869436],[131.0130549,33.7965006]],[[131.0354779,33.8567886],[131.0322702,33.8199316],[131.0246459,33.8566636],[131.0354779,33.8567886]],[[130.9150668,33.8957768],[130.9645633,33.9469069],[130.9630076,33.9621967],[131.0236488,33.9598451],[131.0006691,33.923931],[131.0157747,33.919436],[130.9872086,33.8999563],[131.0047684,33.8915502],[130.9821116,33.8670609],[130.9990518,33.867891],[130.9934594,33.8510298],[130.9566919,33.8296142],[130.9766214,33.8257068],[130.9608421,33.8221906],[130.9796922,33.8123518],[130.9665561,33.8094983],[131.0117521,33.8195608],[131.0124982,33.7999117],[130.9962494,33.8098336],[130.9850237,33.7850493],[131.00195,33.7950885],[130.9992581,33.7693831],[131.0106551,33.7822321],[131.0043533,33.7481404],[131.0190522,33.7468771],[131.0138136,33.7318496],[131.0936814,33.6235667],[131.1141214,33.6176793],[131.128903,33.6314023],[131.1855716,33.6168494]]]}},{"type":"Feature","properties":{"forecastAreaCode":"711","name":"福岡県日本海沿岸","officialBoundary":true},"geometry":{"type":"MultiLineString","coordinates":[[[130.0390263,33.4700145],[130.045337,33.4964345],[130.1012336,33.5160092],[130.126801,33.5100447],[130.1245928,33.5258069],[130.1538921,33.5370588],[130.164114,33.5610296],[130.1159503,33.5467479],[130.1358747,33.5667773],[130.0980141,33.5638529],[130.0875931,33.5812987],[130.1075936,33.5970795],[130.147613,33.5929357],[130.1570768,33.6284246],[130.1992425,33.640485],[130.207725,33.6670396],[130.2369509,33.6491908],[130.2239465,33.6342113],[130.2323807,33.6163451],[130.2750689,33.609777],[130.267384,33.5935459],[130.2507219,33.5999323],[130.272945,33.5826157],[130.3777122,33.6059511],[130.3932116,33.5973022],[130.3847026,33.6075053],[130.4020326,33.6050364],[130.4149415,33.6208191],[130.403128,33.6231051],[130.4082265,33.6446563],[130.4213847,33.6428751],[130.4050164,33.652172],[130.4344495,33.6621621],[130.4306114,33.6866936],[130.3676101,33.6647189],[130.3602957,33.6438692],[130.3184511,33.6610006],[130.3810057,33.6754493],[130.4556409,33.733114],[130.4707865,33.7745248],[130.4477482,33.7862937],[130.4439668,33.8154203],[130.4694502,33.8143487],[130.477514,33.8578554],[130.518007,33.8605716],[130.525066,33.8900985],[130.6316924,33.8836713],[130.663242,33.9011423],[130.681562,33.937166],[130.7380137,33.9270081],[130.7697226,33.948997],[130.7536133,33.9208531],[130.8091012,33.9314613],[130.8149702,33.9029137],[130.7537086,33.8781757],[130.7451646,33.8882431],[130.74257,33.8736215],[130.8031535,33.891458],[130.7943721,33.8745041],[130.8050488,33.8751413],[130.8235872,33.9195223],[130.8550309,33.929487],[130.8504905,33.9149218],[130.8693416,33.9180943],[130.8482049,33.9054546],[130.8718119,33.9159809],[130.8866577,33.9067865],[130.8666667,33.8980073],[130.8930252,33.8975046],[130.8776631,33.8894327],[130.9150668,33.8957768]],[[130.0476011,33.5757755],[130.0511825,33.5639327],[130.0476011,33.5757755]],[[130.3819181,33.6180155],[130.3779366,33.6073363],[130.3819181,33.6180155]],[[130.3975356,33.6230397],[130.3863788,33.6199427],[130.3979445,33.6413774],[130.3975356,33.6230397]],[[130.3017829,33.6383459],[130.3142541,33.6179197],[130.303429,33.6063756],[130.3017829,33.6383459]],[[130.4210182,33.6753507],[130.4265026,33.6620532],[130.3967123,33.6579055],[130.4210182,33.6753507]],[[130.2995451,33.6895016],[130.3116336,33.6588943],[130.2894402,33.670152],[130.2995451,33.6895016]],[[130.2289913,33.6944963],[130.2372761,33.6816612],[130.2289913,33.6944963]],[[130.3635492,33.7670617],[130.3808837,33.7586368],[130.3627012,33.7550626],[130.3635492,33.7670617]],[[130.0363026,33.8741154],[130.0355398,33.8611894],[130.0363026,33.8741154]],[[130.6590541,33.9012201],[130.6489196,33.8986082],[130.6590541,33.9012201]],[[130.4889999,33.9134918],[130.5097027,33.8944208],[130.4889999,33.9134918]],[[130.4394961,33.9147683],[130.4290406,33.8866681],[130.4061022,33.8966736],[130.4081017,33.9112608],[130.4394961,33.9147683]],[[130.8088884,33.9487299],[130.8506861,33.9411643],[130.8194612,33.9256202],[130.7774331,33.9404754],[130.8261802,33.9554577],[130.8088884,33.9487299]],[[130.7596796,33.949911],[130.769278,33.9560281],[130.7596796,33.949911]],[[130.8523722,33.9714047],[130.8616589,33.9660694],[130.8523722,33.9714047]],[[130.8132511,34.0011425],[130.8221053,33.9846719],[130.8132511,34.0011425]],[[130.7254792,34.0190642],[130.7342617,34.0058658],[130.7254792,34.0190642]],[[130.11234,34.2493097],[130.0980742,34.2421633],[130.11234,34.2493097]]]}},{"type":"Feature","properties":{"forecastAreaCode":"250","name":"福島県","officialBoundary":true},"geometry":{"type":"MultiLineString","coordinates":[[[140.9,36.9155193],[140.8825509,36.9084099],[140.9,36.9155193]],[[140.9100284,36.9387795],[140.8881783,36.9148272],[140.9100284,36.9387795]],[[140.9311708,37.8961974],[140.9464105,37.8532084],[140.9677863,37.8594152],[140.9493753,37.8552505],[140.9594823,37.8313741],[140.9674903,37.8446503],[140.9630261,37.8314509],[140.9808776,37.8256769],[140.9765441,37.8372634],[140.9873535,37.8227305],[141.0147899,37.6745226],[141.0410042,37.6649768],[141.0190699,37.6717627],[141.0330736,37.6669494],[141.0192256,37.6582929],[141.045896,37.4797302],[141.0254439,37.3248014],[141.0386133,37.3189471],[141.0253445,37.3134261],[141.0126501,37.251778],[141.0164627,37.2301727],[141.0287827,37.2379717],[141.002516,37.2001584],[141.000542,37.1089685],[140.9777655,37.0709979],[140.983016,36.995517],[140.9695721,36.9731454],[140.9249723,36.9353197],[140.9031567,36.9446568],[140.8649594,36.9161461],[140.8165659,36.9082876],[140.7934964,36.8594561]]]}},{"type":"Feature","properties":{"forecastAreaCode":"521","name":"兵庫県瀬戸内海沿岸","officialBoundary":true},"geometry":{"type":"MultiLineString","coordinates":[[[134.7406148,34.3524513],[134.8184891,34.4693189],[134.8360031,34.4667476],[134.8779739,34.5254508],[134.9350678,34.5494237],[135.0037924,34.6086307],[135.0256676,34.5761201],[134.9983194,34.5508554],[134.988784,34.5116562],[134.9036446,34.4301932],[134.8947786,34.3989883]],[[134.4840147,34.5999328],[134.4761589,34.5932908],[134.4840147,34.5999328]],[[135.2365492,34.6408089],[135.2092767,34.6301386],[135.2365492,34.6408089]],[[135.2801922,34.6513521],[135.2745355,34.665417],[135.2801922,34.6513521]],[[135.2008802,34.6540683],[135.1903016,34.6530489],[135.2008802,34.6540683]],[[134.5155906,34.6595861],[134.5154211,34.6353792],[134.5008372,34.6438314],[134.5155906,34.6595861]],[[134.9446804,34.6617374],[134.8437005,34.721386],[134.8315942,34.698185],[134.8088038,34.7184783],[134.8152345,34.7313196],[134.8063788,34.7164657],[134.8109374,34.7320175],[134.7572292,34.751841],[134.7595327,34.7635603],[134.68561,34.7782466],[134.6811173,34.7658591],[134.6579278,34.7739439],[134.6633581,34.7849597],[134.6503531,34.7705864],[134.6558283,34.788485],[134.6455726,34.7667579],[134.6288292,34.7638605],[134.6439206,34.7834139],[134.6224357,34.7837596],[134.623885,34.7694183],[134.6054394,34.7794769],[134.5660338,34.7572959],[134.5275151,34.7829232],[134.4741962,34.7552096],[134.4658294,34.8090576],[134.4642827,34.764069],[134.4506813,34.7537106],[134.4554549,34.7681163],[134.4330211,34.7661809],[134.4139761,34.7288987],[134.3852792,34.7261168],[134.3588289,34.7512788],[134.3639476,34.7394618],[134.3217294,34.7219461]],[[135.2542316,34.6691794],[135.2957814,34.6762588],[135.2542316,34.6691794]],[[134.4873294,34.6716051],[134.5000569,34.6440383],[134.4584977,34.6452503],[134.4637171,34.6641968],[134.4823306,34.6583436],[134.4873294,34.6716051]],[[135.3596811,34.6722987],[135.3170543,34.6776265],[135.3596811,34.6722987]],[[134.5733788,34.6766812],[134.5912085,34.6654332],[134.5759158,34.6508772],[134.5615508,34.6687419],[134.5733788,34.6766812]],[[135.2199988,34.6827792],[135.2318863,34.6734344],[135.2209921,34.667287],[135.2453673,34.6706817],[135.2281482,34.6579692],[135.2494747,34.6508049],[135.2042716,34.6562163],[135.2016094,34.6756529],[135.2199988,34.6827792]],[[135.2282424,34.6844282],[135.2405039,34.6857846],[135.2282424,34.6844282]],[[134.5355886,34.6865522],[134.5418972,34.6581947],[134.5080964,34.6772619],[134.5355886,34.6865522]],[[135.2813989,34.6973003],[135.2905051,34.6817036],[135.2544631,34.6777611],[135.2522172,34.6933159],[135.2813989,34.6973003]],[[135.4072975,34.6971008],[135.3761811,34.6765694],[135.4010487,34.6991138],[135.3712308,34.6807719],[135.3374703,34.727109],[135.2918429,34.7207026],[135.2879796,34.7039858],[135.1843781,34.6820435],[135.1833579,34.6495014],[135.0559799,34.6242207],[134.9446804,34.6617374]],[[134.8715456,34.7007768],[134.8862129,34.6894877],[134.8573677,34.6919815],[134.8715456,34.7007768]],[[134.8556232,34.7102504],[134.8532586,34.6941482],[134.8364908,34.6972946],[134.8556232,34.7102504]],[[135.3039482,34.7099848],[135.2933515,34.7047276],[135.2937798,34.7183253],[135.3039482,34.7099848]],[[135.3221052,34.7120757],[135.3069416,34.7061572],[135.3221052,34.7120757]],[[135.3432618,34.7153669],[135.3471077,34.702868],[135.3432618,34.7153669]],[[135.330308,34.7221068],[135.3410328,34.7032876],[135.3254118,34.7085451],[135.330308,34.7221068]],[[134.6633703,34.7654392],[134.6527743,34.7632789],[134.6633703,34.7654392]],[[134.7019483,34.7707978],[134.6865741,34.7575603],[134.7019483,34.7707978]],[[134.6055477,34.7722117],[134.6022362,34.7596948],[134.5898049,34.7681154],[134.6055477,34.7722117]]]}},{"type":"Feature","properties":{"forecastAreaCode":"520","name":"兵庫県北部","officialBoundary":true},"geometry":{"type":"MultiLineString","coordinates":[[[134.3699444,35.6145847],[134.4334294,35.6206826],[134.4386714,35.6357758],[134.4526765,35.6287684],[134.53877,35.6703943],[134.5598881,35.6504963],[134.6065904,35.6558736],[134.6163001,35.6392753],[134.6561341,35.6652305],[134.6632064,35.6481458],[134.6882602,35.6654559],[134.7047892,35.6529426],[134.7075869,35.666914],[134.7576208,35.6612022],[134.763596,35.6747104],[134.7652066,35.6606884],[134.7996015,35.6702725],[134.8392284,35.6557506],[134.8406505,35.642441],[134.8623667,35.6578888]],[[134.8624451,35.6578671],[134.8624451,35.6578669]],[[134.8624451,35.6578671],[134.8675047,35.6582324]],[[134.8623667,35.6578888],[134.8623666,35.6578887]],[[134.8623667,35.6578888],[134.8624451,35.6578671]]]}},{"type":"Feature","properties":{"forecastAreaCode":"102","name":"北海道太平洋沿岸西部","officialBoundary":true},"geometry":{"type":"MultiLineString","coordinates":[[[140.9171027,42.3537506],[140.9157999,42.365839],[140.9171027,42.3537506]],[[141.9668643,42.5284676],[141.90467,42.5769743],[141.8177161,42.6010078],[141.8181395,42.6129702],[141.8011345,42.6016433],[141.7817442,42.6166294],[141.6662064,42.6306886],[141.6248862,42.6201359],[141.6954058,42.6573963],[141.6251522,42.6442444],[141.620072,42.6212411],[141.4491433,42.5876261],[141.206038,42.4533881],[141.1556068,42.4402529],[140.9962743,42.3008705],[140.9427045,42.3195122],[140.930873,42.3404566],[140.950302,42.3507326],[140.9817379,42.3231283],[140.9795994,42.3433673],[141.0075502,42.3482739],[140.9157835,42.3660009],[140.874049,42.458009],[140.7799565,42.4992653],[140.7862167,42.5178865],[140.7707273,42.5401573],[140.7086261,42.5825864],[140.6455278,42.5865464],[140.5827047,42.5661836],[140.5339594,42.5888006],[140.4632306,42.5830517],[140.3743667,42.5062001],[140.3096411,42.4082031],[140.277179,42.3205373],[140.28808,42.2518667],[140.3941373,42.221377],[140.5489915,42.1134107],[140.5849898,42.1082386],[140.7061592,42.1379515],[140.75916,42.1169017],[140.7740544,42.0851672],[140.8026178,42.0767439],[140.8214471,42.0341799],[140.9073359,41.9874403],[140.9611864,41.9152422],[141.1109692,41.8738806],[141.1494269,41.8537664],[141.1468658,41.8311458],[141.1831518,41.8178978],[141.1866043,41.8022304],[141.1559823,41.7846373],[141.1103264,41.7854178],[141.0527958,41.7259856],[140.9669378,41.7100386],[140.9239156,41.7397034],[140.7862817,41.7737874],[140.7374194,41.7682264],[140.7026544,41.7402337],[140.7017172,41.7853054],[140.7147492,41.7666124],[140.7272353,41.7803929],[140.7158283,41.8066865],[140.6791303,41.8216921],[140.6395124,41.8164239],[140.6189217,41.7984847],[140.6010575,41.7417986],[140.5270042,41.7005406],[140.4617314,41.6973156],[140.4418749,41.6811615],[140.4295181,41.5350356],[140.4088017,41.5167764],[140.2586312,41.4809037],[140.1974317,41.3978092]],[[141.775,42.5822075],[141.8090764,42.5947295],[141.775,42.5822075]],[[141.767659,42.5890103],[141.7541802,42.5919755],[141.767659,42.5890103]]]}},{"type":"Feature","properties":{"forecastAreaCode":"101","name":"北海道太平洋沿岸中部","officialBoundary":true},"geometry":{"type":"MultiLineString","coordinates":[[[143.8693461,42.8422525],[143.5782458,42.6248369],[143.3844,42.409435],[143.3265066,42.3134169],[143.3401353,42.3008656],[143.3276552,42.3068677],[143.3197394,42.2885513],[143.3477055,42.3024244],[143.3090981,42.2577453],[143.3204603,42.2093972],[143.3359786,42.2015744],[143.3121419,42.0539133],[143.2564367,41.9980494],[143.2405886,41.9483294],[143.2491033,41.9243669],[143.16359,41.98273],[143.13426,42.0278383],[143.0089278,42.0809567],[142.9642,42.118685],[142.8149592,42.1415236],[142.7555738,42.1648268],[142.7734625,42.1616349],[142.7594255,42.1750403],[142.6706008,42.1916236],[142.5851575,42.2431567],[142.483538,42.2690938],[142.4456356,42.3034772],[142.3678024,42.3234761],[142.2729241,42.3774067],[142.1915397,42.4491378],[142.0274008,42.4849018],[141.9668643,42.5284676]]]}},{"type":"Feature","properties":{"forecastAreaCode":"111","name":"北海道日本海沿岸南部","officialBoundary":true},"geometry":{"type":"MultiLineString","coordinates":[[[139.8036969,41.3657064],[139.8170126,41.3618228],[139.7990364,41.3521167],[139.8036969,41.3657064]],[[140.1974317,41.3978092],[140.145845,41.4281422],[140.0885609,41.4178253],[140.0387714,41.4440058],[139.9845886,41.5608625],[139.9820795,41.6069117],[140.0085794,41.6920244],[140.0673161,41.760032],[140.0714374,41.8070886],[140.1087917,41.80494],[140.1224714,41.8232333],[140.1264464,41.8551187],[140.1099435,41.8632932],[140.131054,41.8721897],[140.1410677,41.9165453],[140.1219014,41.9995961],[140.0235881,42.1145669],[139.9221611,42.1322686],[139.8774931,42.2106947],[139.7954558,42.2306369],[139.7660417,42.3110611],[139.7805978,42.3524061],[139.8146581,42.3744128],[139.8460622,42.4323747],[139.8467031,42.5281903],[139.82208,42.610068],[139.8675789,42.6648744],[139.9252828,42.6881589],[140.0458147,42.6939975],[140.0733389,42.7277367],[140.1442664,42.754555],[140.1861464,42.8277464],[140.2381211,42.7952493],[140.2463028,42.7679689],[140.3042864,42.7773806],[140.3044631,42.8287031],[140.3471849,42.8583006],[140.3901244,42.9228439],[140.5022147,42.980777],[140.5091196,42.9968651],[140.5068275,42.9857199],[140.5206068,42.9907679],[140.5290589,43.0284323],[140.5039039,43.0323569],[140.4950317,43.0649531],[140.4644225,43.0849122],[140.4296987,43.1422129],[140.3599792,43.1793003],[140.32432,43.2219353],[140.3268539,43.2588558],[140.3600322,43.315695],[140.3461186,43.3337144],[140.4412278,43.33342],[140.4709289,43.364674],[140.4620456,43.3722772]],[[139.3408307,41.5251049],[139.3841667,41.5089909],[139.3400016,41.4952497],[139.3408307,41.5251049]],[[139.5596995,42.2494187],[139.5509231,42.2099375],[139.5170861,42.1763542],[139.5049483,42.0978214],[139.4485889,42.051776],[139.4207825,42.0717378],[139.4231042,42.1363611],[139.4068061,42.1799817],[139.4354736,42.2159014],[139.5366128,42.2326844],[139.5596995,42.2494187]]]}},{"type":"Feature","properties":{"forecastAreaCode":"110","name":"北海道日本海沿岸北部","officialBoundary":true},"geometry":{"type":"MultiLineString","coordinates":[[[141.2894498,43.2287226],[141.2562698,43.1971555],[141.2894498,43.2287226]],[[140.4620456,43.3722772],[140.5032803,43.3703467],[140.5789325,43.3104519],[140.6304119,43.2979703],[140.6463544,43.2845528],[140.6427911,43.2644145],[140.7749083,43.2268707],[140.7743839,43.204676],[140.7903774,43.1948316],[141.0096698,43.2398583],[141.0208712,43.2227894],[141.0008531,43.2033353],[141.0137571,43.1900036],[141.1611284,43.1439486],[141.2761258,43.2006851],[141.2940902,43.1854512],[141.3007352,43.2212735],[141.3302637,43.2313359],[141.4234992,43.3282369],[141.4281914,43.4192167],[141.3577361,43.5179333],[141.385632,43.5913217],[141.3510775,43.6432847],[141.3287525,43.7249972],[141.3875258,43.8067019],[141.4935733,43.8361991],[141.5103431,43.8563817],[141.5607242,43.8589756],[141.6268298,43.9209724],[141.6295365,43.9631349],[141.6462933,43.9419598],[141.645518,43.9711284],[141.6330158,43.9743699],[141.6587792,44.0052789],[141.6628461,44.0502333],[141.6473569,44.3160737],[141.6720647,44.3238569],[141.6943323,44.3766862],[141.7024578,44.3692258],[141.7486625,44.4358253],[141.7911314,44.6195117],[141.7852642,44.7217353],[141.7366747,44.8873236],[141.5862097,45.1555064],[141.5709702,45.2323708],[141.6162442,45.2841744],[141.6072426,45.3119077],[141.6549092,45.3514472],[141.6343201,45.4052716],[141.6431533,45.4489684],[141.6965541,45.4151756],[141.6802177,45.4185876],[141.6810297,45.4030192],[141.7978736,45.4070582],[141.8646311,45.4406406],[141.8925181,45.5108269],[141.9366609,45.5229495]],[[141.6234264,43.9633016],[141.6276361,43.9772424],[141.6234264,43.9633016]],[[141.3266951,44.4423937],[141.3344719,44.4265862],[141.2927847,44.4137742],[141.3266951,44.4423937]],[[141.4257422,44.4465672],[141.4258344,44.4280842],[141.3807425,44.4335553],[141.4257422,44.4465672]],[[141.1991922,45.2588214],[141.2321967,45.2467619],[141.2299512,45.2352223],[141.2756953,45.2337947],[141.3184636,45.1970764],[141.3303228,45.1499442],[141.2857694,45.1090694],[141.2271174,45.0997381],[141.1660053,45.1371831],[141.1268381,45.1859553],[141.1417261,45.1903997],[141.1365424,45.2196306],[141.1991922,45.2588214]],[[141.6980677,45.4119494],[141.7112402,45.4102811],[141.6980677,45.4119494]],[[141.704341,45.4185669],[141.692679,45.4187759],[141.704341,45.4185669]],[[140.9673467,45.4642186],[141.0126858,45.4330389],[141.0348592,45.4403921],[141.0338961,45.4608081],[141.067395,45.4239745],[141.043554,45.2741071],[141.0146331,45.2840789],[141.0227675,45.3096411],[140.9829083,45.3803753],[140.9944067,45.4238311],[140.9664317,45.4383886],[140.9768472,45.4476317],[140.9673467,45.4642186]]]}},{"type":"Feature","properties":{"forecastAreaCode":"202","name":"陸奥湾","officialBoundary":true},"geometry":{"type":"MultiLineString","coordinates":[[[140.7265245,40.8458187],[140.7359104,40.8411046],[140.7265245,40.8458187]],[[140.5940151,41.2163891],[140.6443839,41.1721641],[140.6315593,41.0975154],[140.6774916,40.887608],[140.7329411,40.8302134],[140.7975841,40.8370346],[140.859938,40.8883874],[140.8717723,40.9437106],[140.8379078,40.953305],[140.8627194,40.9575211],[140.8789259,41.0098979],[140.9487094,40.9923548],[140.9844807,40.9596101],[140.9718372,40.9347378],[141.0642451,40.9133361],[141.1025624,40.8726424],[141.1488418,40.879267],[141.192941,40.9223396],[141.2315553,40.9991814],[141.2484209,41.110194],[141.2790599,41.1583433],[141.2476629,41.2241816],[141.1887715,41.2790568],[141.1591246,41.2777826],[141.1332303,41.2438627],[141.1564948,41.2627872],[141.1544046,41.2428725],[141.0581596,41.1834398],[140.9799802,41.1990779],[140.9453785,41.1738913],[140.8545507,41.1614279],[140.8113132,41.1275767],[140.7641891,41.1456459],[140.7640276,41.1945946],[140.7782846,41.2101357]]]}},{"type":"Feature","properties":{"forecastAreaCode":"530","name":"和歌山県","officialBoundary":true},"geometry":{"type":"MultiLineString","coordinates":[[[135.8117432,33.4813616],[135.8629642,33.4716895],[135.8317642,33.4488836],[135.7976015,33.463577],[135.8117432,33.4813616]],[[136.01189,33.7233007],[135.9717916,33.6725931],[135.9861498,33.655177],[135.9369622,33.642374],[135.9537417,33.6219074],[135.9261257,33.6047982],[135.9619908,33.595229],[135.9596384,33.5820198],[135.9235394,33.5764179],[135.8909717,33.5568603],[135.9240286,33.5591923],[135.8783594,33.5285876],[135.7990113,33.4996588],[135.7810571,33.4639275],[135.7974971,33.4607705],[135.7877367,33.4378141],[135.7532494,33.4368545],[135.7507922,33.4510722],[135.7765172,33.4634124],[135.7593069,33.4843704],[135.7088224,33.4779397],[135.7008708,33.4935684],[135.5899496,33.5024806],[135.517637,33.5220397],[135.4879326,33.5506134],[135.4462329,33.5489568],[135.3911377,33.5910222],[135.3919153,33.6424717],[135.3295435,33.6705741],[135.3443202,33.681137],[135.3357422,33.69528],[135.3778186,33.6827492],[135.4001574,33.7207531],[135.3533531,33.7265694],[135.3566868,33.7410017],[135.3273244,33.7420694],[135.3142626,33.7688819],[135.2348128,33.7815103],[135.2349667,33.7989128],[135.1860915,33.8195054],[135.141835,33.8848603],[135.1125633,33.8934442],[135.0576625,33.8798342],[135.0589392,33.90488],[135.0839997,33.9103639],[135.0679072,33.9314694],[135.1181009,33.9602187],[135.0795494,33.9557922],[135.0857016,33.968714],[135.0676811,33.9768739],[135.1715236,34.0276931],[135.1359899,34.064651],[135.0785448,34.0738229],[135.1109198,34.0969665],[135.1156317,34.119895],[135.1460442,34.1108259],[135.1258523,34.136659],[135.1701324,34.1332395],[135.2095959,34.1494727],[135.1827931,34.1470974],[135.1935961,34.158655],[135.1826709,34.1582172],[135.1799748,34.186913],[135.1804362,34.1692415],[135.1657188,34.1871667],[135.1402211,34.1879253],[135.1437904,34.2190631],[135.1276,34.2169333],[135.1395287,34.225409],[135.1003907,34.2356127],[135.1282479,34.2273273],[135.123216,34.2417757],[135.0614386,34.2634342],[135.0740234,34.3050657],[135.0928267,34.3120118]],[[135.1432686,33.8633212],[135.1560732,33.8594929],[135.1432686,33.8633212]],[[135.1028591,34.1181276],[135.0983678,34.108724],[135.1028591,34.1181276]],[[135.1365751,34.2029548],[135.1316441,34.2133577],[135.1365751,34.2029548]],[[135.0207581,34.293089],[134.9990469,34.2797256],[135.0207581,34.293089]],[[135.0552772,34.2991924],[135.0324407,34.2951958],[135.0552772,34.2991924]]]}},{"type":"Feature","properties":{"forecastAreaCode":"0","name":"帰属未定1","officialBoundary":true},"geometry":{"type":"MultiLineString","coordinates":[[[131.9564722,33.2792962],[131.9373199,33.2772506],[131.9564722,33.2792962]]]}},{"type":"Feature","properties":{"forecastAreaCode":"100","name":"北海道太平洋沿岸東部","officialBoundary":true},"geometry":{"type":"MultiLineString","coordinates":[[[144.8744753,42.9611356],[144.8643056,42.9460225],[144.8744753,42.9611356]],[[144.3080135,42.9802704],[144.2967605,42.9802466],[144.3080135,42.9802704]],[[144.3264729,42.9905031],[144.3403801,42.9898217],[144.3264729,42.9905031]],[[145.1095222,43.0533786],[145.0953072,43.0457094],[145.1095222,43.0533786]],[[145.5975625,43.2216694],[145.608985,43.2112481],[145.5887014,43.2064303],[145.5975625,43.2216694]],[[146.0166175,43.3783859],[146.0059618,43.3602841],[145.9861336,43.3690444],[146.0166175,43.3783859]],[[146.1671053,43.4230305],[146.1539589,43.414211],[146.1671053,43.4230305]],[[146.0986467,43.4481193],[146.1082758,43.4311958],[146.0840781,43.4135286],[146.0246492,43.4084068],[146.0472617,43.4316011],[146.0864928,43.4251811],[146.0986467,43.4481193]],[[145.8877424,43.4622243],[145.9006538,43.4482004],[145.9499752,43.4543258],[145.9341504,43.4403669],[145.9555312,43.4250214],[145.8987664,43.4167615],[145.8968033,43.4463344],[145.8626355,43.4544589],[145.8877424,43.4622243]],[[146.1349895,43.548904],[146.2042011,43.533709],[146.1783009,43.503896],[146.1966687,43.4945473],[146.1157499,43.4583161],[146.1034617,43.4945235],[146.0585381,43.5220647],[146.1349895,43.548904]],[[145.3305936,43.5678335],[145.3179348,43.5661389],[145.3305936,43.5678335]],[[145.2495661,43.5735853],[145.2323711,43.5724119],[145.2495661,43.5735853]],[[146.3121605,43.6514694],[146.3512182,43.6399698],[146.3569598,43.6176487],[146.2700695,43.6267797],[146.2974627,43.6304246],[146.3121605,43.6514694]],[[146.69149,43.7332232],[146.7054088,43.728374],[146.6952815,43.7209005],[146.69149,43.7332232]],[[146.8018901,43.7596771],[146.789516,43.7447714],[146.8018901,43.7596771]],[[146.8319875,43.8869304],[146.9146906,43.8472726],[146.9058612,43.8113116],[146.8384419,43.8085637],[146.8264171,43.7968896],[146.8496856,43.7867576],[146.7968738,43.7864497],[146.7868129,43.7585129],[146.7699021,43.7666517],[146.7314497,43.7365615],[146.695556,43.7459399],[146.6747688,43.7065238],[146.6397778,43.7036012],[146.6506839,43.7139033],[146.6218427,43.7312997],[146.6250939,43.7559836],[146.6075181,43.7531635],[146.6084775,43.7352233],[146.5856488,43.7442399],[146.607603,43.7674645],[146.5881881,43.8083991],[146.7210448,43.8322919],[146.7487128,43.8145812],[146.7216835,43.8459653],[146.7754459,43.8765226],[146.7964653,43.8584959],[146.789303,43.878807],[146.8229212,43.8668462],[146.8182954,43.8859287],[146.8319875,43.8869304]],[[145.3376442,44.3413125],[145.3670836,44.2586469],[145.3289325,44.1915022],[145.2594883,44.1329898],[145.2387164,44.0575289],[145.1422392,43.9684878],[145.0959906,43.8950067],[145.09216,43.83911],[145.0610831,43.8059169],[145.0689522,43.7481694],[145.1440592,43.6463836],[145.3435133,43.5839616],[145.3423763,43.5562313],[145.2868084,43.5503353],[145.3109744,43.552111],[145.2835938,43.5615443],[145.3353736,43.5643753],[145.3398635,43.5849462],[145.3202204,43.5819516],[145.3350057,43.5898597],[145.3072075,43.6005872],[145.2795901,43.5915573],[145.2880373,43.6029533],[145.2414163,43.591381],[145.2690083,43.6087157],[145.1936072,43.6205861],[145.2447397,43.5244711],[145.2777111,43.4021125],[145.31822,43.348285],[145.3968778,43.29102],[145.4928378,43.2665775],[145.5223003,43.3070397],[145.6523525,43.3918964],[145.7213597,43.3831217],[145.7622719,43.3988642],[145.8174317,43.3854261],[145.8109992,43.3676892],[145.7566781,43.3353761],[145.6887653,43.3276411],[145.6766939,43.3115178],[145.6219624,43.316596],[145.5904216,43.2781047],[145.567922,43.2830388],[145.556725,43.2192575],[145.5301478,43.2080922],[145.5294086,43.1859758],[145.5094696,43.1881571],[145.5199586,43.1648247],[145.4958931,43.1587078],[145.5030233,43.1733356],[145.4853283,43.1868694],[145.4253756,43.1874042],[145.2898414,43.1717803],[145.2017472,43.1359781],[145.1457811,43.1447369],[145.1128083,43.1194186],[145.1140533,43.0875578],[145.1726483,43.0760342],[145.0985614,43.07706],[145.0858639,43.0449261],[145.0309847,43.0292458],[145.0248486,42.9999533],[144.9734914,42.9811947],[144.8759439,42.986165],[144.8323006,43.0142221],[144.8309774,43.0356347],[144.8543167,43.0487337],[144.8146883,43.0592402],[144.7774947,43.0514733],[144.7242472,42.9903753],[144.7245042,42.9737264],[144.7856294,42.9373861],[144.7741072,42.93288],[144.6298528,42.9512747],[144.4471962,42.9438372],[144.3621439,42.9707498],[144.3717292,42.9856277],[144.3575158,42.9975134],[144.2656755,43.0023922],[144.0442963,42.9398289],[143.8693461,42.8422525]],[[146.1667015,44.5174986],[146.226238,44.4819785],[146.2408554,44.4544883],[146.3377195,44.4174245],[146.4767425,44.4211289],[146.5774197,44.4549415],[146.5335738,44.3801279],[146.4920798,44.3545006],[146.4315008,44.3759132],[146.3881809,44.3592028],[146.3660036,44.3380317],[146.3699174,44.3215877],[146.2961469,44.2756696],[146.11092,44.2627034],[146.0653386,44.2307666],[146.0466194,44.1840461],[145.9836206,44.1707179],[145.9215022,44.1356764],[145.9033469,44.0946948],[145.867193,44.0636935],[145.8648986,44.0314759],[145.8781236,44.0209431],[145.8417922,44.0321287],[145.8176446,44.0213948],[145.7811059,43.9319449],[145.6494339,43.9084655],[145.5851125,43.8623751],[145.5456116,43.6536596],[145.5350569,43.671853],[145.5503236,43.7310023],[145.4341865,43.7192981],[145.4046613,43.8404026],[145.4440984,43.8527215],[145.4730814,43.898611],[145.5893081,43.9511792],[145.5989961,43.9719951],[145.676822,44.01198],[145.6761575,44.0257488],[145.741365,44.0511315],[145.7441454,44.1044876],[145.8374892,44.1823761],[145.8890781,44.2515571],[145.9879854,44.3188866],[146.0059786,44.3803791],[146.0518633,44.4184416],[146.0816689,44.4741066],[146.1667015,44.5174986]],[[148.752635,45.5569332],[148.8382571,45.5506882],[148.8921597,45.5123506],[148.8863223,45.4818919],[148.826812,45.4491199],[148.8292326,45.4274317],[148.8765643,45.3943567],[148.8418237,45.3362122],[148.7767561,45.3226426],[148.7441439,45.3372545],[148.6389861,45.3353339],[148.5634876,45.3120106],[148.5049918,45.2785747],[148.4943839,45.2561772],[148.3023058,45.215108],[148.2662618,45.185007],[148.0996454,45.1126498],[147.9839732,45.0041995],[147.9044968,44.9609958],[147.850689,44.9653957],[147.7847849,44.9476588],[147.7300518,44.9768598],[147.726414,45.00275],[147.6600378,44.9968905],[147.6147644,44.9566287],[147.6124418,44.9376162],[147.651798,44.9199069],[147.5968937,44.8533026],[147.5506129,44.8161849],[147.5012145,44.8049434],[147.4868214,44.7813724],[147.4212349,44.7646078],[147.3349906,44.7142069],[147.2660524,44.6379874],[147.2529863,44.6005493],[147.2071254,44.5686299],[147.0743397,44.555723],[146.954576,44.4263433],[146.8581718,44.4513379],[146.8849957,44.5090643],[146.9523195,44.5497842],[146.9307889,44.5903643],[146.9480834,44.6314467],[146.9581536,44.5961043],[146.9930195,44.5754347],[147.0335473,44.616366],[147.0335835,44.6381021],[147.0064319,44.6592542],[147.0965009,44.6385557],[147.1859378,44.6971524],[147.1948769,44.7608894],[147.1257652,44.7704456],[147.1011815,44.8004851],[147.107262,44.8222916],[147.1545087,44.824623],[147.1935781,44.7970781],[147.2385853,44.8064603],[147.2655801,44.8680717],[147.3816942,44.9106733],[147.4537841,44.9722451],[147.5066847,44.9893371],[147.5347307,45.0712543],[147.5268923,45.0988607],[147.495667,45.1093612],[147.5048215,45.1177087],[147.5651514,45.1068384],[147.5845773,45.0843963],[147.6508079,45.0786527],[147.6975536,45.1038183],[147.6928786,45.1418358],[147.7348099,45.1936999],[147.820918,45.2173007],[147.8423555,45.2070179],[147.8692795,45.223638],[147.8817262,45.2559639],[147.8663619,45.2643512],[147.8720479,45.2973426],[147.8489014,45.3657716],[147.9037523,45.4298756],[147.9252071,45.4380351],[147.9647269,45.4202362],[147.9783173,45.3604556],[148.0047978,45.3352366],[147.9950953,45.3302411],[148.0085915,45.2905495],[148.0363047,45.2673139],[148.1254177,45.2564629],[148.2406848,45.266966],[148.3320232,45.2863263],[148.3522678,45.3080428],[148.4181011,45.3272152],[148.4786486,45.3835548],[148.4703185,45.3999371],[148.4862805,45.420634],[148.5567605,45.4578554],[148.578338,45.4895723],[148.627799,45.5002278],[148.6541547,45.5385499],[148.752635,45.5569332]]]}},{"type":"Feature","properties":{"forecastAreaCode":"500","name":"京都府","officialBoundary":true},"geometry":{"type":"MultiLineString","coordinates":[[[135.4866705,35.5579663],[135.486861,35.558048]],[[135.4789117,35.6051539],[135.4802292,35.5928911],[135.4789117,35.6051539]],[[134.8675047,35.6582324],[134.9314146,35.6483358],[134.9857134,35.6928003],[135.0255684,35.6895097],[135.0617115,35.7078759],[135.0857585,35.7398735],[135.2069143,35.763883],[135.2234165,35.779258],[135.2746006,35.7427408],[135.2859794,35.7053192],[135.3086414,35.6935931],[135.3029,35.6622492],[135.2873986,35.6758283],[135.2660043,35.6655678],[135.2446277,35.620446],[135.1927424,35.5709935],[135.1924874,35.5401918],[135.2561524,35.5984979],[135.2506893,35.5708261],[135.2748443,35.5601802],[135.2424658,35.5602107],[135.2418166,35.5380668],[135.2896578,35.5159097],[135.3318184,35.5160178],[135.3167128,35.4511549],[135.3475053,35.4752649],[135.3474441,35.4944592],[135.3982207,35.4788854],[135.3950962,35.5168714],[135.3800352,35.5023939],[135.3435005,35.5040977],[135.3424794,35.5518515],[135.4267866,35.5665132],[135.4341025,35.5908075],[135.4624739,35.6037897],[135.4511822,35.5687157],[135.4865996,35.5579363]],[[135.4252222,35.6874158],[135.4234819,35.6764044],[135.4252222,35.6874158]]]}},{"type":"Feature","properties":{"forecastAreaCode":"610","name":"高知県","officialBoundary":true},"geometry":{"type":"MultiLineString","coordinates":[[[132.48982,32.7435483],[132.4833158,32.7343664],[132.48982,32.7435483]],[[132.5456422,32.7551481],[132.5730311,32.7165228],[132.5431389,32.7025022],[132.5456422,32.7551481]],[[132.6293583,32.7724586],[132.6174953,32.7655625],[132.6293583,32.7724586]],[[132.4874703,32.8076253],[132.4967481,32.7973347],[132.4801461,32.7969322],[132.4874703,32.8076253]],[[133.4486083,33.4482643],[133.4511786,33.4381071],[133.4486083,33.4482643]],[[134.3143715,33.5401128],[134.3141675,33.5403133]],[[134.3056553,33.5486175],[134.2088493,33.395687],[134.175615,33.2440171],[134.1494708,33.2863593],[134.110827,33.2936362],[134.1018769,33.328405],[134.0365842,33.3711302],[134.031125,33.4123419],[133.9577681,33.4418308],[133.9346443,33.4869646],[133.7701773,33.5140129],[133.7464531,33.536867],[133.6170386,33.5229683],[133.565912,33.5007928],[133.5732707,33.5366266],[133.5526191,33.5408036],[133.5615397,33.5316758],[133.5458961,33.5174092],[133.5589854,33.4981395],[133.5831853,33.5010941],[133.574885,33.4955],[133.4570211,33.4432184],[133.3979667,33.4453256],[133.4054072,33.4319811],[133.3504286,33.4158608],[133.3670758,33.4066769],[133.3709714,33.4248508],[133.3841231,33.4107428],[133.3966406,33.4247897],[133.4030722,33.4141239],[133.4173425,33.4395272],[133.4321022,33.4267344],[133.4419459,33.4402171],[133.4611792,33.4322719],[133.4573988,33.4199575],[133.4125322,33.41105],[133.4096128,33.3979725],[133.3458622,33.4007914],[133.3189697,33.3548692],[133.3244894,33.3791869],[133.299395,33.3739465],[133.2897809,33.3826486],[133.3047418,33.3913099],[133.2903363,33.4048283],[133.2957005,33.3896973],[133.2589625,33.3658489],[133.2640783,33.3406322],[133.2316176,33.3266737],[133.2600853,33.3134119],[133.2385153,33.2966233],[133.2642214,33.2573639],[133.2476661,33.2495636],[133.2563253,33.225595],[133.2386506,33.2159911],[133.2412219,33.1967367],[133.2110106,33.1849592],[133.223005,33.1532967],[133.208135,33.1492606],[133.1934811,33.1675231],[133.1705736,33.1504228],[133.1434322,33.0980919],[133.1052871,33.0731946],[133.0964761,33.0246797],[133.0369867,33.0376647],[133.0082847,33.0114151],[132.9929887,32.952492],[133.0093742,32.8812064],[132.9936222,32.8624011],[132.9508747,32.8600033],[132.9610042,32.8295019],[132.9503609,32.8206033],[132.9654971,32.7990349],[133.002705,32.7871458],[133.0200967,32.7233998],[132.9657094,32.7293933],[132.9714172,32.7475806],[132.9521469,32.7628461],[132.9696951,32.7778726],[132.9453511,32.7648442],[132.9352164,32.7869111],[132.8794564,32.7896669],[132.8683461,32.7656261],[132.8617369,32.7906404],[132.8023842,32.7468328],[132.7703683,32.7619344],[132.7574467,32.7530653],[132.7107772,32.7990956],[132.6303656,32.7618747],[132.6446806,32.7867653],[132.62654,32.7967542],[132.6561964,32.8012181],[132.6440431,32.8198256],[132.6740081,32.8404328],[132.6568458,32.8542586],[132.696275,32.8868281],[132.7225015,32.8810274],[132.7038728,32.8961372],[132.7219483,32.89888],[132.7082569,32.9259596],[132.6555329,32.9252013]]]}},{"type":"Feature","properties":{"forecastAreaCode":"712","name":"有明・八代海","officialBoundary":true},"geometry":{"type":"MultiLineString","coordinates":[[[130.3607904,32.1686099],[130.360406,32.1823228],[130.3794066,32.1784477],[130.3712881,32.2015546],[130.4021891,32.2352638],[130.4348204,32.2331349],[130.4241494,32.2499553],[130.4507378,32.2722581],[130.4487605,32.2876551],[130.4658541,32.2771355],[130.4642951,32.2956574],[130.4775972,32.286958],[130.4907989,32.2987911],[130.4703308,32.3005051],[130.4650371,32.3262396],[130.5071073,32.3537854],[130.4886166,32.3663852],[130.5754397,32.4341982],[130.5649504,32.4760008],[130.542495,32.4845435],[130.5651384,32.5054376],[130.5325637,32.5227704],[130.5725893,32.5074749],[130.5361561,32.5258571],[130.5438369,32.5382377],[130.562398,32.5379051],[130.633995,32.6034011],[130.6178464,32.6191344],[130.6538942,32.6128361],[130.6614344,32.6319289],[130.6516484,32.6426243],[130.4593718,32.6073084],[130.4617944,32.6343075],[130.607043,32.7129869],[130.5976991,32.7763807],[130.613035,32.7972644],[130.5783732,32.8289164],[130.5844433,32.8419846],[130.5237098,32.8505846],[130.5232086,32.8809189],[130.4625954,32.9014437],[130.4613624,32.9196046],[130.4433969,32.9152854],[130.429683,32.9958693],[130.3966291,33.0000389],[130.4148627,33.0167059],[130.3920424,33.0044824],[130.4231066,33.0295442],[130.4253828,33.0528524],[130.4135195,33.0849734],[130.3875964,33.0953603],[130.3976637,33.1078619],[130.372579,33.1204197],[130.3733095,33.1412871],[130.2878146,33.1469186],[130.2518031,33.2028102],[130.1917272,33.1404196],[130.1493557,33.1123908],[130.1260586,33.1171846],[130.1291057,33.0918482],[130.1406589,33.0943758],[130.1822585,33.0305025],[130.1912033,32.9901547],[130.2247764,32.9721951],[130.2008139,32.9525854],[130.2018345,32.9290615],[130.1535796,32.8969797],[130.1952363,32.8481212],[130.248821,32.8770237],[130.3116226,32.8776094],[130.3410957,32.8551352],[130.3819381,32.778493],[130.3765464,32.7399798],[130.3456212,32.7085921],[130.3595038,32.6888469],[130.3432718,32.6684893],[130.2595877,32.6530956],[130.255301,32.6286934],[130.2079154,32.6044612]],[[130.3029983,32.3364683],[130.3001786,32.3211847],[130.3029983,32.3364683]],[[130.355293,32.352133],[130.3746472,32.3441323],[130.3489617,32.3150403],[130.3004114,32.3044083],[130.3306007,32.3127963],[130.3293303,32.3332381],[130.355293,32.352133]],[[130.3146089,32.3680253],[130.339245,32.3473147],[130.3098944,32.3393886],[130.3239917,32.3488367],[130.2992039,32.3577258],[130.3146089,32.3680253]],[[130.3506606,32.371861],[130.3489776,32.360552],[130.3506606,32.371861]],[[130.2357475,32.3806303],[130.2304886,32.3657419],[130.2357475,32.3806303]],[[130.3244685,32.3820879],[130.3190778,32.3706205],[130.3244685,32.3820879]],[[130.3443409,32.3923811],[130.3365529,32.3837939],[130.3443409,32.3923811]],[[130.4,32.3941784],[130.4072236,32.3870001],[130.4,32.3941784]],[[130.4150839,32.3994296],[130.4367301,32.3821188],[130.419489,32.367098],[130.4150839,32.3994296]],[[130.1972464,32.5035101],[130.2085985,32.4723101],[130.1969743,32.4585001],[130.2169925,32.4209314],[130.193297,32.3878735],[130.2193933,32.3925465],[130.2256548,32.3681917],[130.2044053,32.3251472],[130.1726936,32.3104828],[130.1762708,32.3394989],[130.1539961,32.3218385]],[[130.4606659,32.5302922],[130.4063129,32.4352034],[130.4239672,32.4325072],[130.4021339,32.4269624],[130.4040169,32.3944379],[130.3804488,32.3823859],[130.3520333,32.3787988],[130.349375,32.4217169],[130.3293419,32.3979133],[130.2862103,32.3973253],[130.2745555,32.4123479],[130.2341142,32.3851006],[130.2461149,32.4084192],[130.2235617,32.4131519],[130.2053281,32.4424089],[130.2911851,32.4843399],[130.3197796,32.5192179],[130.3672622,32.5280031],[130.37007,32.5128508],[130.3846172,32.5243381],[130.3946812,32.5000178],[130.4175835,32.524627],[130.4606659,32.5302922]],[[130.4036437,32.5440685],[130.3940706,32.5396366],[130.4036437,32.5440685]],[[130.4111959,32.5476431],[130.42885,32.5409798],[130.4111959,32.5476431]],[[130.3897308,32.5867961],[130.3801915,32.5818917],[130.3897308,32.5867961]],[[130.4734953,32.5878075],[130.4873906,32.5704552],[130.4638549,32.5393845],[130.4605455,32.57446],[130.4734953,32.5878075]],[[130.4934672,32.6097308],[130.5119294,32.5963299],[130.4888303,32.5760386],[130.4944806,32.5873631],[130.4735275,32.6039017],[130.4934672,32.6097308]],[[130.4431459,32.6258658],[130.4581054,32.6140245],[130.4408102,32.6017592],[130.4599251,32.5888009],[130.4422809,32.5718847],[130.4532575,32.5538122],[130.4051576,32.550771],[130.4195096,32.5750583],[130.3943199,32.5907139],[130.4431459,32.6258658]],[[130.575,32.7561566],[130.5919025,32.7576989],[130.575,32.7561566]],[[130.5929728,32.7686737],[130.5730415,32.762809],[130.5929728,32.7686737]],[[130.606653,32.7905687],[130.5986061,32.7966942],[130.606653,32.7905687]],[[130.2239758,32.9582728],[130.2125582,32.9546975],[130.2239758,32.9582728]]]}}]}